{
	"name": "fwx_mr_gr_manually",
	"properties": {
		"activities": [
			{
				"name": "execute_pln_sch_ongoing_fwx_mr",
				"type": "ExecutePipeline",
				"dependsOn": [],
				"policy": {
					"secureInput": false
				},
				"userProperties": [],
				"typeProperties": {
					"pipeline": {
						"referenceName": "pln_sch_ongoing_fwx_mr",
						"type": "PipelineReference"
					},
					"waitOnCompletion": true,
					"parameters": {
						"plnPar_ScheduleName": {
							"value": "@pipeline().parameters.plnPar_ScheduleName_FWX_MR",
							"type": "Expression"
						}
					}
				}
			},
			{
				"name": "lkp-update next rundate",
				"type": "Lookup",
				"dependsOn": [
					{
						"activity": "execute_pln_sch_ongoing_fwx_mr",
						"dependencyConditions": [
							"Succeeded"
						]
					}
				],
				"policy": {
					"timeout": "0.12:00:00",
					"retry": 0,
					"retryIntervalInSeconds": 30,
					"secureOutput": false,
					"secureInput": false
				},
				"userProperties": [],
				"typeProperties": {
					"source": {
						"type": "AzureSqlSource",
						"sqlReaderQuery": "DECLARE @DATE DATE;\r\nSET @DATE = getdate() AT TIME ZONE 'Pacific Standard Time';\r\n\r\nUPDATE mgmt.schedule set next_run_dt = @DATE\r\nWHERE schedule_nm in ('EDW_Daily_FWX_GR');\r\n\r\nSELECT next_run_dt,schedule_nm\r\nFROM mgmt.schedule\r\nWHERE schedule_nm in ('EDW_Daily_FWX_GR');",
						"queryTimeout": "02:00:00",
						"partitionOption": "None"
					},
					"dataset": {
						"referenceName": "ds_asqldb_edw_table",
						"type": "DatasetReference",
						"parameters": {
							"dsPar_SchemaName": "mgmt",
							"dsPar_TableName": "schedule"
						}
					}
				}
			},
			{
				"name": "Execute Pipeline1",
				"type": "ExecutePipeline",
				"dependsOn": [
					{
						"activity": "lkp-update next rundate",
						"dependencyConditions": [
							"Succeeded"
						]
					}
				],
				"policy": {
					"secureInput": false
				},
				"userProperties": [],
				"typeProperties": {
					"pipeline": {
						"referenceName": "pln_sch_ongoing_fwx_gr",
						"type": "PipelineReference"
					},
					"waitOnCompletion": true,
					"parameters": {
						"plnPar_ScheduleName": {
							"value": "@pipeline().parameters.plnPar_ScheduleName_FWX_GR",
							"type": "Expression"
						}
					}
				}
			}
		],
		"parameters": {
			"plnPar_ScheduleName_FWX_MR": {
				"type": "string",
				"defaultValue": "EDW_Daily_FWX_MR"
			},
			"plnPar_ScheduleName_FWX_GR": {
				"type": "string",
				"defaultValue": "EDW_Daily_FWX_GR"
			}
		},
		"folder": {
			"name": "11 - Orchestration/schedule/02 - ongoing"
		},
		"annotations": [],
		"lastPublishTime": "2024-09-23T15:39:43Z"
	},
	"type": "Microsoft.DataFactory/factories/pipelines"
}