{
	"name": "mr_gr_manually",
	"properties": {
		"activities": [
			{
				"name": "pln_run_schedule - mr - ongoing",
				"type": "ExecutePipeline",
				"dependsOn": [],
				"policy": {
					"secureInput": false
				},
				"userProperties": [],
				"typeProperties": {
					"pipeline": {
						"referenceName": "pln_sch_ongoing_mr",
						"type": "PipelineReference"
					},
					"waitOnCompletion": true,
					"parameters": {
						"plnPar_ScheduleName": {
							"value": "@pipeline().parameters.plnPar_ScheduleName_MR",
							"type": "Expression"
						}
					}
				}
			},
			{
				"name": "pln_run_schedule - gr - ongoing",
				"type": "ExecutePipeline",
				"dependsOn": [
					{
						"activity": "pln_run_schedule - mr - ongoing",
						"dependencyConditions": [
							"Succeeded"
						]
					}
				],
				"policy": {
					"secureInput": false
				},
				"userProperties": [],
				"typeProperties": {
					"pipeline": {
						"referenceName": "pln_sch_ongoing_gr",
						"type": "PipelineReference"
					},
					"waitOnCompletion": true,
					"parameters": {
						"plnPar_ScheduleName": {
							"value": "@pipeline().parameters.plnPar_ScheduleName_GR",
							"type": "Expression"
						}
					}
				}
			}
		],
		"parameters": {
			"plnPar_ScheduleName_MR": {
				"type": "string",
				"defaultValue": "EDW_Daily_MR"
			},
			"plnPar_ScheduleName_GR": {
				"type": "string",
				"defaultValue": "EDW_Daily_GR"
			}
		},
		"folder": {
			"name": "11 - Orchestration/schedule/02 - ongoing"
		},
		"annotations": [],
		"lastPublishTime": "2024-09-23T15:39:43Z"
	},
	"type": "Microsoft.DataFactory/factories/pipelines"
}