{
	"name": "pln_bal_chk_emp_mr_ncino_cp",
	"properties": {
		"activities": [
			{
				"name": "LookupSrcTgtInfo",
				"type": "Lookup",
				"dependsOn": [
					{
						"activity": "Set variable CurrentBusinessDate",
						"dependencyConditions": [
							"Succeeded"
						]
					}
				],
				"policy": {
					"timeout": "0.12:00:00",
					"retry": 0,
					"retryIntervalInSeconds": 30,
					"secureOutput": false,
					"secureInput": false
				},
				"userProperties": [],
				"typeProperties": {
					"source": {
						"type": "SqlMISource",
						"sqlReaderQuery": {
							"value": "@concat(\n'SELECT balance_check_sk, source_server_nm, source_database_nm, source_connection_txt, target_server_nm, target_database_nm, target_connection_txt, source_query_txt, target_query_txt\nFROM mgmt.balance_check\nwhere balance_check_nm = ''',\npipeline().parameters.plnPar_BalCKName,\n''''\n)",
							"type": "Expression"
						},
						"partitionOption": "None"
					},
					"dataset": {
						"referenceName": "ds_asqlmi_table_dynmc",
						"type": "DatasetReference",
						"parameters": {
							"dsPar_SchemaName": "mgmt",
							"dsPar_TableName": "any",
							"dsPar_ServerConnection": {
								"value": "@pipeline().parameters.plnPar_BalCKConn",
								"type": "Expression"
							},
							"dsPar_DatabaseName": {
								"value": "@pipeline().parameters.plnPar_BalCKDBName",
								"type": "Expression"
							}
						}
					}
				}
			},
			{
				"name": "Set variable Src Conn",
				"type": "SetVariable",
				"dependsOn": [
					{
						"activity": "LookupSrcTgtInfo",
						"dependencyConditions": [
							"Succeeded"
						]
					}
				],
				"policy": {
					"secureOutput": false,
					"secureInput": false
				},
				"userProperties": [],
				"typeProperties": {
					"variableName": "plnVar_SrcConn",
					"value": {
						"value": "@activity('LookupSrcTgtInfo').output.firstRow.source_connection_txt",
						"type": "Expression"
					}
				}
			},
			{
				"name": "Set variable src query str",
				"type": "SetVariable",
				"dependsOn": [
					{
						"activity": "LookupSrcTgtInfo",
						"dependencyConditions": [
							"Succeeded"
						]
					}
				],
				"policy": {
					"secureOutput": false,
					"secureInput": false
				},
				"userProperties": [],
				"typeProperties": {
					"variableName": "plnVar_SrcQueryStr",
					"value": {
						"value": "@activity('LookupSrcTgtInfo').output.firstRow.source_query_txt",
						"type": "Expression"
					}
				}
			},
			{
				"name": "Set variable Tgt Conn",
				"type": "SetVariable",
				"dependsOn": [
					{
						"activity": "LookupSrcTgtInfo",
						"dependencyConditions": [
							"Succeeded"
						]
					}
				],
				"policy": {
					"secureOutput": false,
					"secureInput": false
				},
				"userProperties": [],
				"typeProperties": {
					"variableName": "plnVar_TgtConn",
					"value": {
						"value": "@activity('LookupSrcTgtInfo').output.firstRow.target_connection_txt",
						"type": "Expression"
					}
				}
			},
			{
				"name": "Set variable tgt query str",
				"type": "SetVariable",
				"dependsOn": [
					{
						"activity": "LookupSrcTgtInfo",
						"dependencyConditions": [
							"Succeeded"
						]
					}
				],
				"policy": {
					"secureOutput": false,
					"secureInput": false
				},
				"userProperties": [],
				"typeProperties": {
					"variableName": "plnVar_TgtQueryStr",
					"value": {
						"value": "@activity('LookupSrcTgtInfo').output.firstRow.target_query_txt",
						"type": "Expression"
					}
				}
			},
			{
				"name": "Set Src Work Table",
				"type": "SetVariable",
				"dependsOn": [
					{
						"activity": "Set variable src query str",
						"dependencyConditions": [
							"Succeeded"
						]
					},
					{
						"activity": "Set variable Src Conn",
						"dependencyConditions": [
							"Succeeded"
						]
					}
				],
				"policy": {
					"secureOutput": false,
					"secureInput": false
				},
				"userProperties": [],
				"typeProperties": {
					"variableName": "plnVar_SrcWorkTable",
					"value": {
						"value": "@concat(\n    'work_src_tmp_', pipeline().RunId\n)",
						"type": "Expression"
					}
				}
			},
			{
				"name": "Set Tgt Work Table",
				"type": "SetVariable",
				"dependsOn": [
					{
						"activity": "Set variable Tgt Conn",
						"dependencyConditions": [
							"Succeeded"
						]
					},
					{
						"activity": "Set variable tgt query str",
						"dependencyConditions": [
							"Succeeded"
						]
					}
				],
				"policy": {
					"secureOutput": false,
					"secureInput": false
				},
				"userProperties": [],
				"typeProperties": {
					"variableName": "plnVar_TgtWorkTable",
					"value": {
						"value": "@concat(\n    'work_tgt_tmp_', pipeline().RunId\n)",
						"type": "Expression"
					}
				}
			},
			{
				"name": "Copy Src to Tmp Table",
				"type": "Copy",
				"dependsOn": [
					{
						"activity": "Set Src Work Table",
						"dependencyConditions": [
							"Succeeded"
						]
					}
				],
				"policy": {
					"timeout": "0.12:00:00",
					"retry": 0,
					"retryIntervalInSeconds": 30,
					"secureOutput": false,
					"secureInput": false
				},
				"userProperties": [],
				"typeProperties": {
					"source": {
						"type": "SqlServerSource",
						"sqlReaderQuery": {
							"value": "@variables('plnVar_SrcQueryStr')",
							"type": "Expression"
						},
						"queryTimeout": "02:00:00",
						"partitionOption": "None"
					},
					"sink": {
						"type": "SqlMISink",
						"writeBehavior": "insert",
						"sqlWriterUseTableLock": false,
						"tableOption": "autoCreate"
					},
					"enableStaging": false,
					"translator": {
						"type": "TabularTranslator",
						"typeConversion": true,
						"typeConversionSettings": {
							"allowDataTruncation": true,
							"treatBooleanAsNumber": false
						}
					}
				},
				"inputs": [
					{
						"referenceName": "ds_sqlsvr_table_dynmc",
						"type": "DatasetReference",
						"parameters": {
							"dsPar_Schema": "dbo",
							"dsPar_Table": "any",
							"dsPar_ConnStr": {
								"value": "@variables('plnVar_SrcConn')",
								"type": "Expression"
							}
						}
					}
				],
				"outputs": [
					{
						"referenceName": "ds_asqlmi_table_dynmc",
						"type": "DatasetReference",
						"parameters": {
							"dsPar_SchemaName": "work",
							"dsPar_TableName": {
								"value": "@variables('plnVar_SrcWorkTable')",
								"type": "Expression"
							},
							"dsPar_ServerConnection": {
								"value": "@pipeline().parameters.plnPar_BalCKConn",
								"type": "Expression"
							},
							"dsPar_DatabaseName": {
								"value": "@pipeline().parameters.plnPar_BalCKDBName",
								"type": "Expression"
							}
						}
					}
				]
			},
			{
				"name": "Copy Tgt to Tmp Table",
				"type": "Copy",
				"dependsOn": [
					{
						"activity": "Set Tgt Work Table",
						"dependencyConditions": [
							"Succeeded"
						]
					}
				],
				"policy": {
					"timeout": "0.12:00:00",
					"retry": 0,
					"retryIntervalInSeconds": 30,
					"secureOutput": false,
					"secureInput": false
				},
				"userProperties": [],
				"typeProperties": {
					"source": {
						"type": "SqlServerSource",
						"sqlReaderQuery": {
							"value": "@variables('plnVar_TgtQueryStr')",
							"type": "Expression"
						},
						"queryTimeout": "02:00:00",
						"partitionOption": "None"
					},
					"sink": {
						"type": "SqlMISink",
						"writeBehavior": "insert",
						"sqlWriterUseTableLock": false,
						"tableOption": "autoCreate"
					},
					"enableStaging": false,
					"translator": {
						"type": "TabularTranslator",
						"typeConversion": true,
						"typeConversionSettings": {
							"allowDataTruncation": true,
							"treatBooleanAsNumber": false
						}
					}
				},
				"inputs": [
					{
						"referenceName": "ds_sqlsvr_table_dynmc",
						"type": "DatasetReference",
						"parameters": {
							"dsPar_Schema": "dbo",
							"dsPar_Table": "any",
							"dsPar_ConnStr": {
								"value": "@variables('plnVar_TgtConn')",
								"type": "Expression"
							}
						}
					}
				],
				"outputs": [
					{
						"referenceName": "ds_asqlmi_table_dynmc",
						"type": "DatasetReference",
						"parameters": {
							"dsPar_SchemaName": "work",
							"dsPar_TableName": {
								"value": "@variables('plnVar_TgtWorkTable')",
								"type": "Expression"
							},
							"dsPar_ServerConnection": {
								"value": "@pipeline().parameters.plnPar_BalCKConn",
								"type": "Expression"
							},
							"dsPar_DatabaseName": {
								"value": "@pipeline().parameters.plnPar_BalCKDBName",
								"type": "Expression"
							}
						}
					}
				]
			},
			{
				"name": "Lookup Src Total",
				"type": "Lookup",
				"dependsOn": [
					{
						"activity": "Copy Src to Tmp Table",
						"dependencyConditions": [
							"Succeeded"
						]
					}
				],
				"policy": {
					"timeout": "0.12:00:00",
					"retry": 0,
					"retryIntervalInSeconds": 30,
					"secureOutput": false,
					"secureInput": false
				},
				"userProperties": [],
				"typeProperties": {
					"source": {
						"type": "SqlMISource",
						"sqlReaderQuery": {
							"value": "@concat(\n    'select count(AccountNumber) as total_accts, sum(EmpowerPrincipalBalance) as total_balance from work.[',\n    variables('plnVar_SrcWorkTable'), ']'\n)",
							"type": "Expression"
						},
						"partitionOption": "None"
					},
					"dataset": {
						"referenceName": "ds_asqlmi_table_dynmc",
						"type": "DatasetReference",
						"parameters": {
							"dsPar_SchemaName": "work",
							"dsPar_TableName": "any",
							"dsPar_ServerConnection": {
								"value": "@pipeline().parameters.plnPar_BalCKConn",
								"type": "Expression"
							},
							"dsPar_DatabaseName": {
								"value": "@pipeline().parameters.plnPar_BalCKDBName",
								"type": "Expression"
							}
						}
					}
				}
			},
			{
				"name": "Lookup Tgt Total",
				"type": "Lookup",
				"dependsOn": [
					{
						"activity": "Copy Tgt to Tmp Table",
						"dependencyConditions": [
							"Succeeded"
						]
					}
				],
				"policy": {
					"timeout": "0.12:00:00",
					"retry": 0,
					"retryIntervalInSeconds": 30,
					"secureOutput": false,
					"secureInput": false
				},
				"userProperties": [],
				"typeProperties": {
					"source": {
						"type": "SqlMISource",
						"sqlReaderQuery": {
							"value": "@concat(\n    'select count(AccountNumber) as total_accts, sum(AgWorxPrincipalBalance) as total_balance from work.[',\n    variables('plnVar_TgtWorkTable'), ']'\n)",
							"type": "Expression"
						},
						"partitionOption": "None"
					},
					"dataset": {
						"referenceName": "ds_asqlmi_table_dynmc",
						"type": "DatasetReference",
						"parameters": {
							"dsPar_SchemaName": "work",
							"dsPar_TableName": "any",
							"dsPar_ServerConnection": {
								"value": "@pipeline().parameters.plnPar_BalCKConn",
								"type": "Expression"
							},
							"dsPar_DatabaseName": {
								"value": "@pipeline().parameters.plnPar_BalCKDBName",
								"type": "Expression"
							}
						}
					}
				}
			},
			{
				"name": "Set variable src total accts",
				"type": "SetVariable",
				"dependsOn": [
					{
						"activity": "Lookup Src Total",
						"dependencyConditions": [
							"Succeeded"
						]
					}
				],
				"policy": {
					"secureOutput": false,
					"secureInput": false
				},
				"userProperties": [],
				"typeProperties": {
					"variableName": "plnVar_SrcAcctCount",
					"value": {
						"value": "@string(activity('Lookup Src Total').output.firstRow.total_accts)",
						"type": "Expression"
					}
				}
			},
			{
				"name": "Set variable src total balance",
				"type": "SetVariable",
				"dependsOn": [
					{
						"activity": "Lookup Src Total",
						"dependencyConditions": [
							"Succeeded"
						]
					}
				],
				"policy": {
					"secureOutput": false,
					"secureInput": false
				},
				"userProperties": [],
				"typeProperties": {
					"variableName": "plnVar_SrcTotalBalance",
					"value": {
						"value": "@string(activity('Lookup Src Total').output.firstRow.total_balance)",
						"type": "Expression"
					}
				}
			},
			{
				"name": "Set variable tgt total accts",
				"type": "SetVariable",
				"dependsOn": [
					{
						"activity": "Lookup Tgt Total",
						"dependencyConditions": [
							"Succeeded"
						]
					}
				],
				"policy": {
					"secureOutput": false,
					"secureInput": false
				},
				"userProperties": [],
				"typeProperties": {
					"variableName": "plnVar_TgtAcctCount",
					"value": {
						"value": "@string(activity('Lookup Tgt Total').output.firstRow.total_accts)",
						"type": "Expression"
					}
				}
			},
			{
				"name": "Set variable tgt total balance",
				"type": "SetVariable",
				"dependsOn": [
					{
						"activity": "Lookup Tgt Total",
						"dependencyConditions": [
							"Succeeded"
						]
					}
				],
				"policy": {
					"secureOutput": false,
					"secureInput": false
				},
				"userProperties": [],
				"typeProperties": {
					"variableName": "plnVar_TgtTotalBalance",
					"value": {
						"value": "@string(activity('Lookup Tgt Total').output.firstRow.total_balance)",
						"type": "Expression"
					}
				}
			},
			{
				"name": "Lookup unmatched records",
				"type": "Lookup",
				"dependsOn": [
					{
						"activity": "Set variable src total accts",
						"dependencyConditions": [
							"Succeeded"
						]
					},
					{
						"activity": "Set variable src total balance",
						"dependencyConditions": [
							"Succeeded"
						]
					},
					{
						"activity": "Set variable tgt total accts",
						"dependencyConditions": [
							"Succeeded"
						]
					},
					{
						"activity": "Set variable tgt total balance",
						"dependencyConditions": [
							"Succeeded"
						]
					},
					{
						"activity": "Set variable balance check sk",
						"dependencyConditions": [
							"Succeeded"
						]
					}
				],
				"policy": {
					"timeout": "0.12:00:00",
					"retry": 0,
					"retryIntervalInSeconds": 30,
					"secureOutput": false,
					"secureInput": false
				},
				"userProperties": [],
				"typeProperties": {
					"source": {
						"type": "SqlMISource",
						"sqlReaderQuery": {
							"value": "@concat(\n'select isNULL((\n\tselect \n\t\tEmPOWER_AccountNumber,\n\t\tEmpower_PrincipalBalance,\n\t\tnCino_AccountNumber,\n\t\tnCino_PrincipalBalance\n\t\tfrom (\n\t\tselect isNULL(s.AccountNumber, ''NA'') AS EmPOWER_AccountNumber, \n\t\tisNULL(cast(EmpowerPrincipalBalance as varchar), ''0.00'') AS Empower_PrincipalBalance, \n\t\tisNULL(t.AccountNumber, ''NA'') AS nCino_AccountNumber,\n\t\tisNULL(cast(AgWorxPrincipalBalance as varchar), ''0.00'') AS nCino_PrincipalBalance\n\t\tfrom [work].[',\n        variables('plnVar_SrcWorkTable'), '] s ',\n\t\t'full join [work].[',\n        variables('plnVar_TgtWorkTable'), '] t ',\n\t\t'on s.AccountNumber = t.AccountNumber\n\t) st\n\twhere \n\t((EmPOWER_AccountNumber = nCino_AccountNumber and Empower_PrincipalBalance != nCino_PrincipalBalance)\n\tor (EmPOWER_AccountNumber != ''NA'' and nCino_AccountNumber = ''NA'')\n\tor (EmPOWER_AccountNumber = ''NA'' and nCino_AccountNumber != ''NA''))\n\tFOR JSON AUTO\n), ''MATCH'') as RESULT'\n)",
							"type": "Expression"
						},
						"partitionOption": "None"
					},
					"dataset": {
						"referenceName": "ds_asqlmi_table_dynmc",
						"type": "DatasetReference",
						"parameters": {
							"dsPar_SchemaName": "work",
							"dsPar_TableName": "any",
							"dsPar_ServerConnection": {
								"value": "@pipeline().parameters.plnPar_BalCKConn",
								"type": "Expression"
							},
							"dsPar_DatabaseName": {
								"value": "@pipeline().parameters.plnPar_BalCKDBName",
								"type": "Expression"
							}
						}
					}
				}
			},
			{
				"name": "Set variable unmatch result",
				"type": "SetVariable",
				"dependsOn": [
					{
						"activity": "Lookup unmatched records",
						"dependencyConditions": [
							"Succeeded"
						]
					}
				],
				"policy": {
					"secureOutput": false,
					"secureInput": false
				},
				"userProperties": [],
				"typeProperties": {
					"variableName": "plnVar_UnmatchResult",
					"value": {
						"value": "@activity('Lookup unmatched records').output.firstRow.RESULT",
						"type": "Expression"
					}
				}
			},
			{
				"name": "Set variable balance status",
				"type": "SetVariable",
				"dependsOn": [
					{
						"activity": "Set variable unmatch result",
						"dependencyConditions": [
							"Succeeded"
						]
					}
				],
				"policy": {
					"secureOutput": false,
					"secureInput": false
				},
				"userProperties": [],
				"typeProperties": {
					"variableName": "plnVar_BalanceStatus",
					"value": {
						"value": "@if(equals(variables('plnVar_UnmatchResult'), 'MATCH'), 'B', 'N')",
						"type": "Expression"
					}
				}
			},
			{
				"name": "ScriptSaveResults",
				"type": "Script",
				"dependsOn": [
					{
						"activity": "Set variable balance status",
						"dependencyConditions": [
							"Succeeded"
						]
					},
					{
						"activity": "Set variable src result",
						"dependencyConditions": [
							"Succeeded"
						]
					},
					{
						"activity": "Set variable tgt result",
						"dependencyConditions": [
							"Succeeded"
						]
					}
				],
				"policy": {
					"timeout": "0.12:00:00",
					"retry": 0,
					"retryIntervalInSeconds": 30,
					"secureOutput": false,
					"secureInput": false
				},
				"userProperties": [],
				"linkedServiceName": {
					"referenceName": "lnks_asqlmi_db",
					"type": "LinkedServiceReference",
					"parameters": {
						"lnksPar_SqlMI_Server": {
							"value": "@pipeline().parameters.plnPar_BalCKConn",
							"type": "Expression"
						},
						"lnksPar_Database": {
							"value": "@pipeline().parameters.plnPar_BalCKDBName",
							"type": "Expression"
						}
					}
				},
				"typeProperties": {
					"scripts": [
						{
							"type": "Query",
							"text": {
								"value": "@concat(\n'insert into [mgmt].[balance_result] (\nbalance_check_sk, \nbalance_check_status_cd, \nbalance_result_status_ts,\nsource_business_date,\nsource_record_cnt, \nsource_element_total_amt,\ntarget_business_date,\ntarget_record_cnt, \ntarget_element_total_amt,\nsource_result_txt,\ntarget_result_txt,\nsource_target_unmatch_txt\n) \nvalues (',\nvariables('plnVar_BalanceCKSK'), ',''',\nvariables('plnVar_BalanceStatus'), ''',',\n'getdate(), ',\n'convert(datetime,''',variables('plnVar_CurrBusinessDate'),''', 102), ',\nvariables('plnVar_SrcAcctCount'),',',\nvariables('plnVar_SrcTotalBalance'),',',\n'convert(datetime,''',variables('plnVar_CurrBusinessDate'),''', 102), ',\nvariables('plnVar_TgtAcctCount'),',',\nvariables('plnVar_TgtTotalBalance'),',''',\nvariables('plnVar_SrcResult'),''',''',\nvariables('plnVar_TgtResult'),''',''',\nvariables('plnVar_UnmatchResult'),''')'\n)",
								"type": "Expression"
							}
						}
					],
					"scriptBlockExecutionTimeout": "02:00:00"
				}
			},
			{
				"name": "ScriptDropTempTables",
				"type": "Script",
				"dependsOn": [
					{
						"activity": "ScriptSaveResults",
						"dependencyConditions": [
							"Succeeded"
						]
					}
				],
				"policy": {
					"timeout": "0.12:00:00",
					"retry": 0,
					"retryIntervalInSeconds": 30,
					"secureOutput": false,
					"secureInput": false
				},
				"userProperties": [],
				"linkedServiceName": {
					"referenceName": "lnks_asqlmi_db",
					"type": "LinkedServiceReference",
					"parameters": {
						"lnksPar_SqlMI_Server": {
							"value": "@pipeline().parameters.plnPar_BalCKConn",
							"type": "Expression"
						},
						"lnksPar_Database": {
							"value": "@pipeline().parameters.plnPar_BalCKDBName",
							"type": "Expression"
						}
					}
				},
				"typeProperties": {
					"scripts": [
						{
							"type": "Query",
							"text": {
								"value": "@concat(\n'DROP TABLE work.[', variables('plnVar_SrcWorkTable'),\n']; ',\n'DROP TABLE work.[', variables('plnVar_TgtWorkTable'),\n'];'\n)",
								"type": "Expression"
							}
						}
					],
					"scriptBlockExecutionTimeout": "02:00:00"
				}
			},
			{
				"name": "Set variable balance check sk",
				"type": "SetVariable",
				"dependsOn": [
					{
						"activity": "LookupSrcTgtInfo",
						"dependencyConditions": [
							"Succeeded"
						]
					}
				],
				"policy": {
					"secureOutput": false,
					"secureInput": false
				},
				"userProperties": [],
				"typeProperties": {
					"variableName": "plnVar_BalanceCKSK",
					"value": {
						"value": "@string(activity('LookupSrcTgtInfo').output.firstRow.balance_check_sk)",
						"type": "Expression"
					}
				}
			},
			{
				"name": "Lookup curr business date",
				"description": "looking for current business date from MR PROD",
				"type": "Lookup",
				"dependsOn": [],
				"policy": {
					"timeout": "0.12:00:00",
					"retry": 0,
					"retryIntervalInSeconds": 30,
					"secureOutput": false,
					"secureInput": false
				},
				"userProperties": [],
				"typeProperties": {
					"source": {
						"type": "SqlServerSource",
						"sqlReaderQuery": "SELECT DateIDInternal, convert(varchar(20),Date,23) AS CurrentBusinessDate \r\nfrom dbo.Dates_XRef where LiteralDate =  'Current Business Day'",
						"queryTimeout": "02:00:00",
						"partitionOption": "None"
					},
					"dataset": {
						"referenceName": "ds_sqldb_mr_table",
						"type": "DatasetReference",
						"parameters": {
							"dsPar_dbSchemaName": "dbo",
							"dsPar_dbTableName": "any",
							"dsPar_dbAKVConnectionName": "KVS-EDW-SQLDB-PROD-CONNSTR-MRDATAMART"
						}
					}
				}
			},
			{
				"name": "Set variable CurrentBusinessDate",
				"type": "SetVariable",
				"dependsOn": [
					{
						"activity": "Lookup curr business date",
						"dependencyConditions": [
							"Succeeded"
						]
					}
				],
				"policy": {
					"secureOutput": false,
					"secureInput": false
				},
				"userProperties": [],
				"typeProperties": {
					"variableName": "plnVar_CurrBusinessDate",
					"value": {
						"value": "@activity('Lookup curr business date').output.firstRow.CurrentBusinessDate",
						"type": "Expression"
					}
				}
			},
			{
				"name": "Lookup source result",
				"type": "Lookup",
				"dependsOn": [
					{
						"activity": "Set variable src total accts",
						"dependencyConditions": [
							"Succeeded"
						]
					},
					{
						"activity": "Set variable src total balance",
						"dependencyConditions": [
							"Succeeded"
						]
					},
					{
						"activity": "Set variable tgt total accts",
						"dependencyConditions": [
							"Succeeded"
						]
					},
					{
						"activity": "Set variable tgt total balance",
						"dependencyConditions": [
							"Succeeded"
						]
					},
					{
						"activity": "Set variable balance check sk",
						"dependencyConditions": [
							"Succeeded"
						]
					}
				],
				"policy": {
					"timeout": "0.12:00:00",
					"retry": 0,
					"retryIntervalInSeconds": 30,
					"secureOutput": false,
					"secureInput": false
				},
				"userProperties": [],
				"typeProperties": {
					"source": {
						"type": "SqlMISource",
						"sqlReaderQuery": {
							"value": "@concat(\n'SELECT (',\n'select ''', variables('plnVar_CurrBusinessDate'), ''' as Date , AccountNumber, isNULL(cast(EmpowerPrincipalBalance as varchar), ''0.00'') as AccountBalance ',\n'from [work].[',variables('plnVar_SrcWorkTable'),'] FOR JSON AUTO',\n') AS RESULT'\n)",
							"type": "Expression"
						},
						"partitionOption": "None"
					},
					"dataset": {
						"referenceName": "ds_asqlmi_table_dynmc",
						"type": "DatasetReference",
						"parameters": {
							"dsPar_SchemaName": "work",
							"dsPar_TableName": "any",
							"dsPar_ServerConnection": {
								"value": "@pipeline().parameters.plnPar_BalCKConn",
								"type": "Expression"
							},
							"dsPar_DatabaseName": {
								"value": "@pipeline().parameters.plnPar_BalCKDBName",
								"type": "Expression"
							}
						}
					}
				}
			},
			{
				"name": "Lookup target result",
				"type": "Lookup",
				"dependsOn": [
					{
						"activity": "Set variable src total accts",
						"dependencyConditions": [
							"Succeeded"
						]
					},
					{
						"activity": "Set variable src total balance",
						"dependencyConditions": [
							"Succeeded"
						]
					},
					{
						"activity": "Set variable tgt total accts",
						"dependencyConditions": [
							"Succeeded"
						]
					},
					{
						"activity": "Set variable tgt total balance",
						"dependencyConditions": [
							"Succeeded"
						]
					},
					{
						"activity": "Set variable balance check sk",
						"dependencyConditions": [
							"Succeeded"
						]
					}
				],
				"policy": {
					"timeout": "0.12:00:00",
					"retry": 0,
					"retryIntervalInSeconds": 30,
					"secureOutput": false,
					"secureInput": false
				},
				"userProperties": [],
				"typeProperties": {
					"source": {
						"type": "SqlMISource",
						"sqlReaderQuery": {
							"value": "@concat(\n'SELECT (',\n'select ''', variables('plnVar_CurrBusinessDate'), ''' as Date , AccountNumber, isNULL(cast(AgWorxPrincipalBalance as varchar), ''0.00'') as AccountBalance ',\n'from [work].[',variables('plnVar_TgtWorkTable'),'] FOR JSON AUTO',\n') AS RESULT'\n)",
							"type": "Expression"
						},
						"partitionOption": "None"
					},
					"dataset": {
						"referenceName": "ds_asqlmi_table_dynmc",
						"type": "DatasetReference",
						"parameters": {
							"dsPar_SchemaName": "work",
							"dsPar_TableName": "any",
							"dsPar_ServerConnection": {
								"value": "@pipeline().parameters.plnPar_BalCKConn",
								"type": "Expression"
							},
							"dsPar_DatabaseName": {
								"value": "@pipeline().parameters.plnPar_BalCKDBName",
								"type": "Expression"
							}
						}
					}
				}
			},
			{
				"name": "Set variable src result",
				"type": "SetVariable",
				"dependsOn": [
					{
						"activity": "Lookup source result",
						"dependencyConditions": [
							"Succeeded"
						]
					}
				],
				"policy": {
					"secureOutput": false,
					"secureInput": false
				},
				"userProperties": [],
				"typeProperties": {
					"variableName": "plnVar_SrcResult",
					"value": {
						"value": "@activity('Lookup source result').output.firstRow.RESULT",
						"type": "Expression"
					}
				}
			},
			{
				"name": "Set variable tgt result",
				"type": "SetVariable",
				"dependsOn": [
					{
						"activity": "Lookup target result",
						"dependencyConditions": [
							"Succeeded"
						]
					}
				],
				"policy": {
					"secureOutput": false,
					"secureInput": false
				},
				"userProperties": [],
				"typeProperties": {
					"variableName": "plnVar_TgtResult",
					"value": {
						"value": "@activity('Lookup target result').output.firstRow.RESULT",
						"type": "Expression"
					}
				}
			}
		],
		"parameters": {
			"plnPar_BalCKConn": {
				"type": "string",
				"defaultValue": "nw-edw-d-usw-mi.public.3dbc2ecfe1bf.database.windows.net,3342"
			},
			"plnPar_BalCKDBName": {
				"type": "string",
				"defaultValue": "aw-validation-d-usw-sqldb"
			},
			"plnPar_BalCKName": {
				"type": "string",
				"defaultValue": "EmPOWER MR to nCino Completeness"
			}
		},
		"variables": {
			"plnVar_SrcConn": {
				"type": "String"
			},
			"plnVar_TgtConn": {
				"type": "String"
			},
			"plnVar_SrcQueryStr": {
				"type": "String"
			},
			"plnVar_TgtQueryStr": {
				"type": "String"
			},
			"plnVar_SrcWorkTable": {
				"type": "String"
			},
			"plnVar_TgtWorkTable": {
				"type": "String"
			},
			"plnVar_SrcAcctCount": {
				"type": "String"
			},
			"plnVar_TgtAcctCount": {
				"type": "String"
			},
			"plnVar_SrcTotalBalance": {
				"type": "String"
			},
			"plnVar_TgtTotalBalance": {
				"type": "String"
			},
			"plnVar_UnmatchResult": {
				"type": "String"
			},
			"plnVar_BalanceStatus": {
				"type": "String",
				"defaultValue": "N"
			},
			"plnVar_BalanceCKSK": {
				"type": "String"
			},
			"plnVar_CurrBusinessDate": {
				"type": "String"
			},
			"plnVar_SrcResult": {
				"type": "String"
			},
			"plnVar_TgtResult": {
				"type": "String"
			}
		},
		"folder": {
			"name": "Validation"
		},
		"annotations": [],
		"lastPublishTime": "2024-12-18T16:52:26Z"
	},
	"type": "Microsoft.DataFactory/factories/pipelines"
}