{
	"name": "pln_load_fact_gr_transaction_history_south",
	"properties": {
		"description": "This pipeline will load incremental data for pres_gr.fact_gr_transaction_history",
		"activities": [
			{
				"name": "lkp - get schedule task run details",
				"type": "Lookup",
				"dependsOn": [],
				"policy": {
					"timeout": "7.00:00:00",
					"retry": 0,
					"retryIntervalInSeconds": 30,
					"secureOutput": false,
					"secureInput": false
				},
				"userProperties": [],
				"typeProperties": {
					"source": {
						"type": "AzureSqlSource",
						"sqlReaderStoredProcedureName": "[mgmt].[usp_get_schedule_task_run_details]",
						"storedProcedureParameters": {
							"in_ScheduleTaskRunSk": {
								"type": "Int64",
								"value": {
									"value": "@pipeline().parameters.plnPar_ScheduleTaskRunSk",
									"type": "Expression"
								}
							}
						},
						"queryTimeout": "02:00:00",
						"partitionOption": "None"
					},
					"dataset": {
						"referenceName": "ds_asqldb_edw_table",
						"type": "DatasetReference",
						"parameters": {
							"dsPar_SchemaName": "dbo",
							"dsPar_TableName": "schedule_task_run"
						}
					},
					"firstRowOnly": true
				}
			},
			{
				"name": "exec - load pres - fact_gr_transaction_history",
				"type": "SqlServerStoredProcedure",
				"dependsOn": [
					{
						"activity": "lkp - get schedule task run details",
						"dependencyConditions": [
							"Succeeded"
						]
					}
				],
				"policy": {
					"timeout": "7.00:00:00",
					"retry": 0,
					"retryIntervalInSeconds": 30,
					"secureOutput": false,
					"secureInput": false
				},
				"userProperties": [],
				"typeProperties": {
					"storedProcedureName": "[pres_gr].[usp_load_fact_gr_transaction_history_south]",
					"storedProcedureParameters": {
						"in_ScheduleTaskRunSk": {
							"value": {
								"value": "@activity('lkp - get schedule task run details').output.firstRow.schedule_task_run_sk",
								"type": "Expression"
							},
							"type": "Int64"
						}
					}
				},
				"linkedServiceName": {
					"referenceName": "lnks_edw_asqldb_nwedw",
					"type": "LinkedServiceReference"
				}
			},
			{
				"name": "set var - error msg - fact load fail - gr trans hist",
				"type": "SetVariable",
				"dependsOn": [
					{
						"activity": "exec - load pres - fact_gr_transaction_history",
						"dependencyConditions": [
							"Failed"
						]
					}
				],
				"policy": {
					"secureOutput": false,
					"secureInput": false
				},
				"userProperties": [],
				"typeProperties": {
					"variableName": "plnVar_ErrorMessage",
					"value": {
						"value": "Stored procedure to load staging table failed. View pipeline run log for details",
						"type": "Expression"
					}
				}
			},
			{
				"name": "exec - pln - end task - fact gr trans hist",
				"type": "ExecutePipeline",
				"dependsOn": [
					{
						"activity": "set var - error msg - fact load fail - gr trans hist",
						"dependencyConditions": [
							"Succeeded"
						]
					}
				],
				"policy": {
					"secureInput": false
				},
				"userProperties": [],
				"typeProperties": {
					"pipeline": {
						"referenceName": "pln_orch_end_task",
						"type": "PipelineReference"
					},
					"waitOnCompletion": true,
					"parameters": {
						"plnPar_TaskApplicationRunIdTxt": {
							"value": "@concat('PLN_RUN_ID: ',pipeline().RunId ,' | PLN_NM: ',pipeline().Pipeline,' | DF_NM: ',pipeline().DataFactory)",
							"type": "Expression"
						},
						"plnPar_TaskRunStatusCd": "FAILED",
						"plnPar_TaskRunStatusDesc": {
							"value": "@variables('plnVar_ErrorMessage')",
							"type": "Expression"
						},
						"plnPar_ScheduleTaskRunSk": {
							"value": "@pipeline().parameters.plnPar_ScheduleTaskRunSk",
							"type": "Expression"
						}
					}
				}
			},
			{
				"name": "web - fail pipeline on error",
				"description": "This activity will fail the pipeline incase of any error",
				"type": "WebActivity",
				"dependsOn": [
					{
						"activity": "exec - pln - end task - fact gr trans hist",
						"dependencyConditions": [
							"Succeeded"
						]
					}
				],
				"policy": {
					"timeout": "7.00:00:00",
					"retry": 0,
					"retryIntervalInSeconds": 30,
					"secureOutput": false,
					"secureInput": false
				},
				"userProperties": [],
				"typeProperties": {
					"method": "GET",
					"url": "http://1=2",
					"connectVia": {
						"referenceName": "AutoResolveIntegrationRuntime",
						"type": "IntegrationRuntimeReference"
					}
				}
			}
		],
		"parameters": {
			"plnPar_ScheduleTaskRunSk": {
				"type": "string",
				"defaultValue": "2194"
			},
			"plnPar_ScheduleName": {
				"type": "string",
				"defaultValue": "EDW_Daily_FWX_GR"
			},
			"plnPar_BatchName": {
				"type": "string",
				"defaultValue": "FWX_GR_Presentation_Daily"
			},
			"plnPar_PhaseName": {
				"type": "string",
				"defaultValue": "Present"
			},
			"plnPar_TgtTableNm": {
				"type": "string",
				"defaultValue": "fact_gr_transaction_history"
			}
		},
		"variables": {
			"plnVar_ErrorMessage": {
				"type": "String"
			}
		},
		"folder": {
			"name": "41 - Presentation/FWX GoalReporting/Ongoing"
		},
		"annotations": [],
		"lastPublishTime": "2023-10-31T11:56:18Z"
	},
	"type": "Microsoft.DataFactory/factories/pipelines"
}