{
	"name": "pln_load_src_to_raw_ncino_initial",
	"properties": {
		"activities": [
			{
				"name": "set var - ncino get backup details query",
				"type": "SetVariable",
				"dependsOn": [],
				"policy": {
					"secureOutput": false,
					"secureInput": false
				},
				"userProperties": [],
				"typeProperties": {
					"variableName": "plnVar_nCinoBkpDetailsSql",
					"value": {
						"value": "@concat('select coalesce(schtr.[schedule_task_run_sk],0) as [schedule_task_run_sk]\n\t,coalesce(nbs.[session_id],'''') as [session_id]\n      ,coalesce([backup_id],0) as [backup_id]\n      ,coalesce([completed_at],convert(datetime,''1900-01-01'')) as [completed_at]\n      ,coalesce([download_added_link],'''') as [download_added_link]\n      ,[download_changed_link]\n      ,[download_link]\n      ,[download_removed_link]\n      ,[id]\n      ,[message]\n      ,coalesce([name],'''') as [name]\n      ,[num_api_calls]\n      ,coalesce([num_deleted_items],0) as [num_deleted_items]\n\t  ,coalesce([num_inserted_items],0) as [num_inserted_items]\n\t  ,coalesce([num_items],0) as [num_items]\n\t  ,coalesce([num_updated_items],0) as [num_updated_items]\n      ,[status]\n      ,nbo.[active_flg]\nfrom mgmt.schedule_task_run schtr\n\njoin mgmt.vw_task t\non schtr.task_sk = t.task_sk\n\njoin mgmt.vw_task par_t\non t.parent_task_sk = par_t.task_sk\n\njoin mgmt.schedule_task_run par_schtr\non schtr.schedule_run_sk = par_schtr.schedule_run_sk\nand par_t.task_sk = par_schtr.task_sk\n\njoin mgmt.entity_details_ncino_backup_session nbs\non par_schtr.schedule_task_run_sk = nbs.schedule_task_run_sk\n\njoin mgmt.entity_details_ncino_backup_objects nbo\non par_schtr.schedule_task_run_sk = nbo.schedule_task_run_sk\nand nbs.session_id = nbo.session_id\nand replace(schtr.src_entity_nm,''loan__cs_mon'',''loan__cs'') = nbo.name\nand nbo.active_flg = 1\n\njoin (select min(completed_at) as min_completed_at\nfrom mgmt.entity_details_ncino_backup_objects\nwhere schedule_task_run_sk =  ',pipeline().parameters.plnPar_parentScheduleTaskRunSk,') min_dt\non nbo.completed_at = min_dt.min_completed_at\n\nright join(select 1 as dummy) as d on 1=1\n\nwhere schtr.schedule_task_run_sk = ',pipeline().parameters.plnPar_ScheduleTaskRunSk,'\nor schtr.schedule_task_run_sk is null\norder by completed_at desc')",
						"type": "Expression"
					}
				}
			},
			{
				"name": "if - items exist",
				"type": "IfCondition",
				"dependsOn": [
					{
						"activity": "set var - raw file base name",
						"dependencyConditions": [
							"Succeeded"
						]
					}
				],
				"userProperties": [],
				"typeProperties": {
					"expression": {
						"value": "@greater(activity('lkp - get ncino object backup details').output.firstRow.num_items,0)",
						"type": "Expression"
					},
					"ifTrueActivities": [
						{
							"name": "copy - download object file - inserted recs",
							"type": "Copy",
							"dependsOn": [],
							"policy": {
								"timeout": "7.00:00:00",
								"retry": 3,
								"retryIntervalInSeconds": 30,
								"secureOutput": false,
								"secureInput": false
							},
							"userProperties": [],
							"typeProperties": {
								"source": {
									"type": "DelimitedTextSource",
									"storeSettings": {
										"type": "HttpReadSettings",
										"requestMethod": "GET",
										"additionalHeaders": {
											"value": "@{concat('x-session-id:', activity('lkp - get ncino object backup details').output.firstRow.session_id)}",
											"type": "Expression"
										},
										"requestTimeout": ""
									},
									"formatSettings": {
										"type": "DelimitedTextReadSettings"
									}
								},
								"sink": {
									"type": "DelimitedTextSink",
									"storeSettings": {
										"type": "AzureBlobFSWriteSettings",
										"copyBehavior": "MergeFiles"
									},
									"formatSettings": {
										"type": "DelimitedTextWriteSettings",
										"quoteAllText": true,
										"fileExtension": ".txt"
									}
								},
								"enableStaging": false,
								"enableSkipIncompatibleRow": true
							},
							"inputs": [
								{
									"referenceName": "ds_http_ownbkp_file",
									"type": "DatasetReference",
									"parameters": {
										"dsPar_RelativeURL": {
											"value": "@replace(activity('lkp - get ncino object backup details').output.firstRow.download_link,activity('lkp - get schedule task run details').output.firstRow.source_system_base_url,'')",
											"type": "Expression"
										},
										"dsPar_BaseURL": {
											"value": "@activity('lkp - get schedule task run details').output.firstRow.source_system_base_url",
											"type": "Expression"
										},
										"dsPar_Enconding": "UTF-8"
									}
								}
							],
							"outputs": [
								{
									"referenceName": "ds_adls_raw_file",
									"type": "DatasetReference",
									"parameters": {
										"dsPar_Container": {
											"value": "@pipeline().parameters.plnPar_ContainerName",
											"type": "Expression"
										},
										"dsPar_Folder": {
											"value": "@variables('plnVar_RawFolderName')",
											"type": "Expression"
										},
										"dsPar_File": {
											"value": "@concat(variables('plnVar_RawFileBaseName'), '_inserted.txt')",
											"type": "Expression"
										},
										"dsPar_Delim": {
											"value": "@pipeline().parameters.plnPar_SrcFileDelim",
											"type": "Expression"
										}
									}
								}
							]
						},
						{
							"name": "set var - actual row count temp - ins",
							"type": "SetVariable",
							"dependsOn": [
								{
									"activity": "copy - download object file - inserted recs",
									"dependencyConditions": [
										"Succeeded"
									]
								}
							],
							"policy": {
								"secureOutput": false,
								"secureInput": false
							},
							"userProperties": [],
							"typeProperties": {
								"variableName": "plnVar_ActualRowCntTemp",
								"value": {
									"value": "@variables('plnVar_ActualRowCnt')",
									"type": "Expression"
								}
							}
						},
						{
							"name": "set var - actual row count - ins",
							"type": "SetVariable",
							"dependsOn": [
								{
									"activity": "set var - actual row count temp - ins",
									"dependencyConditions": [
										"Succeeded"
									]
								}
							],
							"policy": {
								"secureOutput": false,
								"secureInput": false
							},
							"userProperties": [],
							"typeProperties": {
								"variableName": "plnVar_ActualRowCnt",
								"value": {
									"value": "@string(add(int(variables('plnVar_ActualRowCntTemp')), activity('copy - download object file - inserted recs').output.rowsCopied))",
									"type": "Expression"
								}
							}
						}
					]
				}
			},
			{
				"name": "set var - raw folder name",
				"description": "sets the variable for the raw folder name to the entity name and the date",
				"type": "SetVariable",
				"dependsOn": [
					{
						"activity": "set var - completed at str",
						"dependencyConditions": [
							"Succeeded"
						]
					}
				],
				"policy": {
					"secureOutput": false,
					"secureInput": false
				},
				"userProperties": [],
				"typeProperties": {
					"variableName": "plnVar_RawFolderName",
					"value": {
						"value": "@concat(activity('lkp - get schedule task run details').output.firstRow.src_system_abbrv_cd,'\\',activity('lkp - get schedule task run details').output.firstRow.src_entity_nm,'\\',replace(variables('plnVar_ScheduleRunDt'),'-','\\'))",
						"type": "Expression"
					}
				}
			},
			{
				"name": "set var - completed at str",
				"description": "sets the variable for the raw file name to the entity name  + the date",
				"type": "SetVariable",
				"dependsOn": [
					{
						"activity": "lkp - get ncino object backup details",
						"dependencyConditions": [
							"Succeeded"
						]
					},
					{
						"activity": "lkp - get schedule task run details",
						"dependencyConditions": [
							"Succeeded"
						]
					}
				],
				"policy": {
					"secureOutput": false,
					"secureInput": false
				},
				"userProperties": [],
				"typeProperties": {
					"variableName": "plnVar_ScheduleRunDt",
					"value": {
						"value": "@activity('lkp - get schedule task run details').output.firstRow.schedule_task_run_dt",
						"type": "Expression"
					}
				}
			},
			{
				"name": "lkp - get schedule task run details",
				"type": "Lookup",
				"dependsOn": [],
				"policy": {
					"timeout": "7.00:00:00",
					"retry": 0,
					"retryIntervalInSeconds": 30,
					"secureOutput": false,
					"secureInput": false
				},
				"userProperties": [],
				"typeProperties": {
					"source": {
						"type": "AzureSqlSource",
						"sqlReaderStoredProcedureName": "[mgmt].[usp_get_schedule_task_run_details]",
						"storedProcedureParameters": {
							"in_ScheduleTaskRunSk": {
								"type": "Int64",
								"value": {
									"value": "@pipeline().parameters.plnPar_ScheduleTaskRunSk",
									"type": "Expression"
								}
							}
						},
						"queryTimeout": "02:00:00",
						"partitionOption": "None"
					},
					"dataset": {
						"referenceName": "ds_asqldb_edw_table",
						"type": "DatasetReference",
						"parameters": {
							"dsPar_SchemaName": "dbo",
							"dsPar_TableName": "schedule_task_run"
						}
					},
					"firstRowOnly": true
				}
			},
			{
				"name": "set var - raw file base name",
				"description": "sets the variable for the raw file name to the entity name  + the date",
				"type": "SetVariable",
				"dependsOn": [
					{
						"activity": "lkp - get ncino object backup details",
						"dependencyConditions": [
							"Succeeded"
						]
					},
					{
						"activity": "lkp - get schedule task run details",
						"dependencyConditions": [
							"Succeeded"
						]
					},
					{
						"activity": "set var - raw folder name",
						"dependencyConditions": [
							"Succeeded"
						]
					}
				],
				"policy": {
					"secureOutput": false,
					"secureInput": false
				},
				"userProperties": [],
				"typeProperties": {
					"variableName": "plnVar_RawFileBaseName",
					"value": {
						"value": "@concat(activity('lkp - get schedule task run details').output.firstRow.tgt_entity_nm,'_',replace(variables('plnVar_ScheduleRunDt'),'-',''))",
						"type": "Expression"
					}
				}
			},
			{
				"name": "lkp - get ncino object backup details",
				"type": "Lookup",
				"dependsOn": [
					{
						"activity": "set var - ncino get backup details query",
						"dependencyConditions": [
							"Succeeded"
						]
					}
				],
				"policy": {
					"timeout": "7.00:00:00",
					"retry": 0,
					"retryIntervalInSeconds": 30,
					"secureOutput": false,
					"secureInput": false
				},
				"userProperties": [],
				"typeProperties": {
					"source": {
						"type": "AzureSqlSource",
						"sqlReaderQuery": {
							"value": "@variables('plnVar_nCinoBkpDetailsSql')",
							"type": "Expression"
						},
						"queryTimeout": "02:00:00",
						"partitionOption": "None"
					},
					"dataset": {
						"referenceName": "ds_asqldb_edw_table",
						"type": "DatasetReference",
						"parameters": {
							"dsPar_SchemaName": "dbo",
							"dsPar_TableName": "schedule_task_run"
						}
					},
					"firstRowOnly": true
				}
			},
			{
				"name": "exec proc - set high watermark",
				"type": "SqlServerStoredProcedure",
				"dependsOn": [
					{
						"activity": "if - items exist",
						"dependencyConditions": [
							"Succeeded"
						]
					}
				],
				"policy": {
					"timeout": "7.00:00:00",
					"retry": 0,
					"retryIntervalInSeconds": 30,
					"secureOutput": false,
					"secureInput": false
				},
				"userProperties": [],
				"typeProperties": {
					"storedProcedureName": "[mgmt].[usp_set_schedule_task_high_watermark]",
					"storedProcedureParameters": {
						"in_HighWaterMarkTypeCd": {
							"value": {
								"value": "@activity('lkp - get schedule task run details').output.firstRow.src_sql_incr_col_type_cd",
								"type": "Expression"
							},
							"type": "String"
						},
						"in_HighWaterMarkValueTxt": {
							"value": {
								"value": "@activity('lkp - get schedule task run details').output.firstRow.schedule_task_run_dt",
								"type": "Expression"
							},
							"type": "String"
						},
						"in_ScheduleTaskRunSk": {
							"value": {
								"value": "@pipeline().parameters.plnPar_ScheduleTaskRunSk",
								"type": "Expression"
							},
							"type": "Int64"
						}
					}
				},
				"linkedServiceName": {
					"referenceName": "lnks_edw_asqldb_nwedw",
					"type": "LinkedServiceReference"
				}
			},
			{
				"name": "exec - proc - update row counts",
				"type": "SqlServerStoredProcedure",
				"dependsOn": [
					{
						"activity": "exec proc - set high watermark",
						"dependencyConditions": [
							"Succeeded"
						]
					}
				],
				"policy": {
					"timeout": "7.00:00:00",
					"retry": 0,
					"retryIntervalInSeconds": 30,
					"secureOutput": false,
					"secureInput": false
				},
				"userProperties": [],
				"typeProperties": {
					"storedProcedureName": "[mgmt].[usp_update_row_counts]",
					"storedProcedureParameters": {
						"in_ScheduleTaskRunSk": {
							"value": {
								"value": "@pipeline().parameters.plnPar_ScheduleTaskRunSk",
								"type": "Expression"
							},
							"type": "Int64"
						},
						"in_SourceRowCount": {
							"value": {
								"value": "@activity('lkp - get ncino object backup details').output.firstRow.num_items",
								"type": "Expression"
							},
							"type": "Int64"
						},
						"in_TargetRowCount": {
							"value": {
								"value": "@int(variables('plnVar_ActualRowCnt'))",
								"type": "Expression"
							},
							"type": "Int64"
						},
						"in_TaskApplicationRunIdTxt": {
							"value": {
								"value": "@pipeline().RunId",
								"type": "Expression"
							},
							"type": "String"
						}
					}
				},
				"linkedServiceName": {
					"referenceName": "lnks_edw_asqldb_nwedw",
					"type": "LinkedServiceReference"
				}
			}
		],
		"parameters": {
			"plnPar_ScheduleTaskRunSk": {
				"type": "string",
				"defaultValue": "1539"
			},
			"plnPar_ContainerName": {
				"type": "string",
				"defaultValue": "raw-ncino"
			},
			"plnPar_parentScheduleTaskRunSk": {
				"type": "string",
				"defaultValue": "1522"
			},
			"plnPar_TgtRawFileNm": {
				"type": "string"
			},
			"plnPar_SrcFileDelim": {
				"type": "string",
				"defaultValue": "|"
			}
		},
		"variables": {
			"plnVar_nCinoBkpDetailsSql": {
				"type": "String"
			},
			"plnVar_RawFolderName": {
				"type": "String"
			},
			"plnVar_RawFileBaseName": {
				"type": "String"
			},
			"plnVar_ScheduleRunDt": {
				"type": "String"
			},
			"plnVar_ActualRowCnt": {
				"type": "String",
				"defaultValue": "0"
			},
			"plnVar_ActualRowCntTemp": {
				"type": "String",
				"defaultValue": "0"
			}
		},
		"folder": {
			"name": "21 - Datalake"
		},
		"annotations": [],
		"lastPublishTime": "2022-09-06T14:47:18Z"
	},
	"type": "Microsoft.DataFactory/factories/pipelines"
}