{
	"name": "pln_load_mr_entity_02_data",
	"properties": {
		"activities": [
			{
				"name": "Copy MR Entity data to mgmt",
				"type": "Copy",
				"dependsOn": [],
				"policy": {
					"timeout": "7.00:00:00",
					"retry": 0,
					"retryIntervalInSeconds": 30,
					"secureOutput": false,
					"secureInput": false
				},
				"userProperties": [],
				"typeProperties": {
					"source": {
						"type": "AzureSqlSource",
						"sqlReaderQuery": "SELECT DISTINCT tbl_nm AS entity_nm\n\t,tbl_nm AS entity_desc\n\t,src_sys.source_system_sk\n\t,ed.entity_type_cd\nFROM land_mr.entity_details ed\nJOIN mgmt.source_system src_sys ON ed.src_sys_abbrv_cd = src_sys.source_system_abbrv_cd\nLEFT OUTER JOIN mgmt.entity en ON ed.tbl_nm = en.entity_nm\n\tAND src_sys.source_system_sk = en.source_system_sk\nWHERE en.entity_nm IS NULL\nORDER BY source_system_sk, entity_nm",
						"queryTimeout": "02:00:00",
						"partitionOption": "None"
					},
					"sink": {
						"type": "AzureSqlSink"
					},
					"enableStaging": false,
					"translator": {
						"type": "TabularTranslator",
						"mappings": [
							{
								"source": {
									"name": "source_system_sk",
									"type": "Int64",
									"physicalType": "bigint"
								},
								"sink": {
									"name": "source_system_sk",
									"type": "Int64",
									"physicalType": "bigint"
								}
							},
							{
								"source": {
									"name": "entity_type_cd",
									"type": "String",
									"physicalType": "varchar"
								},
								"sink": {
									"name": "entity_type_cd",
									"type": "String",
									"physicalType": "varchar"
								}
							},
							{
								"source": {
									"name": "entity_nm",
									"type": "String",
									"physicalType": "nvarchar"
								},
								"sink": {
									"name": "entity_nm",
									"type": "String",
									"physicalType": "varchar"
								}
							},
							{
								"source": {
									"name": "entity_desc",
									"type": "String",
									"physicalType": "nvarchar"
								},
								"sink": {
									"name": "entity_desc",
									"type": "String",
									"physicalType": "varchar"
								}
							}
						],
						"typeConversion": true,
						"typeConversionSettings": {
							"allowDataTruncation": true,
							"treatBooleanAsNumber": false
						}
					}
				},
				"inputs": [
					{
						"referenceName": "ds_asqldb_edw_table",
						"type": "DatasetReference",
						"parameters": {
							"dsPar_SchemaName": "land_mr",
							"dsPar_TableName": "entity_details"
						}
					}
				],
				"outputs": [
					{
						"referenceName": "ds_asqldb_edw_table",
						"type": "DatasetReference",
						"parameters": {
							"dsPar_SchemaName": "mgmt",
							"dsPar_TableName": "entity"
						}
					}
				]
			}
		],
		"variables": {
			"plnVar_entDetsTruncSql": {
				"type": "String",
				"defaultValue": "truncate table land_mr.entity_details"
			}
		},
		"folder": {
			"name": "90 - Helper/Entity"
		},
		"annotations": [],
		"lastPublishTime": "2022-09-06T14:47:15Z"
	},
	"type": "Microsoft.DataFactory/factories/pipelines"
}