{
	"name": "pln_sch_ongoing_mr_01_prep",
	"properties": {
		"activities": [
			{
				"name": "lkp - get mr trigger and schedule run details",
				"type": "Lookup",
				"dependsOn": [],
				"policy": {
					"timeout": "7.00:00:00",
					"retry": 0,
					"retryIntervalInSeconds": 30,
					"secureOutput": false,
					"secureInput": false
				},
				"userProperties": [],
				"typeProperties": {
					"source": {
						"type": "AzureSqlSource",
						"sqlReaderQuery": "SELECT mr_trigger_params_sk\n\t,mr_sch.schedule_nm as mr_schedule_nm\n\t,mr_sch.next_run_dt as mr_next_run_dt\n\t,convert(INT, convert(VARCHAR(10), mr_sch.next_run_dt, 112)) AS mr_run_dt_int\n\t,mr_sch.last_successful_run_dt as mr_last_successful_run_dt\n\t,convert(INT, convert(VARCHAR(10), mr_sch.last_successful_run_dt, 112)) as mr_last_successful_run_dt_int\n\t,mr_schr.schedule_run_status_cd as mr_schedule_run_status_cd\n\t,gr_sch.schedule_nm as gr_schedule_nm\n\t,gr_sch.next_run_dt as gr_next_run_dt\n\t,convert(INT, convert(VARCHAR(10), gr_sch.next_run_dt, 112)) AS gr_run_dt_int\n\t,gr_sch.last_successful_run_dt as gr_last_successful_run_dt\n\t,convert(INT, convert(VARCHAR(10), mr_sch.last_successful_run_dt, 112)) gr_last_successful_run_dt_int\n\t,gr_schr.schedule_run_status_cd as gr_schedule_run_status_cd\n\t,'inbound-fpi' AS container_nm\n\t,en_f.file_folder_name_txt AS folder_nm\n\t,en_f.file_name_pattern_txt\n\t,mrtrig.archive_after_load_flg\n\t,mrtrig.archive_rel_path_txt\nFROM mgmt.mr_trigger_params mrtrig\n\nJOIN mgmt.schedule mr_sch\n\tON mrtrig.schedule_sk = mr_sch.schedule_sk\n\nLEFT OUTER JOIN mgmt.schedule_run mr_schr\n\tON mrtrig.schedule_sk = mr_schr.schedule_sk\n\t\tAND mr_schr.schedule_run_status_cd <> 'COMPLETE'\n\nLEFT OUTER JOIN mgmt.schedule gr_sch\non 1=1\n\tAND gr_sch.schedule_nm = 'EDW_Daily_GR'\n\nLEFT OUTER JOIN mgmt.schedule_run gr_schr\n\tON gr_sch.schedule_sk = gr_schr.schedule_sk\n\t\tAND gr_schr.schedule_run_status_cd <> 'COMPLETE'\n\nJOIN mgmt.entity en\n\tON mrtrig.entity_sk = en.entity_sk\n\nJOIN mgmt.entity_details_file en_f\n\tON en.entity_sk = en_f.entity_sk",
						"queryTimeout": "02:00:00",
						"partitionOption": "None"
					},
					"dataset": {
						"referenceName": "ds_asqldb_edw_table",
						"type": "DatasetReference",
						"parameters": {
							"dsPar_SchemaName": "mgmt",
							"dsPar_TableName": "mr_trigger_params "
						}
					}
				}
			},
			{
				"name": "ForEach - trigger file - check date and merge",
				"type": "ForEach",
				"dependsOn": [
					{
						"activity": "fil - mr trigger files only",
						"dependencyConditions": [
							"Succeeded"
						]
					}
				],
				"userProperties": [],
				"typeProperties": {
					"items": {
						"value": "@activity('fil - mr trigger files only').output.value",
						"type": "Expression"
					},
					"isSequential": false,
					"batchCount": 20,
					"activities": [
						{
							"name": "pln_sch_ongoing_mr_load_trig_file",
							"type": "ExecutePipeline",
							"dependsOn": [],
							"policy": {
								"secureInput": false
							},
							"userProperties": [],
							"typeProperties": {
								"pipeline": {
									"referenceName": "pln_sch_ongoing_mr_02_load_trig_file",
									"type": "PipelineReference"
								},
								"waitOnCompletion": true,
								"parameters": {
									"plnPar_ContainerName": {
										"value": "@activity('lkp - get mr trigger and schedule run details').output.firstRow.container_nm",
										"type": "Expression"
									},
									"plnPar_FolderName": {
										"value": "@activity('lkp - get mr trigger and schedule run details').output.firstRow.folder_nm",
										"type": "Expression"
									},
									"plnPar_FileName": {
										"value": "@item().name",
										"type": "Expression"
									},
									"plnPar_ArchiveFlag": {
										"value": "@activity('lkp - get mr trigger and schedule run details').output.firstRow.archive_after_load_flg",
										"type": "Expression"
									},
									"plnPar_MRLastSuccessRunDtInt": {
										"value": "@activity('lkp - get mr trigger and schedule run details').output.firstRow.mr_last_successful_run_dt_int",
										"type": "Expression"
									},
									"plnPar_ArchivePath": {
										"value": "@activity('lkp - get mr trigger and schedule run details').output.firstRow.archive_rel_path_txt",
										"type": "Expression"
									},
									"plnPar_MRTrigParam": {
										"value": "@activity('lkp - get mr trigger and schedule run details').output.firstRow.mr_trigger_params_sk",
										"type": "Expression"
									}
								}
							}
						}
					]
				}
			},
			{
				"name": "Get Metadata - mr triggers folder details",
				"type": "GetMetadata",
				"dependsOn": [
					{
						"activity": "lkp - get mr trigger and schedule run details",
						"dependencyConditions": [
							"Succeeded"
						]
					}
				],
				"policy": {
					"timeout": "7.00:00:00",
					"retry": 0,
					"retryIntervalInSeconds": 30,
					"secureOutput": false,
					"secureInput": false
				},
				"userProperties": [],
				"typeProperties": {
					"dataset": {
						"referenceName": "ds_adls_ext_folder_edp",
						"type": "DatasetReference",
						"parameters": {
							"dsPar_EDP_Container_Name": "inbound-fpi",
							"dsPar_EDP_Folder_Name": {
								"value": "@activity('lkp - get mr trigger and schedule run details').output.firstRow.folder_nm",
								"type": "Expression"
							},
							"dsPar_QuoteChar": "\""
						}
					},
					"fieldList": [
						"childItems"
					],
					"storeSettings": {
						"type": "AzureBlobFSReadSettings",
						"recursive": true,
						"enablePartitionDiscovery": false
					},
					"formatSettings": {
						"type": "DelimitedTextReadSettings"
					}
				}
			},
			{
				"name": "lkp - exec sql - truncate work file log table",
				"type": "Lookup",
				"dependsOn": [
					{
						"activity": "Get Metadata - mr triggers folder details",
						"dependencyConditions": [
							"Succeeded"
						]
					}
				],
				"policy": {
					"timeout": "7.00:00:00",
					"retry": 0,
					"retryIntervalInSeconds": 30,
					"secureOutput": false,
					"secureInput": false
				},
				"userProperties": [],
				"typeProperties": {
					"source": {
						"type": "AzureSqlSource",
						"sqlReaderQuery": {
							"value": "@concat('if exists (select * from sys.all_objects obj ',\n\t\t\t\t'join sys.schemas sch ',\n\t\t\t\t'on obj.schema_id = sch.schema_id ',\n\t\t\t\t'and sch.name = ''work'' ',\n\t\t\t'where obj.name =''mgmt_mr_trigger_file_log'' and obj.type =''u'')\ntruncate table work.[mgmt_mr_trigger_file_log];'\n,' select 1 as status_cd;')",
							"type": "Expression"
						},
						"queryTimeout": "02:00:00",
						"partitionOption": "None"
					},
					"dataset": {
						"referenceName": "ds_asqldb_edw_table",
						"type": "DatasetReference",
						"parameters": {
							"dsPar_SchemaName": "work",
							"dsPar_TableName": "mgmt_mr_trigger_files_log"
						}
					}
				}
			},
			{
				"name": "fil - mr trigger files only",
				"type": "Filter",
				"dependsOn": [
					{
						"activity": "lkp - exec sql - truncate work file log table",
						"dependencyConditions": [
							"Succeeded"
						]
					}
				],
				"userProperties": [],
				"typeProperties": {
					"items": {
						"value": "@activity('Get Metadata - mr triggers folder details').output.childItems",
						"type": "Expression"
					},
					"condition": {
						"value": "@equals(item().type,'File')",
						"type": "Expression"
					}
				}
			},
			{
				"name": "lkp - merge into mgmt log files table",
				"type": "Lookup",
				"dependsOn": [
					{
						"activity": "ForEach - trigger file - check date and merge",
						"dependencyConditions": [
							"Succeeded"
						]
					}
				],
				"policy": {
					"timeout": "7.00:00:00",
					"retry": 0,
					"retryIntervalInSeconds": 30,
					"secureOutput": false,
					"secureInput": false
				},
				"userProperties": [],
				"typeProperties": {
					"source": {
						"type": "AzureSqlSource",
						"sqlReaderQuery": {
							"value": "Merge into mgmt.mr_trigger_file_log as tbl\nusing (select * from work.[mgmt_mr_trigger_file_log] \n) as src\non tbl.[file_nm] = src.[file_nm]\nWHEN NOT MATCHED THEN\nINSERT \n\t([mr_trigger_params_sk]\n\t,[file_path_txt]\n\t,[file_nm]\n\t,[file_lastModified_utc_dt_txt]\n\t,[file_lastModified_pst_dt_txt]\n\t,[file_lastModified_pst_dt]\n\t,[contentMD5]\n\t,[file_size]\n\t,[file_processed_status_cd]\n\t,[schedule_task_application_run_id_txt])\n     VALUES\n    (src.mr_trigger_params_sk\n    ,src.file_path_txt\n    ,src.file_nm\n    ,src.file_lastModified_utc_dt_txt\n\t,src.file_lastModified_pst_dt_txt\n\t,src.file_lastModified_pst_dt\n    ,src.contentMD5\n    ,src.file_size\n    ,src.file_processed_status_cd\n\t,src.[schedule_task_application_run_id_txt]\n\t)\n\t\nWHEN MATCHED AND tbl.file_processed_status_cd = 'PROCESSED' and src.file_processed_status_cd='ARCHIVED'\nTHEN\nUPDATE\nSET tbl.[mr_trigger_params_sk] = src.[mr_trigger_params_sk]\n\t,tbl.[file_path_txt] = src.[file_path_txt]\n\t,tbl.[file_nm] = src.[file_nm]\n\t,tbl.[file_lastModified_utc_dt_txt] = src.[file_lastModified_utc_dt_txt]\n\t,tbl.[file_lastModified_pst_dt_txt] = src.[file_lastModified_pst_dt_txt]\n\t,tbl.[file_lastModified_pst_dt] = src.[file_lastModified_pst_dt]\n\t,tbl.[contentMD5] = src.[contentMD5]\n\t,tbl.[file_size] = src.[file_size]\n\t,tbl.[file_processed_status_cd] = src.[file_processed_status_cd]\n\t,tbl.[schedule_task_application_run_id_txt] = src.[schedule_task_application_run_id_txt]\n;\n\nselect 1 as status_cd",
							"type": "Expression"
						},
						"queryTimeout": "02:00:00",
						"partitionOption": "None"
					},
					"dataset": {
						"referenceName": "ds_asqldb_edw_table",
						"type": "DatasetReference",
						"parameters": {
							"dsPar_SchemaName": "mgmt",
							"dsPar_TableName": "mr_trigger_files_log"
						}
					}
				}
			}
		],
		"variables": {
			"plnVar_FileWorkTableStatus": {
				"type": "String"
			}
		},
		"folder": {
			"name": "90 - Helper/MR Trigger File Load"
		},
		"annotations": [],
		"lastPublishTime": "2023-09-18T15:29:24Z"
	},
	"type": "Microsoft.DataFactory/factories/pipelines"
}