{
	"name": "pln_sch_ongoing_mr_mon_AccountHistoryMaster",
	"properties": {
		"activities": [
			{
				"name": "lkp - Check_last_run_status",
				"type": "Lookup",
				"dependsOn": [],
				"policy": {
					"timeout": "0.12:00:00",
					"retry": 0,
					"retryIntervalInSeconds": 30,
					"secureOutput": false,
					"secureInput": false
				},
				"userProperties": [],
				"typeProperties": {
					"source": {
						"type": "AzureSqlSource",
						"sqlReaderQuery": "select distinct t.dummy_cd, schedule_run_status_cd as status_code,\r\niif(schedule_run_status_cd = 'COMPLETE',1,0) as Successful_Run\r\nfrom (select '1' as dummy_cd) t\r\nleft outer join\r\nmgmt.schedule_run sctr\r\non 1=1 \r\ninner join \r\nmgmt.schedule s\r\non s.schedule_sk =sctr.schedule_sk\r\nwhere s.schedule_nm in ('EDW_Daily_MR','EDW_Daily_GR')\r\norder by Successful_Run",
						"queryTimeout": "02:00:00",
						"partitionOption": "None"
					},
					"dataset": {
						"referenceName": "ds_asqldb_edw_table",
						"type": "DatasetReference",
						"parameters": {
							"dsPar_SchemaName": "mgmt",
							"dsPar_TableName": "schedule_run"
						}
					}
				}
			},
			{
				"name": "If to load data",
				"type": "IfCondition",
				"dependsOn": [
					{
						"activity": "lkp - Check_last_run_status",
						"dependencyConditions": [
							"Succeeded"
						]
					}
				],
				"userProperties": [],
				"typeProperties": {
					"expression": {
						"value": "@and(equals(activity('lkp - Check_last_run_status').output.firstRow.Successful_Run,1),equals(activity('lkp - Check_last_run_status').output.firstRow.status_code,'COMPLETE'))\n",
						"type": "Expression"
					},
					"ifFalseActivities": [
						{
							"name": "Failed",
							"type": "Fail",
							"dependsOn": [],
							"userProperties": [],
							"typeProperties": {
								"message": "MR & GR last load was not successful",
								"errorCode": "500"
							}
						}
					],
					"ifTrueActivities": [
						{
							"name": "set active flag ongoing",
							"type": "Script",
							"dependsOn": [],
							"policy": {
								"timeout": "0.12:00:00",
								"retry": 0,
								"retryIntervalInSeconds": 30,
								"secureOutput": false,
								"secureInput": false
							},
							"userProperties": [],
							"linkedServiceName": {
								"referenceName": "lnks_edw_asqldb_nwedw",
								"type": "LinkedServiceReference"
							},
							"typeProperties": {
								"scripts": [
									{
										"type": "Query",
										"text": "update tem\r\nset tem.active_flg = 0\r\nfrom mgmt.vw_task_entity_map vtem\r\njoin mgmt.task_entity_map tem\r\non vtem.task_entity_map_sk = tem.task_entity_map_sk\r\nwhere vtem.schedule_nm in ('EDW_Daily_MR')\r\n\r\nupdate tem\r\nset tem.active_flg = 1\r\nfrom mgmt.vw_task_entity_map vtem\r\njoin mgmt.task_entity_map tem\r\non vtem.task_entity_map_sk = tem.task_entity_map_sk\r\nwhere vtem.schedule_nm in ('EDW_Daily_MR')\r\nand tgt_entity_nm ='DATAMART_dbo_AccountHistoryMaster'"
									}
								],
								"scriptBlockExecutionTimeout": "02:00:00"
							}
						},
						{
							"name": "update date ongoing mr",
							"type": "Script",
							"dependsOn": [
								{
									"activity": "set active flag ongoing",
									"dependencyConditions": [
										"Succeeded"
									]
								}
							],
							"policy": {
								"timeout": "0.12:00:00",
								"retry": 0,
								"retryIntervalInSeconds": 30,
								"secureOutput": false,
								"secureInput": false
							},
							"userProperties": [],
							"linkedServiceName": {
								"referenceName": "lnks_edw_asqldb_nwedw",
								"type": "LinkedServiceReference"
							},
							"typeProperties": {
								"scripts": [
									{
										"type": "Query",
										"text": "Update mgmt.schedule\r\n   set next_run_dt = convert(varchar(10),GETDATE(),121)\r\n where schedule_nm = 'EDW_Daily_MR'"
									}
								],
								"scriptBlockExecutionTimeout": "02:00:00"
							}
						},
						{
							"name": "pln_run_schedule - mr - ongoing",
							"type": "ExecutePipeline",
							"dependsOn": [
								{
									"activity": "update date ongoing mr",
									"dependencyConditions": [
										"Succeeded"
									]
								}
							],
							"policy": {
								"secureInput": false
							},
							"userProperties": [],
							"typeProperties": {
								"pipeline": {
									"referenceName": "pln_sch_ongoing_mr",
									"type": "PipelineReference"
								},
								"waitOnCompletion": true,
								"parameters": {
									"plnPar_ScheduleName": "EDW_Daily_MR"
								}
							}
						}
					]
				}
			},
			{
				"name": "Revert back active flag",
				"type": "Script",
				"dependsOn": [
					{
						"activity": "If to load data",
						"dependencyConditions": [
							"Succeeded"
						]
					}
				],
				"policy": {
					"timeout": "0.12:00:00",
					"retry": 0,
					"retryIntervalInSeconds": 30,
					"secureOutput": false,
					"secureInput": false
				},
				"userProperties": [],
				"linkedServiceName": {
					"referenceName": "lnks_edw_asqldb_nwedw",
					"type": "LinkedServiceReference"
				},
				"typeProperties": {
					"scripts": [
						{
							"type": "Query",
							"text": "update tem\r\nset tem.active_flg = 1\r\nfrom mgmt.vw_task_entity_map vtem\r\njoin mgmt.task_entity_map tem\r\non vtem.task_entity_map_sk = tem.task_entity_map_sk\r\nwhere vtem.schedule_nm in ('EDW_Daily_MR')"
						}
					],
					"scriptBlockExecutionTimeout": "02:00:00"
				}
			},
			{
				"name": "update date ongoing gr",
				"type": "Script",
				"dependsOn": [
					{
						"activity": "Revert back active flag",
						"dependencyConditions": [
							"Succeeded"
						]
					}
				],
				"policy": {
					"timeout": "0.12:00:00",
					"retry": 0,
					"retryIntervalInSeconds": 30,
					"secureOutput": false,
					"secureInput": false
				},
				"userProperties": [],
				"linkedServiceName": {
					"referenceName": "lnks_edw_asqldb_nwedw",
					"type": "LinkedServiceReference"
				},
				"typeProperties": {
					"scripts": [
						{
							"type": "Query",
							"text": "Update mgmt.schedule\r\n   set next_run_dt = convert(varchar(10),GETDATE()+1,121)\r\n where schedule_nm = 'EDW_Daily_GR'\r\n\r\nUpdate mgmt.schedule\r\n   set last_successful_run_dt = convert(varchar(10),GETDATE(),121)\r\n where schedule_nm = 'EDW_Daily_GR'"
						}
					],
					"scriptBlockExecutionTimeout": "02:00:00"
				}
			}
		],
		"folder": {
			"name": "11 - Orchestration/schedule/02 - ongoing"
		},
		"annotations": [],
		"lastPublishTime": "2023-05-19T13:08:57Z"
	},
	"type": "Microsoft.DataFactory/factories/pipelines"
}