{
	"name": "pln_load_src_to_raw_attom_parcels_initial",
	"properties": {
		"activities": [
			{
				"name": "Copy Attom Parcels Data File",
				"type": "Copy",
				"dependsOn": [],
				"policy": {
					"timeout": "0.12:00:00",
					"retry": 0,
					"retryIntervalInSeconds": 30,
					"secureOutput": false,
					"secureInput": false
				},
				"userProperties": [],
				"typeProperties": {
					"source": {
						"type": "BinarySource",
						"storeSettings": {
							"type": "SftpReadSettings",
							"recursive": false,
							"wildcardFolderPath": {
								"value": "@pipeline().parameters.plnPar_SrcFolderName",
								"type": "Expression"
							},
							"wildcardFileName": {
								"value": "@pipeline().parameters.plnPar_SrcFileName",
								"type": "Expression"
							},
							"deleteFilesAfterCompletion": false,
							"disableChunking": false
						},
						"formatSettings": {
							"type": "BinaryReadSettings"
						}
					},
					"sink": {
						"type": "BinarySink",
						"storeSettings": {
							"type": "AzureBlobFSWriteSettings"
						}
					},
					"enableStaging": false
				},
				"inputs": [
					{
						"referenceName": "ds_sftp_attom_parcels_binary",
						"type": "DatasetReference",
						"parameters": {
							"dsPar_FolderName": {
								"value": "@pipeline().parameters.plnPar_SrcFolderName",
								"type": "Expression"
							},
							"dsPar_FileName": {
								"value": "@pipeline().parameters.plnPar_SrcFileName",
								"type": "Expression"
							}
						}
					}
				],
				"outputs": [
					{
						"referenceName": "ds_adls_raw_binary_folder",
						"type": "DatasetReference",
						"parameters": {
							"dsPar_Container": {
								"value": "@pipeline().parameters.plnPar_TgtContainer",
								"type": "Expression"
							},
							"dsPar_Folder": {
								"value": "@pipeline().parameters.plnPar_TgtFolderName",
								"type": "Expression"
							}
						}
					}
				]
			}
		],
		"parameters": {
			"plnPar_SrcFolderName": {
				"type": "string"
			},
			"plnPar_SrcFileName": {
				"type": "string",
				"defaultValue": "*.zip"
			},
			"plnPar_TgtFolderName": {
				"type": "string",
				"defaultValue": "parcels"
			},
			"plnPar_TgtContainer": {
				"type": "string",
				"defaultValue": "raw-arcgis"
			}
		},
		"folder": {
			"name": "21 - Datalake/ArcGIS"
		},
		"annotations": [],
		"lastPublishTime": "2024-01-10T16:52:04Z"
	},
	"type": "Microsoft.DataFactory/factories/pipelines"
}