{
	"name": "pln_fail_pipeline_template_arcgis",
	"properties": {
		"description": "This template will be used in all the pipelines in order to fail it incase of failure",
		"activities": [
			{
				"name": "web - fail pipeline on error",
				"description": "This activity will fail the pipeline incase of any error",
				"type": "WebActivity",
				"dependsOn": [],
				"policy": {
					"timeout": "7.00:00:00",
					"retry": 0,
					"retryIntervalInSeconds": 30,
					"secureOutput": false,
					"secureInput": false
				},
				"userProperties": [],
				"typeProperties": {
					"method": "GET",
					"url": "http://1=2",
					"connectVia": {
						"referenceName": "AutoResolveIntegrationRuntime",
						"type": "IntegrationRuntimeReference"
					}
				}
			}
		],
		"folder": {
			"name": "ArcGIS Land and Stage/Orchestration"
		},
		"annotations": [],
		"lastPublishTime": "2024-01-10T16:52:04Z"
	},
	"type": "Microsoft.DataFactory/factories/pipelines"
}