{
	"name": "pln_sch_ongoing_AgencyRoot_pres",
	"properties": {
		"description": "this pipeline is a schedule pipeline that will be schedule to run ncino ongoing / daily data. this include ncino staging and presentation data, if the metadata is configure as one schedule. this task also checks if it's monday and if so, loads the correct loan file format, by switching the jobs listed in task entity map so that the monday loans jobs run instead of the other loans job which runs tues-sun",
		"activities": [
			{
				"name": "pln_run_schedule - ncino - ongoing",
				"type": "ExecutePipeline",
				"dependsOn": [],
				"policy": {
					"secureInput": false
				},
				"userProperties": [],
				"typeProperties": {
					"pipeline": {
						"referenceName": "pln_run_schedule",
						"type": "PipelineReference"
					},
					"waitOnCompletion": true,
					"parameters": {
						"plnPar_ScheduleName": {
							"value": "@pipeline().parameters.plnPar_ScheduleName",
							"type": "Expression"
						}
					}
				}
			},
			{
				"name": "update file watch flag",
				"type": "Copy",
				"dependsOn": [
					{
						"activity": "pln_run_schedule - ncino - ongoing",
						"dependencyConditions": [
							"Succeeded"
						]
					}
				],
				"policy": {
					"timeout": "0.12:00:00",
					"retry": 0,
					"retryIntervalInSeconds": 30,
					"secureOutput": false,
					"secureInput": false
				},
				"userProperties": [],
				"typeProperties": {
					"source": {
						"type": "AzureSqlSource",
						"sqlReaderQuery": "select distinct t.dummy_cd,  cast(schedule_run_dt as date) as schedule_run_dt,schedule_run_status_cd as status_code,\niif(cast(schedule_run_dt as date) = cast(getdate() as date),1,0) as today_run\nfrom (select '1' as dummy_cd) t\nleft outer join\nmgmt.schedule_run sctr\non 1=1 \ninner join \nmgmt.schedule s\non s.schedule_sk =sctr.schedule_sk\nwhere   s.schedule_nm= 'EDW_Daily_AgencyRoot_Pres'",
						"queryTimeout": "02:00:00",
						"partitionOption": "None"
					},
					"sink": {
						"type": "DelimitedTextSink",
						"storeSettings": {
							"type": "AzureBlobFSWriteSettings"
						},
						"formatSettings": {
							"type": "DelimitedTextWriteSettings",
							"quoteAllText": true,
							"fileExtension": ".txt"
						}
					},
					"enableStaging": false,
					"translator": {
						"type": "TabularTranslator",
						"typeConversion": true,
						"typeConversionSettings": {
							"allowDataTruncation": true,
							"treatBooleanAsNumber": false
						}
					}
				},
				"inputs": [
					{
						"referenceName": "ds_asqldb_edw_table",
						"type": "DatasetReference",
						"parameters": {
							"dsPar_SchemaName": "meta",
							"dsPar_TableName": "schedule"
						}
					}
				],
				"outputs": [
					{
						"referenceName": "ds_adls_raw_file_pipeDelim",
						"type": "DatasetReference",
						"parameters": {
							"dsPar_Container": "automation-flag",
							"dsPar_Folder": "AgencyRoot",
							"dsPar_File": "AgencyRootFlag.txt"
						}
					}
				]
			}
		],
		"parameters": {
			"plnPar_ScheduleName": {
				"type": "string",
				"defaultValue": "EDW_Daily_AgencyRoot_Pres"
			}
		},
		"folder": {
			"name": "11 - Orchestration/schedule/02 - ongoing"
		},
		"annotations": [],
		"lastPublishTime": "2024-11-12T07:42:21Z"
	},
	"type": "Microsoft.DataFactory/factories/pipelines"
}