{
	"name": "pln_load_arcgis_raw_to_work_propertytoboundary",
	"properties": {
		"activities": [
			{
				"name": "Lookup Data Files",
				"type": "Lookup",
				"dependsOn": [],
				"policy": {
					"timeout": "0.12:00:00",
					"retry": 0,
					"retryIntervalInSeconds": 30,
					"secureOutput": false,
					"secureInput": false
				},
				"userProperties": [],
				"typeProperties": {
					"source": {
						"type": "AzureSqlSource",
						"sqlReaderQuery": {
							"value": "@concat(\n'select cast(folder_order_number as nvarchar(20)) order_number, file_name, folder from ',\npipeline().parameters.plnPar_TgtSchema, '.', pipeline().parameters.plnPar_TgtFileInfo,\n' where file_name like ''%[_]PROPERTYTOBOUNDARYMATCH[_]%'' and load_status is null'\n)",
							"type": "Expression"
						},
						"queryTimeout": "02:00:00",
						"partitionOption": "None"
					},
					"dataset": {
						"referenceName": "ds_asqldb_arcgis_tables",
						"type": "DatasetReference",
						"parameters": {
							"dsPar_TableName": {
								"value": "@pipeline().parameters.plnPar_TgtFileInfo",
								"type": "Expression"
							},
							"dsPar_SchemaName": {
								"value": "@pipeline().parameters.plnPar_TgtSchema",
								"type": "Expression"
							}
						}
					},
					"firstRowOnly": false
				}
			},
			{
				"name": "ForEach File",
				"type": "ForEach",
				"dependsOn": [
					{
						"activity": "Lookup Data Files",
						"dependencyConditions": [
							"Succeeded"
						]
					}
				],
				"userProperties": [],
				"typeProperties": {
					"items": {
						"value": "@activity('Lookup Data Files').output.value",
						"type": "Expression"
					},
					"isSequential": true,
					"activities": [
						{
							"name": "Set variable src folder",
							"type": "SetVariable",
							"dependsOn": [],
							"policy": {
								"secureOutput": false,
								"secureInput": false
							},
							"userProperties": [],
							"typeProperties": {
								"variableName": "plnVar_SrcFolder",
								"value": {
									"value": "@item().folder",
									"type": "Expression"
								}
							}
						},
						{
							"name": "Set variable src file",
							"type": "SetVariable",
							"dependsOn": [],
							"policy": {
								"secureOutput": false,
								"secureInput": false
							},
							"userProperties": [],
							"typeProperties": {
								"variableName": "plnVar_SrcFile",
								"value": {
									"value": "@item().file_name",
									"type": "Expression"
								}
							}
						},
						{
							"name": "Set variable order number",
							"type": "SetVariable",
							"dependsOn": [],
							"policy": {
								"secureOutput": false,
								"secureInput": false
							},
							"userProperties": [],
							"typeProperties": {
								"variableName": "plnVar_SrcOrderNumber",
								"value": {
									"value": "@item().order_number",
									"type": "Expression"
								}
							}
						},
						{
							"name": "Script load status",
							"type": "Script",
							"dependsOn": [
								{
									"activity": "Data flow propertydeletes",
									"dependencyConditions": [
										"Succeeded"
									]
								}
							],
							"policy": {
								"timeout": "0.12:00:00",
								"retry": 0,
								"retryIntervalInSeconds": 30,
								"secureOutput": false,
								"secureInput": false
							},
							"userProperties": [],
							"linkedServiceName": {
								"referenceName": "lnks_arcgis_asqldb_nwedw",
								"type": "LinkedServiceReference"
							},
							"typeProperties": {
								"scripts": [
									{
										"type": "Query",
										"text": {
											"value": "@concat(\n    'update ',\n    pipeline().parameters.plnPar_TgtSchema, '.', pipeline().parameters.plnPar_TgtFileInfo,\n    ' set load_status = 1 ', \n    'where folder_order_number = ''', variables('plnVar_SrcOrderNumber'),''' and ',\n    'file_name = ''', variables('plnVar_SrcFile'),''''\n)",
											"type": "Expression"
										}
									}
								],
								"scriptBlockExecutionTimeout": "02:00:00"
							}
						},
						{
							"name": "Data flow propertydeletes",
							"type": "ExecuteDataFlow",
							"dependsOn": [
								{
									"activity": "Set variable src folder",
									"dependencyConditions": [
										"Succeeded"
									]
								},
								{
									"activity": "Set variable src file",
									"dependencyConditions": [
										"Succeeded"
									]
								},
								{
									"activity": "Set variable order number",
									"dependencyConditions": [
										"Succeeded"
									]
								}
							],
							"policy": {
								"timeout": "0.12:00:00",
								"retry": 0,
								"retryIntervalInSeconds": 30,
								"secureOutput": false,
								"secureInput": false
							},
							"userProperties": [],
							"typeProperties": {
								"dataflow": {
									"referenceName": "df_load_arcgis_propertytoboundary",
									"type": "DataFlowReference",
									"parameters": {
										"dfPar_SrcContainer": {
											"value": "'@{pipeline().parameters.plnPar_SrcContainer}'",
											"type": "Expression"
										},
										"dfPar_SrcFolder": {
											"value": "'@{variables('plnVar_SrcFolder')}'",
											"type": "Expression"
										},
										"dfPar_SrcFile": {
											"value": "'@{variables('plnVar_SrcFile')}'",
											"type": "Expression"
										},
										"dfPar_TgtSchema": {
											"value": "'@{pipeline().parameters.plnPar_TgtSchema}'",
											"type": "Expression"
										},
										"dfPar_TgtTable": {
											"value": "'@{pipeline().parameters.plnPar_TgtTable}'",
											"type": "Expression"
										},
										"dfPar_SrcDelimiter": {
											"value": "'@{variables('plnVar_SrcDelimiter')}'",
											"type": "Expression"
										},
										"dfPar_LoadOrder": {
											"value": "'@{variables('plnVar_SrcOrderNumber')}'",
											"type": "Expression"
										},
										"dfPar_ErrFolder": {
											"value": "'@{pipeline().parameters.plnPar_ErrFolder}'",
											"type": "Expression"
										}
									}
								},
								"compute": {
									"coreCount": 16,
									"computeType": "General"
								},
								"traceLevel": "Fine"
							}
						}
					]
				}
			}
		],
		"parameters": {
			"plnPar_SrcContainer": {
				"type": "string",
				"defaultValue": "raw-arcgis"
			},
			"plnPar_TgtSchema": {
				"type": "string",
				"defaultValue": "work_arcgis"
			},
			"plnPar_TgtTable": {
				"type": "string",
				"defaultValue": "work_property_to_boundary"
			},
			"plnPar_TgtFileInfo": {
				"type": "string",
				"defaultValue": "initial_data_files"
			},
			"plnPar_ErrFolder": {
				"type": "string",
				"defaultValue": "parcels/ETL_ERRORS/PROPERTYTOBOUNDARY"
			}
		},
		"variables": {
			"plnVar_SrcFolder": {
				"type": "String"
			},
			"plnVar_SrcFile": {
				"type": "String"
			},
			"plnVar_SrcOrderNumber": {
				"type": "String"
			},
			"plnVar_SrcDelimiter": {
				"type": "String",
				"defaultValue": "\t"
			}
		},
		"folder": {
			"name": "31 - Staging/ArcGIS"
		},
		"annotations": [],
		"lastPublishTime": "2023-12-05T15:17:01Z"
	},
	"type": "Microsoft.DataFactory/factories/pipelines"
}