{
	"name": "pln_ongoing_load_work_mls_deletes",
	"properties": {
		"activities": [
			{
				"name": "ForEach File",
				"type": "ForEach",
				"dependsOn": [
					{
						"activity": "Filter1_copy1_copy1",
						"dependencyConditions": [
							"Succeeded"
						]
					}
				],
				"userProperties": [],
				"typeProperties": {
					"items": {
						"value": "@array(activity('Filter1_copy1_copy1').output.value)",
						"type": "Expression"
					},
					"isSequential": true,
					"activities": [
						{
							"name": "Data flow propertydeletes",
							"type": "ExecuteDataFlow",
							"dependsOn": [
								{
									"activity": "Lookup First Line_copy1",
									"dependencyConditions": [
										"Succeeded"
									]
								}
							],
							"policy": {
								"timeout": "0.12:00:00",
								"retry": 0,
								"retryIntervalInSeconds": 30,
								"secureOutput": false,
								"secureInput": false
							},
							"userProperties": [],
							"typeProperties": {
								"dataflow": {
									"referenceName": "df_load_arcgis_mls_deletes",
									"type": "DataFlowReference",
									"parameters": {
										"dfPar_SrcContainer": "'raw-arcgis'",
										"dfPar_SrcFolder": {
											"value": "'@{concat('mls', '/', variables('plnVar_SrcFile'))}'",
											"type": "Expression"
										},
										"dfPar_SrcFile": {
											"value": "'@{variables('plnVar_SrcFile_del')}'",
											"type": "Expression"
										},
										"dfPar_TgtSchema": "'work_arcgis'",
										"dfPar_TgtTable": "'work_mls_deletes'",
										"dfPar_SrcDelimiter": {
											"value": "'@{if(contains(activity('Lookup First Line_copy1').output.firstRow.Prop_0,','),',',\n\nif(contains(activity('Lookup First Line_copy1').output.firstRow.Prop_0,'|'),'|','\\t'))}'",
											"type": "Expression"
										},
										"dfPar_LoadOrder": {
											"value": "'@{substring(variables('plnVar_SrcFile_del'), 14, 14)}'",
											"type": "Expression"
										},
										"dfPar_ErrFolder": "'mls/ETL_ERRORS/mls_deletes'"
									}
								},
								"integrationRuntime": {
									"referenceName": "ir-azure-usw",
									"type": "IntegrationRuntimeReference"
								},
								"traceLevel": "Fine"
							}
						},
						{
							"name": "Set variable src file",
							"type": "SetVariable",
							"dependsOn": [
								{
									"activity": "Get zip file name_copy1_copy1_copy1",
									"dependencyConditions": [
										"Succeeded"
									]
								}
							],
							"policy": {
								"secureOutput": false,
								"secureInput": false
							},
							"userProperties": [],
							"typeProperties": {
								"variableName": "plnVar_SrcFile",
								"value": {
									"value": "@activity('Filter1_copy1').output.value[0].name",
									"type": "Expression"
								}
							}
						},
						{
							"name": "Set variable1",
							"type": "SetVariable",
							"dependsOn": [
								{
									"activity": "Get zip file name_copy1_copy1_copy1",
									"dependencyConditions": [
										"Succeeded"
									]
								}
							],
							"policy": {
								"secureOutput": false,
								"secureInput": false
							},
							"userProperties": [],
							"typeProperties": {
								"variableName": "plnVar_SrcFile_del",
								"value": {
									"value": "@activity('Get zip file name_copy1_copy1_copy1').output.itemName",
									"type": "Expression"
								}
							}
						},
						{
							"name": "Get zip file name_copy1_copy1_copy1",
							"type": "GetMetadata",
							"dependsOn": [],
							"policy": {
								"timeout": "0.12:00:00",
								"retry": 0,
								"retryIntervalInSeconds": 30,
								"secureOutput": false,
								"secureInput": false
							},
							"userProperties": [],
							"typeProperties": {
								"dataset": {
									"referenceName": "ds_adls_raw_binary",
									"type": "DatasetReference",
									"parameters": {
										"dsPar_Container": {
											"value": "@concat('raw-arcgis', '/', 'mls', '/', activity('Filter1_copy1').output.value[0].name)",
											"type": "Expression"
										},
										"dsPar_Folder": {
											"value": "@item().name",
											"type": "Expression"
										}
									}
								},
								"fieldList": [
									"itemName"
								],
								"storeSettings": {
									"type": "AzureBlobFSReadSettings",
									"recursive": true,
									"enablePartitionDiscovery": false
								},
								"formatSettings": {
									"type": "BinaryReadSettings"
								}
							}
						},
						{
							"name": "Lookup First Line_copy1",
							"type": "Lookup",
							"dependsOn": [
								{
									"activity": "Set variable src file",
									"dependencyConditions": [
										"Succeeded"
									]
								},
								{
									"activity": "Set variable1",
									"dependencyConditions": [
										"Succeeded"
									]
								}
							],
							"policy": {
								"timeout": "0.12:00:00",
								"retry": 0,
								"retryIntervalInSeconds": 30,
								"secureOutput": false,
								"secureInput": false
							},
							"userProperties": [],
							"typeProperties": {
								"source": {
									"type": "DelimitedTextSource",
									"storeSettings": {
										"type": "AzureBlobFSReadSettings",
										"recursive": true,
										"enablePartitionDiscovery": false
									},
									"formatSettings": {
										"type": "DelimitedTextReadSettings"
									}
								},
								"dataset": {
									"referenceName": "ds_adls_raw_arcgis_file_no_header",
									"type": "DatasetReference",
									"parameters": {
										"dsPar_Container": {
											"value": "@pipeline().parameters.plnPar_SrcContainer",
											"type": "Expression"
										},
										"dsPar_Folder": {
											"value": "@concat('mls', '/', variables('plnVar_SrcFile'))",
											"type": "Expression"
										},
										"dsPar_File": {
											"value": "@variables('plnVar_SrcFile_del')",
											"type": "Expression"
										},
										"dsPar_Delim": "^"
									}
								}
							}
						}
					]
				}
			},
			{
				"name": "Get zip file name",
				"type": "GetMetadata",
				"dependsOn": [],
				"policy": {
					"timeout": "0.12:00:00",
					"retry": 0,
					"retryIntervalInSeconds": 30,
					"secureOutput": false,
					"secureInput": false
				},
				"userProperties": [],
				"typeProperties": {
					"dataset": {
						"referenceName": "ds_adls_raw_zip",
						"type": "DatasetReference",
						"parameters": {
							"dsPar_Container": {
								"value": "@pipeline().parameters.plnPar_SrcContainer",
								"type": "Expression"
							},
							"dsPar_FolderName": {
								"value": "@pipeline().parameters.plnPar_SrcFolder",
								"type": "Expression"
							},
							"dsPar_FileName": "*.zip"
						}
					},
					"fieldList": [
						"childItems",
						"itemType"
					],
					"storeSettings": {
						"type": "AzureBlobFSReadSettings",
						"recursive": true,
						"enablePartitionDiscovery": false
					},
					"formatSettings": {
						"type": "BinaryReadSettings"
					}
				}
			},
			{
				"name": "Filter1_copy1",
				"type": "Filter",
				"dependsOn": [
					{
						"activity": "Get zip file name",
						"dependencyConditions": [
							"Succeeded"
						]
					}
				],
				"userProperties": [],
				"typeProperties": {
					"items": {
						"value": "@activity('Get zip file name').output.childItems",
						"type": "Expression"
					},
					"condition": {
						"value": "@contains(item().name,formatDateTime(pipeline().parameters.plnPar_ScheduleTaskRunDt,'yyyyMMdd'))",
						"type": "Expression"
					}
				}
			},
			{
				"name": "Get zip file name_copy1",
				"type": "GetMetadata",
				"dependsOn": [
					{
						"activity": "Filter1_copy1",
						"dependencyConditions": [
							"Succeeded"
						]
					}
				],
				"policy": {
					"timeout": "0.12:00:00",
					"retry": 0,
					"retryIntervalInSeconds": 30,
					"secureOutput": false,
					"secureInput": false
				},
				"userProperties": [],
				"typeProperties": {
					"dataset": {
						"referenceName": "ds_adls_raw_binary",
						"type": "DatasetReference",
						"parameters": {
							"dsPar_Container": "raw-arcgis/mls",
							"dsPar_Folder": {
								"value": "@activity('Filter1_copy1').output.value[0].name",
								"type": "Expression"
							}
						}
					},
					"fieldList": [
						"childItems"
					],
					"storeSettings": {
						"type": "AzureBlobFSReadSettings",
						"recursive": true,
						"enablePartitionDiscovery": false
					},
					"formatSettings": {
						"type": "BinaryReadSettings"
					}
				}
			},
			{
				"name": "Filter1_copy1_copy1",
				"type": "Filter",
				"dependsOn": [
					{
						"activity": "Get zip file name_copy1",
						"dependencyConditions": [
							"Succeeded"
						]
					}
				],
				"userProperties": [],
				"typeProperties": {
					"items": {
						"value": "@activity('Get zip file name_copy1').output.childItems",
						"type": "Expression"
					},
					"condition": {
						"value": "@contains(item().name,'deletes')",
						"type": "Expression"
					}
				}
			}
		],
		"parameters": {
			"plnPar_SrcContainer": {
				"type": "string",
				"defaultValue": "raw-arcgis"
			},
			"plnPar_TgtSchema": {
				"type": "string",
				"defaultValue": "work_arcgis"
			},
			"plnPar_TgtTable": {
				"type": "string",
				"defaultValue": "work_mls_deletes"
			},
			"plnPar_TgtFileInfo": {
				"type": "string",
				"defaultValue": "initial_data_files"
			},
			"plnPar_ErrFolder": {
				"type": "string",
				"defaultValue": "mls/ETL_ERRORS/mls_deletes"
			},
			"plnPar_SrcFolder": {
				"type": "string",
				"defaultValue": "mls"
			},
			"plnPar_ScheduleTaskRunDt": {
				"type": "string"
			}
		},
		"variables": {
			"plnVar_SrcFolder": {
				"type": "String"
			},
			"plnVar_SrcFile": {
				"type": "String"
			},
			"plnVar_SrcOrderNumber": {
				"type": "String"
			},
			"plnVar_SrcDelimiter": {
				"type": "String",
				"defaultValue": "\t"
			},
			"plnVar_SrcFile_del": {
				"type": "String"
			},
			"plnVar_date": {
				"type": "String"
			}
		},
		"folder": {
			"name": "31 - Staging/ArcGIS/Ongoing"
		},
		"annotations": [],
		"lastPublishTime": "2024-01-10T16:52:06Z"
	},
	"type": "Microsoft.DataFactory/factories/pipelines"
}