{
	"name": "pln_run_api_extract_ncino",
	"properties": {
		"activities": [
			{
				"name": "set var - session id",
				"type": "SetVariable",
				"dependsOn": [
					{
						"activity": "lkp - request session id",
						"dependencyConditions": [
							"Succeeded"
						]
					}
				],
				"policy": {
					"secureOutput": false,
					"secureInput": false
				},
				"userProperties": [],
				"typeProperties": {
					"variableName": "plnVar_SessionId",
					"value": {
						"value": "@activity('lkp - request session id').output.firstRow.session_id",
						"type": "Expression"
					}
				}
			},
			{
				"name": "lkp - request session id",
				"type": "Lookup",
				"dependsOn": [
					{
						"activity": "api - get ncino pw from kv",
						"dependencyConditions": [
							"Succeeded"
						]
					},
					{
						"activity": "api - get ncino user from kv",
						"dependencyConditions": [
							"Succeeded"
						]
					},
					{
						"activity": "set var - hwm",
						"dependencyConditions": [
							"Succeeded"
						]
					}
				],
				"policy": {
					"timeout": "7.00:00:00",
					"retry": 0,
					"retryIntervalInSeconds": 30,
					"secureOutput": true,
					"secureInput": true
				},
				"userProperties": [],
				"typeProperties": {
					"source": {
						"type": "JsonSource",
						"storeSettings": {
							"type": "HttpReadSettings",
							"maxConcurrentConnections": 1,
							"requestMethod": "POST",
							"additionalHeaders": "Content-Type: application/json\nContent-Length: 10240\nHost: app1.ownbackup.com\nCache-Control: no-cache\nAccept: application/json",
							"requestBody": {
								"value": "@concat('{\n    \"email\": \"',decodeBase64(activity('api - get ncino user from kv').output.value),'\",\n    \"password\": \"',decodeBase64(activity('api - get ncino pw from kv').output.value),'\"\n}')",
								"type": "Expression"
							},
							"requestTimeout": ""
						},
						"formatSettings": {
							"type": "JsonReadSettings"
						}
					},
					"dataset": {
						"referenceName": "ds_http_ownbkp_response_json",
						"type": "DatasetReference",
						"parameters": {
							"dsPar_BaseUrl": {
								"value": "@activity('lkp - get schedule task run details').output.firstRow.source_system_base_url",
								"type": "Expression"
							},
							"dsPar_RelativeUrl": "/api/auth/v1/login"
						}
					}
				}
			},
			{
				"name": "lkp - get service backup details",
				"type": "Lookup",
				"dependsOn": [
					{
						"activity": "set var - session id",
						"dependencyConditions": [
							"Succeeded"
						]
					},
					{
						"activity": "set var - own backup service id",
						"dependencyConditions": [
							"Succeeded"
						]
					},
					{
						"activity": "set var - schedule run dt",
						"dependencyConditions": [
							"Succeeded"
						]
					}
				],
				"policy": {
					"timeout": "7.00:00:00",
					"retry": 0,
					"retryIntervalInSeconds": 30,
					"secureOutput": false,
					"secureInput": false
				},
				"userProperties": [],
				"typeProperties": {
					"source": {
						"type": "JsonSource",
						"storeSettings": {
							"type": "HttpReadSettings",
							"maxConcurrentConnections": 2,
							"requestMethod": "GET",
							"additionalHeaders": {
								"value": "@{concat('x-session-id:', variables('plnVar_SessionId'))}",
								"type": "Expression"
							},
							"requestTimeout": ""
						},
						"formatSettings": {
							"type": "JsonReadSettings"
						}
					},
					"dataset": {
						"referenceName": "ds_http_ownbkp_response_json",
						"type": "DatasetReference",
						"parameters": {
							"dsPar_BaseUrl": {
								"value": "@activity('lkp - get schedule task run details').output.firstRow.source_system_base_url",
								"type": "Expression"
							},
							"dsPar_RelativeUrl": {
								"value": "@concat('/api/v1/services/', \nvariables('plnVar_ServiceId')\n, '/backups')",
								"type": "Expression"
							}
						}
					},
					"firstRowOnly": false
				}
			},
			{
				"name": "fil - backups by HWM n Schedule RunDt",
				"description": "Filter backups by the high water mark",
				"type": "Filter",
				"dependsOn": [
					{
						"activity": "lkp - get service backup details",
						"dependencyConditions": [
							"Succeeded"
						]
					}
				],
				"userProperties": [],
				"typeProperties": {
					"items": {
						"value": "@activity('lkp - get service backup details').output.value",
						"type": "Expression"
					},
					"condition": {
						"value": "@if(equals(item().status,'OK'),if(\ngreaterOrEquals(\n  ticks(item().completed_at), \n  ticks(variables('plnVar_HWM'))\n),\nif(\nEquals(\n  ticks(substring(item().completed_at,0,10)), \n  ticks(activity('lkp - get schedule task run details').output.firstRow.schedule_task_run_dt)\n),true,false)\n,false\n),false)",
						"type": "Expression"
					}
				}
			},
			{
				"name": "foreach - backup - write backup obj dets",
				"type": "ForEach",
				"dependsOn": [
					{
						"activity": "fil - backups by HWM n Schedule RunDt",
						"dependencyConditions": [
							"Succeeded"
						]
					},
					{
						"activity": "lkp - trunc and load ncino bkp session table",
						"dependencyConditions": [
							"Succeeded"
						]
					},
					{
						"activity": "if - no backups after filter - then faile pipeline",
						"dependencyConditions": [
							"Succeeded"
						]
					}
				],
				"userProperties": [],
				"typeProperties": {
					"items": {
						"value": "@activity('fil - backups by HWM n Schedule RunDt').output.value",
						"type": "Expression"
					},
					"isSequential": false,
					"batchCount": 2,
					"activities": [
						{
							"name": "copy - write backup object details",
							"type": "Copy",
							"dependsOn": [],
							"policy": {
								"timeout": "7.00:00:00",
								"retry": 0,
								"retryIntervalInSeconds": 30,
								"secureOutput": false,
								"secureInput": false
							},
							"userProperties": [],
							"typeProperties": {
								"source": {
									"type": "JsonSource",
									"additionalColumns": [
										{
											"name": "backup_id",
											"value": {
												"value": "@item().id",
												"type": "Expression"
											}
										},
										{
											"name": "schedule_task_run_sk",
											"value": {
												"value": "@pipeline().parameters.plnPar_ScheduleTaskRunSk",
												"type": "Expression"
											}
										},
										{
											"name": "completed_at",
											"value": {
												"value": "@item().completed_at",
												"type": "Expression"
											}
										},
										{
											"name": "active_flg",
											"value": {
												"value": "1",
												"type": "Expression"
											}
										},
										{
											"name": "session_id",
											"value": {
												"value": "@variables('plnVar_SessionId')",
												"type": "Expression"
											}
										}
									],
									"storeSettings": {
										"type": "HttpReadSettings",
										"requestMethod": "GET",
										"additionalHeaders": {
											"value": "@{concat('x-session-id:', variables('plnVar_SessionId'))}",
											"type": "Expression"
										},
										"requestTimeout": ""
									},
									"formatSettings": {
										"type": "JsonReadSettings"
									}
								},
								"sink": {
									"type": "AzureSqlSink",
									"disableMetricsCollection": false
								},
								"enableStaging": false
							},
							"inputs": [
								{
									"referenceName": "ds_http_ownbkp_response_json",
									"type": "DatasetReference",
									"parameters": {
										"dsPar_BaseUrl": {
											"value": "@activity('lkp - get schedule task run details').output.firstRow.source_system_base_url",
											"type": "Expression"
										},
										"dsPar_RelativeUrl": {
											"value": "@concat( '/api/v1/services/', variables('plnVar_ServiceId'), '/backups/', item().id, '/objects')",
											"type": "Expression"
										}
									}
								}
							],
							"outputs": [
								{
									"referenceName": "ds_asqldb_edw_table",
									"type": "DatasetReference",
									"parameters": {
										"dsPar_SchemaName": "mgmt",
										"dsPar_TableName": {
											"value": "entity_details_ncino_backup_objects",
											"type": "Expression"
										}
									}
								}
							]
						}
					]
				}
			},
			{
				"name": "api - get ncino user from kv",
				"type": "WebActivity",
				"dependsOn": [
					{
						"activity": "lkp - get schedule task run details",
						"dependencyConditions": [
							"Succeeded"
						]
					}
				],
				"policy": {
					"timeout": "7.00:00:00",
					"retry": 0,
					"retryIntervalInSeconds": 30,
					"secureOutput": true,
					"secureInput": true
				},
				"userProperties": [],
				"typeProperties": {
					"method": "GET",
					"url": {
						"value": "@concat( 'https://',activity('lkp - get schedule task run details').output.firstRow.source_system_akv_name,'.vault.azure.net/secrets/',activity('lkp - get schedule task run details').output.firstRow.source_system_akv_un,'?api-version=',activity('lkp - get schedule task run details').output.firstRow.source_system_akv_api_version)",
						"type": "Expression"
					},
					"connectVia": {
						"referenceName": "AutoResolveIntegrationRuntime",
						"type": "IntegrationRuntimeReference"
					},
					"authentication": {
						"type": "MSI",
						"resource": "https://vault.azure.net"
					}
				}
			},
			{
				"name": "lkp - get schedule task run details",
				"type": "Lookup",
				"dependsOn": [],
				"policy": {
					"timeout": "7.00:00:00",
					"retry": 0,
					"retryIntervalInSeconds": 30,
					"secureOutput": false,
					"secureInput": false
				},
				"userProperties": [],
				"typeProperties": {
					"source": {
						"type": "AzureSqlSource",
						"sqlReaderStoredProcedureName": "[mgmt].[usp_get_schedule_task_run_details]",
						"storedProcedureParameters": {
							"in_ScheduleTaskRunSk": {
								"type": "Int64",
								"value": {
									"value": "@pipeline().parameters.plnPar_ScheduleTaskRunSk",
									"type": "Expression"
								}
							}
						},
						"queryTimeout": "02:00:00",
						"partitionOption": "None"
					},
					"dataset": {
						"referenceName": "ds_asqldb_edw_table",
						"type": "DatasetReference",
						"parameters": {
							"dsPar_SchemaName": "dbo",
							"dsPar_TableName": "schedule_task_run"
						}
					},
					"firstRowOnly": true
				}
			},
			{
				"name": "api - get ncino pw from kv",
				"type": "WebActivity",
				"dependsOn": [
					{
						"activity": "lkp - get schedule task run details",
						"dependencyConditions": [
							"Succeeded"
						]
					}
				],
				"policy": {
					"timeout": "7.00:00:00",
					"retry": 0,
					"retryIntervalInSeconds": 30,
					"secureOutput": true,
					"secureInput": true
				},
				"userProperties": [],
				"typeProperties": {
					"method": "GET",
					"url": {
						"value": "@concat( 'https://',activity('lkp - get schedule task run details').output.firstRow.source_system_akv_name,'.vault.azure.net/secrets/',activity('lkp - get schedule task run details').output.firstRow.source_system_akv_pw,'?api-version=',activity('lkp - get schedule task run details').output.firstRow.source_system_akv_api_version)",
						"type": "Expression"
					},
					"connectVia": {
						"referenceName": "AutoResolveIntegrationRuntime",
						"type": "IntegrationRuntimeReference"
					},
					"authentication": {
						"type": "MSI",
						"resource": "https://vault.azure.net"
					}
				}
			},
			{
				"name": "api - close session - failure",
				"type": "WebActivity",
				"dependsOn": [
					{
						"activity": "foreach - backup - write backup obj dets",
						"dependencyConditions": [
							"Failed"
						]
					}
				],
				"policy": {
					"timeout": "7.00:00:00",
					"retry": 0,
					"retryIntervalInSeconds": 30,
					"secureOutput": false,
					"secureInput": false
				},
				"userProperties": [],
				"typeProperties": {
					"method": "POST",
					"headers": {
						"X-SESSION-ID": {
							"value": "@variables('plnVar_SessionId')",
							"type": "Expression"
						},
						"Content-Type": "application/json",
						"Accept": "application/json"
					},
					"url": {
						"value": "@concat(activity('lkp - get service backup details').output.firstRow.source_system_base_url,'/api/auth/v1/logout')",
						"type": "Expression"
					},
					"connectVia": {
						"referenceName": "ir-linkself-MR",
						"type": "IntegrationRuntimeReference"
					},
					"body": {
						"value": "@variables('plnVaCloseSessionBody')",
						"type": "Expression"
					}
				}
			},
			{
				"name": "lkp - child tasks to run ordered by priority",
				"type": "Lookup",
				"dependsOn": [
					{
						"activity": "foreach - backup - write backup obj dets",
						"dependencyConditions": [
							"Succeeded"
						]
					}
				],
				"policy": {
					"timeout": "7.00:00:00",
					"retry": 0,
					"retryIntervalInSeconds": 30,
					"secureOutput": false,
					"secureInput": false
				},
				"userProperties": [],
				"typeProperties": {
					"source": {
						"type": "AzureSqlSource",
						"sqlReaderStoredProcedureName": "[mgmt].[usp_get_child_tasks_to_run]",
						"storedProcedureParameters": {
							"in_ScheduleTaskRunSk": {
								"type": "Int64",
								"value": {
									"value": "@pipeline().parameters.plnPar_ScheduleTaskRunSk",
									"type": "Expression"
								}
							}
						},
						"queryTimeout": "02:00:00",
						"partitionOption": "None"
					},
					"dataset": {
						"referenceName": "ds_asqldb_edw_table",
						"type": "DatasetReference",
						"parameters": {
							"dsPar_SchemaName": "mgmt",
							"dsPar_TableName": "batch"
						}
					}
				}
			},
			{
				"name": "Set var - remaining task priorities",
				"type": "SetVariable",
				"dependsOn": [
					{
						"activity": "lkp - child tasks to run ordered by priority",
						"dependencyConditions": [
							"Succeeded"
						]
					}
				],
				"policy": {
					"secureOutput": false,
					"secureInput": false
				},
				"userProperties": [],
				"typeProperties": {
					"variableName": "plnVar_RemainingTaskPriorities",
					"value": {
						"value": "@if(contains(activity('lkp - child tasks to run ordered by priority').output,'firstRow'),split(activity('lkp - child tasks to run ordered by priority').output.firstRow.ActiveTasksTxt,';'),NULL)",
						"type": "Expression"
					}
				}
			},
			{
				"name": "ForEach Task Priority",
				"type": "ForEach",
				"dependsOn": [
					{
						"activity": "Set var - remaining task priorities",
						"dependencyConditions": [
							"Succeeded"
						]
					}
				],
				"userProperties": [],
				"typeProperties": {
					"items": {
						"value": "@variables('plnVar_RemainingTaskPriorities')",
						"type": "Expression"
					},
					"isSequential": true,
					"activities": [
						{
							"name": "set var - current priority task names",
							"type": "SetVariable",
							"dependsOn": [],
							"policy": {
								"secureOutput": false,
								"secureInput": false
							},
							"userProperties": [],
							"typeProperties": {
								"variableName": "PlnVar_CurrentPriorityTaskNames",
								"value": {
									"value": "@split(item(),'{')[1]",
									"type": "Expression"
								}
							}
						},
						{
							"name": "exec - run task priority",
							"type": "ExecutePipeline",
							"dependsOn": [
								{
									"activity": "set var - current priority task names",
									"dependencyConditions": [
										"Succeeded"
									]
								}
							],
							"policy": {
								"secureInput": false
							},
							"userProperties": [],
							"typeProperties": {
								"pipeline": {
									"referenceName": "pln_run_child_task_priority",
									"type": "PipelineReference"
								},
								"waitOnCompletion": true,
								"parameters": {
									"plnPar_ScheduleName": {
										"value": "@pipeline().parameters.plnPar_ScheduleName",
										"type": "Expression"
									},
									"plnPar_Tasks": {
										"value": "@variables('PlnVar_CurrentPriorityTaskNames')",
										"type": "Expression"
									},
									"plnPar_ScheduleRunDate": {
										"value": "@variables('plnVar_ScheduleRunDate')",
										"type": "Expression"
									},
									"plnPar_PhaseName": {
										"value": "@pipeline().parameters.plnPar_PhaseName",
										"type": "Expression"
									},
									"plnPar_BatchName": {
										"value": "@pipeline().parameters.plnPar_BatchName",
										"type": "Expression"
									}
								}
							}
						}
					]
				}
			},
			{
				"name": "exec proc - set high watermark",
				"type": "SqlServerStoredProcedure",
				"dependsOn": [
					{
						"activity": "api - close session - success",
						"dependencyConditions": [
							"Succeeded"
						]
					}
				],
				"policy": {
					"timeout": "7.00:00:00",
					"retry": 0,
					"retryIntervalInSeconds": 30,
					"secureOutput": false,
					"secureInput": false
				},
				"userProperties": [],
				"typeProperties": {
					"storedProcedureName": "[mgmt].[usp_set_schedule_task_high_watermark]",
					"storedProcedureParameters": {
						"in_HighWaterMarkTypeCd": {
							"value": {
								"value": "@activity('lkp - get schedule task run details').output.firstRow.src_sql_incr_col_type_cd",
								"type": "Expression"
							},
							"type": "String"
						},
						"in_HighWaterMarkValueTxt": {
							"value": {
								"value": "@variables('plnVar_ScheduleRunDate')",
								"type": "Expression"
							},
							"type": "String"
						},
						"in_ScheduleTaskRunSk": {
							"value": {
								"value": "@pipeline().parameters.plnPar_ScheduleTaskRunSk",
								"type": "Expression"
							},
							"type": "Int64"
						}
					}
				},
				"linkedServiceName": {
					"referenceName": "lnks_edw_asqldb_nwedw",
					"type": "LinkedServiceReference"
				}
			},
			{
				"name": "set var - hwm",
				"type": "SetVariable",
				"dependsOn": [
					{
						"activity": "lkp - get schedule task run details",
						"dependencyConditions": [
							"Succeeded"
						]
					}
				],
				"policy": {
					"secureOutput": false,
					"secureInput": false
				},
				"userProperties": [],
				"typeProperties": {
					"variableName": "plnVar_HWM",
					"value": {
						"value": "@coalesce(activity('lkp - get schedule task run details').output.firstRow.change_control_dt,'2000-01-01')",
						"type": "Expression"
					}
				}
			},
			{
				"name": "set var - own backup service id",
				"type": "SetVariable",
				"dependsOn": [
					{
						"activity": "lkp - request session id",
						"dependencyConditions": [
							"Succeeded"
						]
					}
				],
				"policy": {
					"secureOutput": false,
					"secureInput": false
				},
				"userProperties": [],
				"typeProperties": {
					"variableName": "plnVar_ServiceId",
					"value": {
						"value": "@activity('lkp - get schedule task run details').output.firstRow.ownbackup_service_id",
						"type": "Expression"
					}
				}
			},
			{
				"name": "set var - schedule run dt",
				"type": "SetVariable",
				"dependsOn": [
					{
						"activity": "lkp - request session id",
						"dependencyConditions": [
							"Succeeded"
						]
					}
				],
				"policy": {
					"secureOutput": false,
					"secureInput": false
				},
				"userProperties": [],
				"typeProperties": {
					"variableName": "plnVar_ScheduleRunDate",
					"value": {
						"value": "@coalesce(activity('lkp - get schedule task run details').output.firstRow.schedule_task_run_dt,'1900-01-01')",
						"type": "Expression"
					}
				}
			},
			{
				"name": "api - close session - success",
				"type": "WebActivity",
				"dependsOn": [
					{
						"activity": "ForEach Task Priority",
						"dependencyConditions": [
							"Succeeded"
						]
					}
				],
				"policy": {
					"timeout": "7.00:00:00",
					"retry": 0,
					"retryIntervalInSeconds": 30,
					"secureOutput": false,
					"secureInput": false
				},
				"userProperties": [],
				"typeProperties": {
					"method": "POST",
					"headers": {
						"X-SESSION-ID": {
							"value": "@variables('plnVar_SessionId')",
							"type": "Expression"
						},
						"Content-Type": "application/json",
						"Accept": "application/json"
					},
					"url": {
						"value": "@concat(activity('lkp - get schedule task run details').output.firstRow.source_system_base_url,'/api/auth/v1/logout')",
						"type": "Expression"
					},
					"connectVia": {
						"referenceName": "ir-linkself-MR",
						"type": "IntegrationRuntimeReference"
					},
					"body": {
						"value": "@variables('plnVaCloseSessionBody')",
						"type": "Expression"
					}
				}
			},
			{
				"name": "lkp - trunc and load ncino bkp session table",
				"type": "Lookup",
				"dependsOn": [
					{
						"activity": "fil - backups by HWM n Schedule RunDt",
						"dependencyConditions": [
							"Succeeded"
						]
					},
					{
						"activity": "set var - insert session details sql",
						"dependencyConditions": [
							"Succeeded"
						]
					}
				],
				"policy": {
					"timeout": "7.00:00:00",
					"retry": 0,
					"retryIntervalInSeconds": 30,
					"secureOutput": false,
					"secureInput": false
				},
				"userProperties": [],
				"typeProperties": {
					"source": {
						"type": "AzureSqlSource",
						"sqlReaderQuery": {
							"value": "@variables('plnVar_InsSessDetailsSQL')",
							"type": "Expression"
						},
						"queryTimeout": "02:00:00",
						"partitionOption": "None"
					},
					"dataset": {
						"referenceName": "ds_asqldb_edw_table",
						"type": "DatasetReference",
						"parameters": {
							"dsPar_SchemaName": "mgmt",
							"dsPar_TableName": "entity_details_ncino_backup_session"
						}
					}
				}
			},
			{
				"name": "set var - insert session details sql",
				"type": "SetVariable",
				"dependsOn": [
					{
						"activity": "lkp - get service backup details",
						"dependencyConditions": [
							"Succeeded"
						]
					}
				],
				"policy": {
					"secureOutput": false,
					"secureInput": false
				},
				"userProperties": [],
				"typeProperties": {
					"variableName": "plnVar_InsSessDetailsSQL",
					"value": {
						"value": "@{concat('truncate table mgmt.entity_details_ncino_backup_session ; Insert into mgmt.entity_details_ncino_backup_session (schedule_task_run_sk, session_id) values (', pipeline().parameters.plnPar_ScheduleTaskRunSk, ',''', variables('plnVar_SessionId'), '''); \nselect 1 as dummy_col ;')}",
						"type": "Expression"
					}
				}
			},
			{
				"name": "if - no backups after filter - then faile pipeline",
				"type": "IfCondition",
				"dependsOn": [
					{
						"activity": "fil - backups by HWM n Schedule RunDt",
						"dependencyConditions": [
							"Succeeded"
						]
					}
				],
				"userProperties": [],
				"typeProperties": {
					"expression": {
						"value": "@lessOrEquals(activity('fil - backups by HWM n Schedule RunDt').output.FilteredItemsCount,0)",
						"type": "Expression"
					},
					"ifTrueActivities": [
						{
							"name": "fail - no backup available",
							"type": "Fail",
							"dependsOn": [
								{
									"activity": "exec - end schedule - fail",
									"dependencyConditions": [
										"Succeeded"
									]
								}
							],
							"userProperties": [],
							"typeProperties": {
								"message": {
									"value": "@concat('Failure - there is no backup available for the given date - ', variables('plnVar_ScheduleRunDate'), '. Please try running at a later time when the backup is available.')",
									"type": "Expression"
								},
								"errorCode": "504"
							}
						},
						{
							"name": "exec - end phase - fail",
							"type": "ExecutePipeline",
							"dependsOn": [
								{
									"activity": "exec - end task - fail",
									"dependencyConditions": [
										"Succeeded"
									]
								}
							],
							"policy": {
								"secureInput": false
							},
							"userProperties": [],
							"typeProperties": {
								"pipeline": {
									"referenceName": "pln_orch_end_phase",
									"type": "PipelineReference"
								},
								"waitOnCompletion": true,
								"parameters": {
									"plnPar_BatchName": {
										"value": "@pipeline().parameters.plnPar_BatchName",
										"type": "Expression"
									},
									"plnPar_PhaseName": {
										"value": "@pipeline().parameters.plnPar_PhaseName",
										"type": "Expression"
									},
									"plnPar_PhaseRunStatusCd": "FAILED"
								}
							}
						},
						{
							"name": "exec - end batch - fail",
							"type": "ExecutePipeline",
							"dependsOn": [
								{
									"activity": "exec - end phase - fail",
									"dependencyConditions": [
										"Succeeded"
									]
								}
							],
							"policy": {
								"secureInput": false
							},
							"userProperties": [],
							"typeProperties": {
								"pipeline": {
									"referenceName": "pln_orch_end_batch",
									"type": "PipelineReference"
								},
								"waitOnCompletion": true,
								"parameters": {
									"plnPar_BatchName": {
										"value": "@pipeline().parameters.plnPar_BatchName",
										"type": "Expression"
									},
									"plnPar_BatchRunStatusCd": "FAILED"
								}
							}
						},
						{
							"name": "exec - end schedule - fail",
							"type": "ExecutePipeline",
							"dependsOn": [
								{
									"activity": "exec - end batch - fail",
									"dependencyConditions": [
										"Succeeded"
									]
								}
							],
							"policy": {
								"secureInput": false
							},
							"userProperties": [],
							"typeProperties": {
								"pipeline": {
									"referenceName": "pln_orch_end_schedule",
									"type": "PipelineReference"
								},
								"waitOnCompletion": true,
								"parameters": {
									"plnPar_ScheduleName": {
										"value": "@pipeline().parameters.plnPar_ScheduleName",
										"type": "Expression"
									},
									"plnPar_SchedulRunStatusCd": "FAILED"
								}
							}
						},
						{
							"name": "exec - end task - fail",
							"type": "ExecutePipeline",
							"dependsOn": [],
							"policy": {
								"secureInput": false
							},
							"userProperties": [],
							"typeProperties": {
								"pipeline": {
									"referenceName": "pln_orch_end_task",
									"type": "PipelineReference"
								},
								"waitOnCompletion": true,
								"parameters": {
									"plnPar_TaskApplicationRunIdTxt": {
										"value": "@pipeline().RunId",
										"type": "Expression"
									},
									"plnPar_TaskRunStatusCd": "FAILED",
									"plnPar_TaskRunStatusDesc": {
										"value": "@concat('Failure - there is no backup available for the given date - ', variables('plnVar_ScheduleRunDate'), '. Please try running at a later time when the backup is available.')",
										"type": "Expression"
									},
									"plnPar_ScheduleTaskRunSk": {
										"value": "@pipeline().parameters.plnPar_ScheduleTaskRunSk",
										"type": "Expression"
									}
								}
							}
						}
					]
				}
			}
		],
		"parameters": {
			"plnPar_ScheduleTaskRunSk": {
				"type": "string",
				"defaultValue": "1522"
			},
			"plnPar_ScheduleName": {
				"type": "string",
				"defaultValue": "EDW_Daily_nCino"
			},
			"plnPar_BatchName": {
				"type": "string",
				"defaultValue": "nCino_Staging_Daily"
			},
			"plnPar_PhaseName": {
				"type": "string",
				"defaultValue": "Land"
			}
		},
		"variables": {
			"plnVar_SessionId": {
				"type": "String",
				"defaultValue": "8fb5febf11dd7891243c3f2b6567da3f"
			},
			"plnVar_RawContainerName": {
				"type": "String",
				"defaultValue": "raw-ncino"
			},
			"plnVar_HWM": {
				"type": "String"
			},
			"plnVar_DelaySeconds": {
				"type": "String",
				"defaultValue": "1"
			},
			"plnVaCloseSessionBody": {
				"type": "String",
				"defaultValue": "{}"
			},
			"plnVar_RemainingTaskPriorities": {
				"type": "Array"
			},
			"plnVar_ScheduleRunDate": {
				"type": "String"
			},
			"PlnVar_CurrentPriorityTaskNames": {
				"type": "String"
			},
			"plnVar_BackupCompletedAtDates": {
				"type": "Array"
			},
			"plnVar_MinBackupDate": {
				"type": "String"
			},
			"plnVar_ServiceId": {
				"type": "String"
			},
			"plnVar_InsSessDetailsSQL": {
				"type": "String"
			}
		},
		"folder": {
			"name": "21 - Datalake"
		},
		"annotations": [],
		"lastPublishTime": "2022-09-06T14:47:20Z"
	},
	"type": "Microsoft.DataFactory/factories/pipelines"
}