{
	"name": "pln_load_fwx_mr_to_raw_incr",
	"properties": {
		"activities": [
			{
				"name": "lkp - get schedule task run details",
				"type": "Lookup",
				"dependsOn": [],
				"policy": {
					"timeout": "7.00:00:00",
					"retry": 0,
					"retryIntervalInSeconds": 30,
					"secureOutput": false,
					"secureInput": false
				},
				"userProperties": [],
				"typeProperties": {
					"source": {
						"type": "AzureSqlSource",
						"sqlReaderStoredProcedureName": "[mgmt].[usp_get_schedule_task_run_details]",
						"storedProcedureParameters": {
							"in_ScheduleTaskRunSk": {
								"type": "Int64",
								"value": {
									"value": "@pipeline().parameters.plnPar_ScheduleTaskRunSk",
									"type": "Expression"
								}
							}
						},
						"queryTimeout": "02:00:00",
						"partitionOption": "None"
					},
					"dataset": {
						"referenceName": "ds_asqldb_edw_table",
						"type": "DatasetReference",
						"parameters": {
							"dsPar_SchemaName": "dbo",
							"dsPar_TableName": "schedule_task_run"
						}
					},
					"firstRowOnly": true
				}
			},
			{
				"name": "set var - incremental cols List",
				"description": "sets the sql override statement that should be used to pull the data from MR",
				"type": "SetVariable",
				"dependsOn": [
					{
						"activity": "lkp - get schedule task run details",
						"dependencyConditions": [
							"Succeeded"
						]
					},
					{
						"activity": "set var - src nk formula",
						"dependencyConditions": [
							"Succeeded"
						]
					}
				],
				"policy": {
					"secureOutput": false,
					"secureInput": false
				},
				"userProperties": [],
				"typeProperties": {
					"variableName": "plnVar_IncrColsList",
					"value": {
						"value": "@split(activity('lkp - get schedule task run details').output.firstRow.src_sql_override_filter_col_nm,',')",
						"type": "Expression"
					}
				}
			},
			{
				"name": "set var - src nk formula",
				"description": "",
				"type": "SetVariable",
				"dependsOn": [
					{
						"activity": "lkp - get schedule task run details",
						"dependencyConditions": [
							"Succeeded"
						]
					}
				],
				"policy": {
					"secureOutput": false,
					"secureInput": false
				},
				"userProperties": [],
				"typeProperties": {
					"variableName": "plnVar_nk_hk_formula",
					"value": {
						"value": "@replace(replace(activity('lkp - get schedule task run details').output.firstRow.src_table_nk_hash_formula_txt,']','])'),'[','convert(varchar(max),[')",
						"type": "Expression"
					}
				}
			},
			{
				"name": "set var - min val greater than hwm",
				"description": "",
				"type": "SetVariable",
				"dependsOn": [
					{
						"activity": "set var - incremental cols List",
						"dependencyConditions": [
							"Succeeded"
						]
					}
				],
				"policy": {
					"secureOutput": false,
					"secureInput": false
				},
				"userProperties": [],
				"typeProperties": {
					"variableName": "plnVar_MinDateGrtrHWMSQL",
					"value": {
						"value": "@CONCAT('select convert(varchar(19),min(',split(activity('lkp - get schedule task run details').output.firstRow.src_sql_override_filter_col_nm,',')[0],'),121) as min_snapshot_dt from ', activity('lkp - get schedule task run details').OUTPUT.firstRow.src_table_prefix_txt, '.', activity('lkp - get schedule task run details').OUTPUT.firstRow.src_entity_nm, ' where  ', split(activity('lkp - get schedule task run details').output.firstRow.src_sql_override_filter_col_nm,',')[0], ' > ', activity('lkp - get schedule task run details').OUTPUT.firstRow.change_control_min_val)",
						"type": "Expression"
					}
				}
			},
			{
				"name": "lkp - min snapshot date",
				"type": "Lookup",
				"dependsOn": [
					{
						"activity": "set var - min val greater than hwm",
						"dependencyConditions": [
							"Succeeded"
						]
					}
				],
				"policy": {
					"timeout": "7.00:00:00",
					"retry": 2,
					"retryIntervalInSeconds": 30,
					"secureOutput": false,
					"secureInput": false
				},
				"userProperties": [],
				"typeProperties": {
					"source": {
						"type": "SqlServerSource",
						"sqlReaderQuery": {
							"value": "@variables('plnVar_MinDateGrtrHWMSQL')",
							"type": "Expression"
						},
						"queryTimeout": "02:00:00",
						"partitionOption": "None"
					},
					"dataset": {
						"referenceName": "ds_sqldb_fwx_mr_table",
						"type": "DatasetReference",
						"parameters": {
							"dsPar_dbSchemaName": "@activity('lkp - get schedule task run details').output.firstRow.src_table_prefix_txt",
							"dsPar_dbTableName": "@activity('lkp - get schedule task run details').output.firstRow.src_entity_nm",
							"dsPar_dbAKVConnectionName": "@activity('lkp - get schedule task run details').output.firstRow.src_system_akv_connection_txt"
						}
					}
				}
			},
			{
				"name": "If new increment exists",
				"type": "IfCondition",
				"dependsOn": [
					{
						"activity": "ForEach - incremental cols - set filter",
						"dependencyConditions": [
							"Succeeded"
						]
					}
				],
				"userProperties": [],
				"typeProperties": {
					"expression": {
						"value": "@IF(equals(coalesce(activity('lkp - min snapshot date').output.firstRow.min_snapshot_dt,''),''), false, true)",
						"type": "Expression"
					},
					"ifTrueActivities": [
						{
							"name": "set var - incremental sql override statement",
							"description": "sets the sql override statement that should be used to pull the data from MR",
							"type": "SetVariable",
							"dependsOn": [
								{
									"activity": "lkp - get new hwm and tbl count",
									"dependencyConditions": [
										"Succeeded"
									]
								}
							],
							"policy": {
								"secureOutput": false,
								"secureInput": false
							},
							"userProperties": [],
							"typeProperties": {
								"variableName": "plnVar_IncrSqlOverride",
								"value": {
									"value": "@concat('SELECT x.* FROM (select ',activity('lkp - get schedule task run details').output.firstRow.src_cols_list_txt,',',' ROW_NUMBER() over(order by GETDATE()) as src_file_line_nbr  from ( ',  variables('plnVar_IncrSubSqlWithFilter'), ' ) as t) AS X ')",
									"type": "Expression"
								}
							}
						},
						{
							"name": "set var - new highwater mark query",
							"description": "sets the sql override statement that should be used to pull the data from MR",
							"type": "SetVariable",
							"dependsOn": [],
							"policy": {
								"secureOutput": false,
								"secureInput": false
							},
							"userProperties": [],
							"typeProperties": {
								"variableName": "plnVar_IncrSqlMaxChangeCtrl",
								"value": {
									"value": "@concat('select max(hwm) as new_high_watermark, sum(cnt) as upper_bound from ( ',  variables('plnVar_IncrHWMSubSqlWithFilter'), ' ) as t')",
									"type": "Expression"
								}
							}
						},
						{
							"name": "lkp - get new hwm and tbl count",
							"type": "Lookup",
							"dependsOn": [
								{
									"activity": "set var - new highwater mark query",
									"dependencyConditions": [
										"Succeeded"
									]
								}
							],
							"policy": {
								"timeout": "7.00:00:00",
								"retry": 2,
								"retryIntervalInSeconds": 30,
								"secureOutput": false,
								"secureInput": false
							},
							"userProperties": [],
							"typeProperties": {
								"source": {
									"type": "SqlServerSource",
									"sqlReaderQuery": {
										"value": "@variables('plnVar_IncrSqlMaxChangeCtrl')",
										"type": "Expression"
									},
									"queryTimeout": "02:00:00",
									"partitionOption": "None"
								},
								"dataset": {
									"referenceName": "ds_sqldb_fwx_mr_table",
									"type": "DatasetReference",
									"parameters": {
										"dsPar_dbSchemaName": {
											"value": "@activity('lkp - get schedule task run details').output.firstRow.src_table_prefix_txt",
											"type": "Expression"
										},
										"dsPar_dbTableName": {
											"value": "@activity('lkp - get schedule task run details').output.firstRow.src_entity_nm",
											"type": "Expression"
										},
										"dsPar_dbAKVConnectionName": {
											"value": "@activity('lkp - get schedule task run details').output.firstRow.src_system_akv_connection_txt",
											"type": "Expression"
										}
									}
								}
							}
						},
						{
							"name": "copy - FWX MR data from source to EDW raw",
							"type": "Copy",
							"dependsOn": [
								{
									"activity": "set var - incremental sql override statement",
									"dependencyConditions": [
										"Succeeded"
									]
								},
								{
									"activity": "set var - raw file name",
									"dependencyConditions": [
										"Succeeded"
									]
								},
								{
									"activity": "set var - raw folder name",
									"dependencyConditions": [
										"Succeeded"
									]
								}
							],
							"policy": {
								"timeout": "7.00:00:00",
								"retry": 2,
								"retryIntervalInSeconds": 30,
								"secureOutput": false,
								"secureInput": false
							},
							"userProperties": [],
							"typeProperties": {
								"source": {
									"type": "SqlServerSource",
									"sqlReaderQuery": {
										"value": "@variables('plnVar_IncrSqlOverride')",
										"type": "Expression"
									},
									"queryTimeout": "02:00:00",
									"partitionOption": "None"
								},
								"sink": {
									"type": "DelimitedTextSink",
									"storeSettings": {
										"type": "AzureBlobFSWriteSettings"
									},
									"formatSettings": {
										"type": "DelimitedTextWriteSettings",
										"quoteAllText": true,
										"fileExtension": ".txt"
									}
								},
								"enableStaging": false,
								"parallelCopies": {
									"value": "@activity('lkp - get schedule task run details').output.firstRow.copy_degree_of_parallelism_nbr",
									"type": "Expression"
								},
								"dataIntegrationUnits": {
									"value": "@activity('lkp - get schedule task run details').output.firstRow.copy_data_integration_unit_nbr",
									"type": "Expression"
								},
								"translator": {
									"type": "TabularTranslator",
									"typeConversion": true,
									"typeConversionSettings": {
										"allowDataTruncation": true,
										"treatBooleanAsNumber": false
									}
								}
							},
							"inputs": [
								{
									"referenceName": "ds_sqldb_fwx_mr_table",
									"type": "DatasetReference",
									"parameters": {
										"dsPar_dbSchemaName": "@activity('lkp - get schedule task run details').output.firstRow.src_table_prefix_txt",
										"dsPar_dbTableName": "@activity('lkp - get schedule task run details').output.firstRow.src_entity_nm",
										"dsPar_dbAKVConnectionName": "@activity('lkp - get schedule task run details').output.firstRow.src_system_akv_connection_txt"
									}
								}
							],
							"outputs": [
								{
									"referenceName": "ds_adls_raw_file_pipeDelim",
									"type": "DatasetReference",
									"parameters": {
										"dsPar_Container": {
											"value": "@variables('plnVar_RawContainerName')",
											"type": "Expression"
										},
										"dsPar_Folder": {
											"value": "@variables('plnVar_RawFolderName')",
											"type": "Expression"
										},
										"dsPar_File": {
											"value": "@variables('plnVar_RawFileName')",
											"type": "Expression"
										}
									}
								}
							]
						},
						{
							"name": "set var - raw folder name",
							"description": "sets the variable for the raw folder name to the entity name and the date",
							"type": "SetVariable",
							"dependsOn": [],
							"policy": {
								"secureOutput": false,
								"secureInput": false
							},
							"userProperties": [],
							"typeProperties": {
								"variableName": "plnVar_RawFolderName",
								"value": {
									"value": "@concat(activity('lkp - get schedule task run details').output.firstRow.src_system_abbrv_cd,'\\',activity('lkp - get schedule task run details').output.firstRow.src_table_prefix_txt,'\\',activity('lkp - get schedule task run details').output.firstRow.src_entity_nm,'\\',replace(activity('lkp - get schedule task run details').output.firstRow.schedule_task_run_dt,'-','\\'))",
									"type": "Expression"
								}
							}
						},
						{
							"name": "set var - raw file name",
							"description": "sets the variable for the raw file name to the entity name + full + the date",
							"type": "SetVariable",
							"dependsOn": [],
							"policy": {
								"secureOutput": false,
								"secureInput": false
							},
							"userProperties": [],
							"typeProperties": {
								"variableName": "plnVar_RawFileName",
								"value": {
									"value": "@concat(activity('lkp - get schedule task run details').output.firstRow.tgt_entity_nm,'_',replace(activity('lkp - get schedule task run details').output.firstRow.schedule_task_run_dt,'-',''),'_incr.txt')",
									"type": "Expression"
								}
							}
						},
						{
							"name": "exec proc - set high watermark",
							"type": "SqlServerStoredProcedure",
							"dependsOn": [
								{
									"activity": "copy - FWX MR data from source to EDW raw",
									"dependencyConditions": [
										"Succeeded"
									]
								}
							],
							"policy": {
								"timeout": "7.00:00:00",
								"retry": 0,
								"retryIntervalInSeconds": 30,
								"secureOutput": false,
								"secureInput": false
							},
							"userProperties": [],
							"typeProperties": {
								"storedProcedureName": "[mgmt].[usp_set_schedule_task_high_watermark]",
								"storedProcedureParameters": {
									"in_HighWaterMarkTypeCd": {
										"value": {
											"value": "@activity('lkp - get schedule task run details').output.firstRow.src_sql_incr_col_type_cd",
											"type": "Expression"
										},
										"type": "String"
									},
									"in_HighWaterMarkValueTxt": {
										"value": {
											"value": "@activity('lkp - get new hwm and tbl count').output.firstRow.new_high_watermark",
											"type": "Expression"
										},
										"type": "String"
									},
									"in_ScheduleTaskRunSk": {
										"value": {
											"value": "@pipeline().parameters.plnPar_ScheduleTaskRunSk",
											"type": "Expression"
										},
										"type": "Int64"
									}
								}
							},
							"linkedServiceName": {
								"referenceName": "lnks_edw_asqldb_nwedw",
								"type": "LinkedServiceReference"
							}
						},
						{
							"name": "set var - error msg - copy failure",
							"type": "SetVariable",
							"dependsOn": [
								{
									"activity": "copy - FWX MR data from source to EDW raw",
									"dependencyConditions": [
										"Failed"
									]
								}
							],
							"policy": {
								"secureOutput": false,
								"secureInput": false
							},
							"userProperties": [],
							"typeProperties": {
								"variableName": "plnVar_ErrorMessage",
								"value": {
									"value": "@coalesce(activity('copy - FWX MR data from source to EDW raw').output.errors[0].message,'')",
									"type": "Expression"
								}
							}
						},
						{
							"name": "exec - pln - end task - copy failure",
							"type": "ExecutePipeline",
							"dependsOn": [
								{
									"activity": "set var - error msg - copy failure",
									"dependencyConditions": [
										"Succeeded"
									]
								}
							],
							"policy": {
								"secureInput": false
							},
							"userProperties": [],
							"typeProperties": {
								"pipeline": {
									"referenceName": "pln_orch_end_task",
									"type": "PipelineReference"
								},
								"waitOnCompletion": true,
								"parameters": {
									"plnPar_TaskApplicationRunIdTxt": {
										"value": "@concat('PLN_RUN_ID: ',pipeline().RunId ,' | PLN_NM: ',pipeline().Pipeline,' | DF_NM: ',pipeline().DataFactory)",
										"type": "Expression"
									},
									"plnPar_TaskRunStatusCd": "FAILED",
									"plnPar_TaskRunStatusDesc": {
										"value": "@variables('plnVar_ErrorMessage')",
										"type": "Expression"
									},
									"plnPar_ScheduleTaskRunSk": {
										"value": "@pipeline().parameters.plnPar_ScheduleTaskRunSk",
										"type": "Expression"
									}
								}
							}
						},
						{
							"name": "set var - error msg - hwm proc failure",
							"type": "SetVariable",
							"dependsOn": [
								{
									"activity": "exec proc - set high watermark",
									"dependencyConditions": [
										"Failed"
									]
								}
							],
							"policy": {
								"secureOutput": false,
								"secureInput": false
							},
							"userProperties": [],
							"typeProperties": {
								"variableName": "plnVar_ErrorMessage",
								"value": {
									"value": "Stored procedure to load staging table failed. View pipeline run log for details",
									"type": "Expression"
								}
							}
						},
						{
							"name": "exec - pln - end task - hwm proc failure",
							"type": "ExecutePipeline",
							"dependsOn": [
								{
									"activity": "set var - error msg - hwm proc failure",
									"dependencyConditions": [
										"Succeeded"
									]
								}
							],
							"policy": {
								"secureInput": false
							},
							"userProperties": [],
							"typeProperties": {
								"pipeline": {
									"referenceName": "pln_orch_end_task",
									"type": "PipelineReference"
								},
								"waitOnCompletion": true,
								"parameters": {
									"plnPar_TaskApplicationRunIdTxt": {
										"value": "@concat('PLN_RUN_ID: ',pipeline().RunId ,' | PLN_NM: ',pipeline().Pipeline,' | DF_NM: ',pipeline().DataFactory)",
										"type": "Expression"
									},
									"plnPar_TaskRunStatusCd": "FAILED",
									"plnPar_TaskRunStatusDesc": {
										"value": "@variables('plnVar_ErrorMessage')",
										"type": "Expression"
									},
									"plnPar_ScheduleTaskRunSk": {
										"value": "@pipeline().parameters.plnPar_ScheduleTaskRunSk",
										"type": "Expression"
									}
								}
							}
						},
						{
							"name": "exec - proc - update row counts",
							"type": "SqlServerStoredProcedure",
							"dependsOn": [
								{
									"activity": "copy - FWX MR data from source to EDW raw",
									"dependencyConditions": [
										"Succeeded"
									]
								}
							],
							"policy": {
								"timeout": "7.00:00:00",
								"retry": 0,
								"retryIntervalInSeconds": 30,
								"secureOutput": false,
								"secureInput": false
							},
							"userProperties": [],
							"typeProperties": {
								"storedProcedureName": "[mgmt].[usp_update_row_counts]",
								"storedProcedureParameters": {
									"in_ScheduleTaskRunSk": {
										"value": {
											"value": "@pipeline().parameters.plnPar_ScheduleTaskRunSk",
											"type": "Expression"
										},
										"type": "Int64"
									},
									"in_SourceRowCount": {
										"value": {
											"value": "@activity('copy - FWX MR data from source to EDW raw').output.rowsRead",
											"type": "Expression"
										},
										"type": "Int64"
									},
									"in_TargetRowCount": {
										"value": {
											"value": "@activity('copy - FWX MR data from source to EDW raw').output.rowsCopied",
											"type": "Expression"
										},
										"type": "Int64"
									},
									"in_TaskApplicationRunIdTxt": {
										"value": {
											"value": "@pipeline().RunId",
											"type": "Expression"
										},
										"type": "String"
									}
								}
							},
							"linkedServiceName": {
								"referenceName": "lnks_edw_asqldb_nwedw",
								"type": "LinkedServiceReference"
							}
						},
						{
							"name": "exec - fail pipeline - load raw - incr fail",
							"type": "ExecutePipeline",
							"dependsOn": [
								{
									"activity": "exec - pln - end task - copy failure",
									"dependencyConditions": [
										"Succeeded"
									]
								}
							],
							"policy": {
								"secureInput": false
							},
							"userProperties": [],
							"typeProperties": {
								"pipeline": {
									"referenceName": "pln_fail_pipeline_template",
									"type": "PipelineReference"
								},
								"waitOnCompletion": true
							}
						}
					]
				}
			},
			{
				"name": "ForEach - incremental cols - set filter",
				"type": "ForEach",
				"dependsOn": [
					{
						"activity": "lkp - min snapshot date",
						"dependencyConditions": [
							"Succeeded"
						]
					}
				],
				"userProperties": [],
				"typeProperties": {
					"items": {
						"value": "@variables('plnVar_IncrColsList')",
						"type": "Expression"
					},
					"isSequential": true,
					"activities": [
						{
							"name": "set var - append incr cols filter",
							"type": "SetVariable",
							"dependsOn": [
								{
									"activity": "set var - incr sub sql temp",
									"dependencyConditions": [
										"Succeeded"
									]
								}
							],
							"policy": {
								"secureOutput": false,
								"secureInput": false
							},
							"userProperties": [],
							"typeProperties": {
								"variableName": "plnVar_IncrSubSqlWithFilter",
								"value": {
									"value": "@if(variables('plnVar_IncrColFilterAppendStarted'), \nCONCAT(variables('plnVar_IncrSubSqlTemp'), ' union ',variables('plnVar_IncrColSql')),variables('plnVar_IncrColSql'))",
									"type": "Expression"
								}
							}
						},
						{
							"name": "set var - incr filter cols appended started",
							"type": "SetVariable",
							"dependsOn": [
								{
									"activity": "set var - append incr cols filter",
									"dependencyConditions": [
										"Succeeded"
									]
								},
								{
									"activity": "set var - append incr hwm filter",
									"dependencyConditions": [
										"Succeeded"
									]
								}
							],
							"policy": {
								"secureOutput": false,
								"secureInput": false
							},
							"userProperties": [],
							"typeProperties": {
								"variableName": "plnVar_IncrColFilterAppendStarted",
								"value": true
							}
						},
						{
							"name": "set var - incremental col sql",
							"type": "SetVariable",
							"dependsOn": [],
							"policy": {
								"secureOutput": false,
								"secureInput": false
							},
							"userProperties": [],
							"typeProperties": {
								"variableName": "plnVar_IncrColSql",
								"value": {
									"value": "@CONCAT('select * from ', activity('lkp - get schedule task run details').OUTPUT.firstRow.src_table_prefix_txt, '.', activity('lkp - get schedule task run details').OUTPUT.firstRow.src_entity_nm, ' where ', item(), \nif(equals(item(),'EndDateIDInternal'),concat(' between ',activity('lkp - get schedule task run details').OUTPUT.firstRow.change_control_min_val, ' and ', activity('lkp - min snapshot date').output.firstRow.min_snapshot_dt, ' '),concat(if(equals(\nactivity('lkp - get schedule task run details').OUTPUT.firstRow.src_sql_incr_col_type_cd,'DateTime'),' >= ''',' = '''), activity('lkp - min snapshot date').output.firstRow.min_snapshot_dt,'''')))",
									"type": "Expression"
								}
							}
						},
						{
							"name": "set var - append incr hwm filter",
							"type": "SetVariable",
							"dependsOn": [
								{
									"activity": "set var - hwm sub sql temp",
									"dependencyConditions": [
										"Succeeded"
									]
								}
							],
							"policy": {
								"secureOutput": false,
								"secureInput": false
							},
							"userProperties": [],
							"typeProperties": {
								"variableName": "plnVar_IncrHWMSubSqlWithFilter",
								"value": {
									"value": "@if(variables('plnVar_IncrColFilterAppendStarted')\n,CONCAT(variables('plnVar_IncrHWMSubSqlTemp'), ' union ',variables('plnVar_IncrHWMSql')), \nvariables('plnVar_IncrHWMSql'))",
									"type": "Expression"
								}
							}
						},
						{
							"name": "set var - incremental hwm sql",
							"type": "SetVariable",
							"dependsOn": [],
							"policy": {
								"secureOutput": false,
								"secureInput": false
							},
							"userProperties": [],
							"typeProperties": {
								"variableName": "plnVar_IncrHWMSql",
								"value": {
									"value": "@CONCAT('select max( ', item(),') as hwm, count(*) as cnt from ', activity('lkp - get schedule task run details').OUTPUT.firstRow.src_table_prefix_txt, '.', activity('lkp - get schedule task run details').OUTPUT.firstRow.src_entity_nm, ' where ', item(),  \nif(equals(item(),'EndDateIDInternal'),concat(' between ',activity('lkp - get schedule task run details').OUTPUT.firstRow.change_control_min_val, ' and ', activity('lkp - min snapshot date').output.firstRow.min_snapshot_dt, ' '),concat(if(equals(\nactivity('lkp - get schedule task run details').OUTPUT.firstRow.src_sql_incr_col_type_cd,'DateTime'),' >= ''',' = '''), activity('lkp - min snapshot date').output.firstRow.min_snapshot_dt,'''')))\n",
									"type": "Expression"
								}
							}
						},
						{
							"name": "set var - hwm sub sql temp",
							"type": "SetVariable",
							"dependsOn": [
								{
									"activity": "set var - incremental hwm sql",
									"dependencyConditions": [
										"Succeeded"
									]
								}
							],
							"policy": {
								"secureOutput": false,
								"secureInput": false
							},
							"userProperties": [],
							"typeProperties": {
								"variableName": "plnVar_IncrHWMSubSqlTemp",
								"value": {
									"value": "@variables('plnVar_IncrHWMSubSqlWithFilter')",
									"type": "Expression"
								}
							}
						},
						{
							"name": "set var - incr sub sql temp",
							"type": "SetVariable",
							"dependsOn": [
								{
									"activity": "set var - incremental col sql",
									"dependencyConditions": [
										"Succeeded"
									]
								}
							],
							"policy": {
								"secureOutput": false,
								"secureInput": false
							},
							"userProperties": [],
							"typeProperties": {
								"variableName": "plnVar_IncrSubSqlTemp",
								"value": {
									"value": "@variables('plnVar_IncrSubSqlWithFilter')",
									"type": "Expression"
								}
							}
						}
					]
				}
			}
		],
		"parameters": {
			"plnPar_ScheduleTaskRunSk": {
				"type": "string",
				"defaultValue": "26376"
			},
			"plnPar_ScheduleName": {
				"type": "string",
				"defaultValue": "EDW_Daily_FWX_MR"
			},
			"plnPar_BatchName": {
				"type": "string",
				"defaultValue": "FWX_MR_Staging_Daily"
			},
			"plnPar_PhaseName": {
				"type": "string",
				"defaultValue": "Land"
			},
			"plnPar_TgtRawFileEntityNm": {
				"type": "string",
				"defaultValue": "DATAMART_dbo_RiskRating"
			}
		},
		"variables": {
			"plnVar_RawContainerName": {
				"type": "String",
				"defaultValue": "raw-fwx-mr"
			},
			"plnVar_RawFolderName": {
				"type": "String"
			},
			"plnVar_RawFileName": {
				"type": "String"
			},
			"plnVar_IncrSqlOverride": {
				"type": "String"
			},
			"plnVar_IncrSqlMaxChangeCtrl": {
				"type": "String"
			},
			"plnVar_IncrColSql": {
				"type": "String"
			},
			"plnVar_IncrColsList": {
				"type": "Array"
			},
			"plnVar_IncrSubSqlWithFilter": {
				"type": "String"
			},
			"plnVar_IncrColFilterAppendStarted": {
				"type": "Boolean"
			},
			"plnVar_IncrHWMSql": {
				"type": "String"
			},
			"plnVar_IncrHWMSubSqlWithFilter": {
				"type": "String"
			},
			"plnVar_IncrHWMSubSqlTemp": {
				"type": "String"
			},
			"plnVar_IncrSubSqlTemp": {
				"type": "String"
			},
			"plnVar_nk_hk_formula": {
				"type": "String"
			},
			"plnVar_ErrorMessage": {
				"type": "String"
			},
			"plnVar_MinDateGrtrHWMSQL": {
				"type": "String"
			},
			"plnVar_MaxDateVal": {
				"type": "String",
				"defaultValue": "''"
			}
		},
		"folder": {
			"name": "21 - Datalake"
		},
		"annotations": [],
		"lastPublishTime": "2022-09-02T10:22:16Z"
	},
	"type": "Microsoft.DataFactory/factories/pipelines"
}