{
	"name": "pln_sit_generate_src_data_edp",
	"properties": {
		"activities": [
			{
				"name": "Get EDP Src File",
				"type": "GetMetadata",
				"dependsOn": [],
				"policy": {
					"timeout": "7.00:00:00",
					"retry": 0,
					"retryIntervalInSeconds": 30,
					"secureOutput": false,
					"secureInput": false
				},
				"userProperties": [],
				"typeProperties": {
					"dataset": {
						"referenceName": "ds_adls_ext_folder_edp",
						"type": "DatasetReference",
						"parameters": {
							"dsPar_EDP_Container_Name": {
								"value": "@pipeline().parameters.plnPar_ContainerName",
								"type": "Expression"
							},
							"dsPar_EDP_Folder_Name": {
								"value": "@pipeline().parameters.plnPar_FolderName",
								"type": "Expression"
							}
						}
					},
					"fieldList": [
						"childItems"
					],
					"storeSettings": {
						"type": "AzureBlobFSReadSettings",
						"recursive": true,
						"enablePartitionDiscovery": false
					},
					"formatSettings": {
						"type": "DelimitedTextReadSettings"
					}
				}
			},
			{
				"name": "ForEachEDPFileName",
				"type": "ForEach",
				"dependsOn": [
					{
						"activity": "fil - get files only",
						"dependencyConditions": [
							"Succeeded"
						]
					}
				],
				"userProperties": [],
				"typeProperties": {
					"items": {
						"value": "@activity('fil - get files only').output.Value",
						"type": "Expression"
					},
					"activities": [
						{
							"name": "Copy - EDP file data",
							"type": "Copy",
							"dependsOn": [],
							"policy": {
								"timeout": "7.00:00:00",
								"retry": 0,
								"retryIntervalInSeconds": 30,
								"secureOutput": false,
								"secureInput": false
							},
							"userProperties": [],
							"typeProperties": {
								"source": {
									"type": "DelimitedTextSource",
									"storeSettings": {
										"type": "AzureBlobFSReadSettings",
										"recursive": true,
										"enablePartitionDiscovery": false
									},
									"formatSettings": {
										"type": "DelimitedTextReadSettings"
									}
								},
								"sink": {
									"type": "AzureSqlSink",
									"tableOption": "autoCreate",
									"disableMetricsCollection": false
								},
								"enableStaging": false,
								"translator": {
									"type": "TabularTranslator",
									"typeConversion": true,
									"typeConversionSettings": {
										"allowDataTruncation": true,
										"treatBooleanAsNumber": false
									}
								}
							},
							"inputs": [
								{
									"referenceName": "ds_adls_ext_file_edp",
									"type": "DatasetReference",
									"parameters": {
										"dsPar_EDP_File_Name": {
											"value": "@item().Name",
											"type": "Expression"
										},
										"dsPar_EDP_Container_Name": {
											"value": "@pipeline().parameters.plnPar_ContainerName",
											"type": "Expression"
										},
										"dsPar_EDP_Folder_Name": {
											"value": "@pipeline().parameters.plnPar_FolderName",
											"type": "Expression"
										}
									}
								}
							],
							"outputs": [
								{
									"referenceName": "ds_asqldb_edw_table",
									"type": "DatasetReference",
									"parameters": {
										"dsPar_SchemaName": "work",
										"dsPar_TableName": {
											"value": "@concat(replace(item().Name,'.csv',''))",
											"type": "Expression"
										}
									}
								}
							]
						}
					]
				}
			},
			{
				"name": "fil - get files only",
				"type": "Filter",
				"dependsOn": [
					{
						"activity": "Get EDP Src File",
						"dependencyConditions": [
							"Succeeded"
						]
					}
				],
				"userProperties": [],
				"typeProperties": {
					"items": {
						"value": "@activity('Get EDP Src File').output.childItems",
						"type": "Expression"
					},
					"condition": {
						"value": "@equals(item().type,'File')",
						"type": "Expression"
					}
				}
			}
		],
		"parameters": {
			"plnPar_ContainerName": {
				"type": "string",
				"defaultValue": "inbound-edp"
			},
			"plnPar_FolderName": {
				"type": "string",
				"defaultValue": "GoalReporting"
			}
		},
		"folder": {
			"name": "90 - Helper"
		},
		"annotations": [],
		"lastPublishTime": "2022-09-06T14:47:16Z"
	},
	"type": "Microsoft.DataFactory/factories/pipelines"
}