{
	"name": "pln_load_larea_to_stage",
	"properties": {
		"activities": [
			{
				"name": "lkp - get schedule task run details",
				"type": "Lookup",
				"dependsOn": [],
				"policy": {
					"timeout": "7.00:00:00",
					"retry": 0,
					"retryIntervalInSeconds": 30,
					"secureOutput": false,
					"secureInput": false
				},
				"userProperties": [],
				"typeProperties": {
					"source": {
						"type": "AzureSqlSource",
						"sqlReaderStoredProcedureName": "[mgmt].[usp_get_schedule_task_run_details]",
						"storedProcedureParameters": {
							"in_ScheduleTaskRunSk": {
								"type": "Int64",
								"value": {
									"value": "@pipeline().parameters.plnPar_ScheduleTaskRunSk",
									"type": "Expression"
								}
							}
						},
						"queryTimeout": "02:00:00",
						"partitionOption": "None"
					},
					"dataset": {
						"referenceName": "ds_asqldb_edw_table",
						"type": "DatasetReference",
						"parameters": {
							"dsPar_SchemaName": "dbo",
							"dsPar_TableName": "schedule_task_run"
						}
					},
					"firstRowOnly": true
				}
			},
			{
				"name": "switch - staging load type cd",
				"type": "Switch",
				"dependsOn": [
					{
						"activity": "lkp - get schedule task run details",
						"dependencyConditions": [
							"Succeeded"
						]
					}
				],
				"userProperties": [],
				"typeProperties": {
					"on": {
						"value": "@activity('lkp - get schedule task run details').output.firstRow.stg_load_type_cd",
						"type": "Expression"
					},
					"cases": [
						{
							"value": "NoDate",
							"activities": [
								{
									"name": "exec - load stg - no date",
									"type": "SqlServerStoredProcedure",
									"dependsOn": [],
									"policy": {
										"timeout": "7.00:00:00",
										"retry": 0,
										"retryIntervalInSeconds": 30,
										"secureOutput": false,
										"secureInput": false
									},
									"userProperties": [],
									"typeProperties": {
										"storedProcedureName": "[mgmt].[usp_load_staging_table]",
										"storedProcedureParameters": {
											"in_ScheduleTaskRunDt": {
												"value": {
													"value": "@activity('lkp - get schedule task run details').output.firstRow.schedule_task_run_dt",
													"type": "Expression"
												},
												"type": "String"
											},
											"in_ScheduleTaskRunSk": {
												"value": {
													"value": "@activity('lkp - get schedule task run details').output.firstRow.schedule_task_run_sk",
													"type": "Expression"
												},
												"type": "Int64"
											},
											"in_SourceSysAbbrCd": {
												"value": {
													"value": "@activity('lkp - get schedule task run details').output.firstRow.tgt_system_abbrv_cd",
													"type": "Expression"
												},
												"type": "String"
											},
											"in_TableNm": {
												"value": {
													"value": "@activity('lkp - get schedule task run details').output.firstRow.tgt_entity_nm",
													"type": "Expression"
												},
												"type": "String"
											},
											"in_land_schema_nm": {
												"value": {
													"value": "@activity('lkp - get schedule task run details').output.firstRow.src_table_prefix_txt",
													"type": "Expression"
												},
												"type": "String"
											}
										}
									},
									"linkedServiceName": {
										"referenceName": "lnks_edw_asqldb_nwedw",
										"type": "LinkedServiceReference"
									}
								},
								{
									"name": "set var - error msg - larea tbl fail - no date",
									"type": "SetVariable",
									"dependsOn": [
										{
											"activity": "exec - load stg - no date",
											"dependencyConditions": [
												"Failed"
											]
										}
									],
									"policy": {
										"secureOutput": false,
										"secureInput": false
									},
									"userProperties": [],
									"typeProperties": {
										"variableName": "plnVar_ErrorMessage",
										"value": {
											"value": "Stored procedure to load staging table failed. View pipeline run log for details",
											"type": "Expression"
										}
									}
								},
								{
									"name": "exec - pln - end task - larea tbl fail - no date",
									"type": "ExecutePipeline",
									"dependsOn": [
										{
											"activity": "set var - error msg - larea tbl fail - no date",
											"dependencyConditions": [
												"Succeeded"
											]
										}
									],
									"policy": {
										"secureInput": false
									},
									"userProperties": [],
									"typeProperties": {
										"pipeline": {
											"referenceName": "pln_orch_end_task",
											"type": "PipelineReference"
										},
										"waitOnCompletion": true,
										"parameters": {
											"plnPar_TaskApplicationRunIdTxt": {
												"value": "@concat('PLN_RUN_ID: ',pipeline().RunId ,' | PLN_NM: ',pipeline().Pipeline,' | DF_NM: ',pipeline().DataFactory)",
												"type": "Expression"
											},
											"plnPar_TaskRunStatusCd": "FAILED",
											"plnPar_TaskRunStatusDesc": {
												"value": "@variables('plnVar_ErrorMessage')",
												"type": "Expression"
											},
											"plnPar_ScheduleTaskRunSk": {
												"value": "@pipeline().parameters.plnPar_ScheduleTaskRunSk",
												"type": "Expression"
											}
										}
									}
								},
								{
									"name": "exec - fail pipeline - load stg - no date",
									"type": "ExecutePipeline",
									"dependsOn": [
										{
											"activity": "exec - pln - end task - larea tbl fail - no date",
											"dependencyConditions": [
												"Succeeded"
											]
										}
									],
									"policy": {
										"secureInput": false
									},
									"userProperties": [],
									"typeProperties": {
										"pipeline": {
											"referenceName": "pln_fail_pipeline_template",
											"type": "PipelineReference"
										},
										"waitOnCompletion": true
									}
								}
							]
						},
						{
							"value": "StartDate",
							"activities": [
								{
									"name": "exec - load stg - start date num",
									"type": "SqlServerStoredProcedure",
									"dependsOn": [],
									"policy": {
										"timeout": "7.00:00:00",
										"retry": 0,
										"retryIntervalInSeconds": 30,
										"secureOutput": false,
										"secureInput": false
									},
									"userProperties": [],
									"typeProperties": {
										"storedProcedureName": "[mgmt].[usp_load_staging_table_start_datenum]",
										"storedProcedureParameters": {
											"in_DateNumCol": {
												"value": {
													"value": "@activity('lkp - get schedule task run details').output.firstRow.src_sql_override_filter_col_nm",
													"type": "Expression"
												},
												"type": "String"
											},
											"in_ScheduleTaskRunDt": {
												"value": {
													"value": "@activity('lkp - get schedule task run details').output.firstRow.schedule_task_run_dt",
													"type": "Expression"
												},
												"type": "String"
											},
											"in_ScheduleTaskRunSk": {
												"value": {
													"value": "@activity('lkp - get schedule task run details').output.firstRow.schedule_task_run_sk",
													"type": "Expression"
												},
												"type": "Int64"
											},
											"in_SourceSysAbbrCd": {
												"value": {
													"value": "@activity('lkp - get schedule task run details').output.firstRow.tgt_system_abbrv_cd",
													"type": "Expression"
												},
												"type": "String"
											},
											"in_TableNm": {
												"value": {
													"value": "@activity('lkp - get schedule task run details').output.firstRow.tgt_entity_nm",
													"type": "Expression"
												},
												"type": "String"
											}
										}
									},
									"linkedServiceName": {
										"referenceName": "lnks_edw_asqldb_nwedw",
										"type": "LinkedServiceReference"
									}
								},
								{
									"name": "set var - error msg - larea tbl fail - start date",
									"type": "SetVariable",
									"dependsOn": [
										{
											"activity": "exec - load stg - start date num",
											"dependencyConditions": [
												"Failed"
											]
										}
									],
									"policy": {
										"secureOutput": false,
										"secureInput": false
									},
									"userProperties": [],
									"typeProperties": {
										"variableName": "plnVar_ErrorMessage",
										"value": {
											"value": "Stored procedure to load staging table failed. View pipeline run log for details",
											"type": "Expression"
										}
									}
								},
								{
									"name": "exec - pln - end task - larea tbl fail - start date",
									"type": "ExecutePipeline",
									"dependsOn": [
										{
											"activity": "set var - error msg - larea tbl fail - start date",
											"dependencyConditions": [
												"Succeeded"
											]
										}
									],
									"policy": {
										"secureInput": false
									},
									"userProperties": [],
									"typeProperties": {
										"pipeline": {
											"referenceName": "pln_orch_end_task",
											"type": "PipelineReference"
										},
										"waitOnCompletion": true,
										"parameters": {
											"plnPar_TaskApplicationRunIdTxt": {
												"value": "@concat('PLN_RUN_ID: ',pipeline().RunId ,' | PLN_NM: ',pipeline().Pipeline,' | DF_NM: ',pipeline().DataFactory)",
												"type": "Expression"
											},
											"plnPar_TaskRunStatusCd": "FAILED",
											"plnPar_TaskRunStatusDesc": {
												"value": "@variables('plnVar_ErrorMessage')",
												"type": "Expression"
											},
											"plnPar_ScheduleTaskRunSk": {
												"value": "@pipeline().parameters.plnPar_ScheduleTaskRunSk",
												"type": "Expression"
											}
										}
									}
								},
								{
									"name": "exec - fail pipeline - load stg - start date num",
									"type": "ExecutePipeline",
									"dependsOn": [
										{
											"activity": "exec - pln - end task - larea tbl fail - start date",
											"dependencyConditions": [
												"Succeeded"
											]
										}
									],
									"policy": {
										"secureInput": false
									},
									"userProperties": [],
									"typeProperties": {
										"pipeline": {
											"referenceName": "pln_fail_pipeline_template",
											"type": "PipelineReference"
										},
										"waitOnCompletion": true
									}
								}
							]
						},
						{
							"value": "StartAndEndDate",
							"activities": [
								{
									"name": "exec - load stg - start and end date num",
									"type": "SqlServerStoredProcedure",
									"dependsOn": [],
									"policy": {
										"timeout": "7.00:00:00",
										"retry": 0,
										"retryIntervalInSeconds": 30,
										"secureOutput": false,
										"secureInput": false
									},
									"userProperties": [],
									"typeProperties": {
										"storedProcedureName": "[mgmt].[usp_load_staging_table_startend_datenum]",
										"storedProcedureParameters": {
											"in_EndDateNumCol": {
												"value": {
													"value": "@split(activity('lkp - get schedule task run details').output.firstRow.src_sql_override_filter_col_nm,',')[1]",
													"type": "Expression"
												},
												"type": "String"
											},
											"in_ScheduleTaskRunDt": {
												"value": {
													"value": "@activity('lkp - get schedule task run details').output.firstRow.schedule_task_run_dt",
													"type": "Expression"
												},
												"type": "String"
											},
											"in_ScheduleTaskRunSk": {
												"value": {
													"value": "@activity('lkp - get schedule task run details').output.firstRow.schedule_task_run_sk",
													"type": "Expression"
												},
												"type": "Int64"
											},
											"in_SourceSysAbbrCd": {
												"value": {
													"value": "@activity('lkp - get schedule task run details').output.firstRow.tgt_system_abbrv_cd",
													"type": "Expression"
												},
												"type": "String"
											},
											"in_StartDateNumCol": {
												"value": {
													"value": "@split(activity('lkp - get schedule task run details').output.firstRow.src_sql_override_filter_col_nm,',')[0]",
													"type": "Expression"
												},
												"type": "String"
											},
											"in_TableNm": {
												"value": {
													"value": "@activity('lkp - get schedule task run details').output.firstRow.tgt_entity_nm",
													"type": "Expression"
												},
												"type": "String"
											}
										}
									},
									"linkedServiceName": {
										"referenceName": "lnks_edw_asqldb_nwedw",
										"type": "LinkedServiceReference"
									}
								},
								{
									"name": "set var - error msg - larea tbl fail - str end dt",
									"type": "SetVariable",
									"dependsOn": [
										{
											"activity": "exec - load stg - start and end date num",
											"dependencyConditions": [
												"Failed"
											]
										}
									],
									"policy": {
										"secureOutput": false,
										"secureInput": false
									},
									"userProperties": [],
									"typeProperties": {
										"variableName": "plnVar_ErrorMessage",
										"value": {
											"value": "Stored procedure to load staging table failed. View pipeline run log for details",
											"type": "Expression"
										}
									}
								},
								{
									"name": "exec - pln - end task - larea tbl fail - str end dt",
									"type": "ExecutePipeline",
									"dependsOn": [
										{
											"activity": "set var - error msg - larea tbl fail - str end dt",
											"dependencyConditions": [
												"Succeeded"
											]
										}
									],
									"policy": {
										"secureInput": false
									},
									"userProperties": [],
									"typeProperties": {
										"pipeline": {
											"referenceName": "pln_orch_end_task",
											"type": "PipelineReference"
										},
										"waitOnCompletion": true,
										"parameters": {
											"plnPar_TaskApplicationRunIdTxt": {
												"value": "@concat('PLN_RUN_ID: ',pipeline().RunId ,' | PLN_NM: ',pipeline().Pipeline,' | DF_NM: ',pipeline().DataFactory)",
												"type": "Expression"
											},
											"plnPar_TaskRunStatusCd": "FAILED",
											"plnPar_TaskRunStatusDesc": {
												"value": "@variables('plnVar_ErrorMessage')",
												"type": "Expression"
											},
											"plnPar_ScheduleTaskRunSk": {
												"value": "@pipeline().parameters.plnPar_ScheduleTaskRunSk",
												"type": "Expression"
											}
										}
									}
								},
								{
									"name": "exec - fail pipeline - load stg - end date num",
									"type": "ExecutePipeline",
									"dependsOn": [
										{
											"activity": "exec - pln - end task - larea tbl fail - str end dt",
											"dependencyConditions": [
												"Succeeded"
											]
										}
									],
									"policy": {
										"secureInput": false
									},
									"userProperties": [],
									"typeProperties": {
										"pipeline": {
											"referenceName": "pln_fail_pipeline_template",
											"type": "PipelineReference"
										},
										"waitOnCompletion": true
									}
								}
							]
						},
						{
							"value": "StartDateFull",
							"activities": [
								{
									"name": "exec - load stg - start date num - full",
									"type": "SqlServerStoredProcedure",
									"dependsOn": [],
									"policy": {
										"timeout": "7.00:00:00",
										"retry": 0,
										"retryIntervalInSeconds": 30,
										"secureOutput": false,
										"secureInput": false
									},
									"userProperties": [],
									"typeProperties": {
										"storedProcedureName": "[mgmt].[usp_load_staging_table_start_datenum_full]",
										"storedProcedureParameters": {
											"in_DateNumCol": {
												"value": {
													"value": "@activity('lkp - get schedule task run details').output.firstRow.src_sql_override_filter_col_nm",
													"type": "Expression"
												},
												"type": "String"
											},
											"in_ScheduleTaskRunDt": {
												"value": {
													"value": "@activity('lkp - get schedule task run details').output.firstRow.schedule_task_run_dt",
													"type": "Expression"
												},
												"type": "String"
											},
											"in_ScheduleTaskRunSk": {
												"value": {
													"value": "@activity('lkp - get schedule task run details').output.firstRow.schedule_task_run_sk",
													"type": "Expression"
												},
												"type": "Int64"
											},
											"in_SourceSysAbbrCd": {
												"value": {
													"value": "@activity('lkp - get schedule task run details').output.firstRow.tgt_system_abbrv_cd",
													"type": "Expression"
												},
												"type": "String"
											},
											"in_TableNm": {
												"value": {
													"value": "@activity('lkp - get schedule task run details').output.firstRow.tgt_entity_nm",
													"type": "Expression"
												},
												"type": "String"
											}
										}
									},
									"linkedServiceName": {
										"referenceName": "lnks_edw_asqldb_nwedw",
										"type": "LinkedServiceReference"
									}
								},
								{
									"name": "set var - error msg - larea tbl fail - start dt - full",
									"type": "SetVariable",
									"dependsOn": [
										{
											"activity": "exec - load stg - start date num - full",
											"dependencyConditions": [
												"Failed"
											]
										}
									],
									"policy": {
										"secureOutput": false,
										"secureInput": false
									},
									"userProperties": [],
									"typeProperties": {
										"variableName": "plnVar_ErrorMessage",
										"value": {
											"value": "Stored procedure to load staging table failed. View pipeline run log for details",
											"type": "Expression"
										}
									}
								},
								{
									"name": "exec - pln - end task - larea fail - start dt - full",
									"type": "ExecutePipeline",
									"dependsOn": [
										{
											"activity": "set var - error msg - larea tbl fail - start dt - full",
											"dependencyConditions": [
												"Succeeded"
											]
										}
									],
									"policy": {
										"secureInput": false
									},
									"userProperties": [],
									"typeProperties": {
										"pipeline": {
											"referenceName": "pln_orch_end_task",
											"type": "PipelineReference"
										},
										"waitOnCompletion": true,
										"parameters": {
											"plnPar_TaskApplicationRunIdTxt": {
												"value": "@concat('PLN_RUN_ID: ',pipeline().RunId ,' | PLN_NM: ',pipeline().Pipeline,' | DF_NM: ',pipeline().DataFactory)",
												"type": "Expression"
											},
											"plnPar_TaskRunStatusCd": "FAILED",
											"plnPar_TaskRunStatusDesc": {
												"value": "@variables('plnVar_ErrorMessage')",
												"type": "Expression"
											},
											"plnPar_ScheduleTaskRunSk": {
												"value": "@pipeline().parameters.plnPar_ScheduleTaskRunSk",
												"type": "Expression"
											}
										}
									}
								},
								{
									"name": "exec - fail pipeline - load stg - start date full",
									"type": "ExecutePipeline",
									"dependsOn": [
										{
											"activity": "exec - pln - end task - larea fail - start dt - full",
											"dependencyConditions": [
												"Succeeded"
											]
										}
									],
									"policy": {
										"secureInput": false
									},
									"userProperties": [],
									"typeProperties": {
										"pipeline": {
											"referenceName": "pln_fail_pipeline_template",
											"type": "PipelineReference"
										},
										"waitOnCompletion": true
									}
								}
							]
						},
						{
							"value": "FileNmFilter",
							"activities": [
								{
									"name": "set var - error msg - larea tbl fail - ncino",
									"type": "SetVariable",
									"dependsOn": [
										{
											"activity": "exec - load stg - ncino",
											"dependencyConditions": [
												"Failed"
											]
										}
									],
									"policy": {
										"secureOutput": false,
										"secureInput": false
									},
									"userProperties": [],
									"typeProperties": {
										"variableName": "plnVar_ErrorMessage",
										"value": {
											"value": "Stored procedure to load the inserted records for nCino staging table failed. View pipeline run log for details.",
											"type": "Expression"
										}
									}
								},
								{
									"name": "exec - pln - end task - larea tbl fail - ncino",
									"type": "ExecutePipeline",
									"dependsOn": [
										{
											"activity": "set var - error msg - larea tbl fail - ncino",
											"dependencyConditions": [
												"Succeeded"
											]
										}
									],
									"policy": {
										"secureInput": false
									},
									"userProperties": [],
									"typeProperties": {
										"pipeline": {
											"referenceName": "pln_orch_end_task",
											"type": "PipelineReference"
										},
										"waitOnCompletion": true,
										"parameters": {
											"plnPar_TaskApplicationRunIdTxt": {
												"value": "@concat('PLN_RUN_ID: ',pipeline().RunId ,' | PLN_NM: ',pipeline().Pipeline,' | DF_NM: ',pipeline().DataFactory)",
												"type": "Expression"
											},
											"plnPar_TaskRunStatusCd": "FAILED",
											"plnPar_TaskRunStatusDesc": {
												"value": "@variables('plnVar_ErrorMessage')",
												"type": "Expression"
											},
											"plnPar_ScheduleTaskRunSk": {
												"value": "@pipeline().parameters.plnPar_ScheduleTaskRunSk",
												"type": "Expression"
											}
										}
									}
								},
								{
									"name": "exec - load stg - ncino",
									"type": "SqlServerStoredProcedure",
									"dependsOn": [],
									"policy": {
										"timeout": "7.00:00:00",
										"retry": 0,
										"retryIntervalInSeconds": 30,
										"secureOutput": false,
										"secureInput": false
									},
									"userProperties": [],
									"typeProperties": {
										"storedProcedureName": "[mgmt].[usp_load_staging_table_ncino]",
										"storedProcedureParameters": {
											"in_ScheduleTaskRunDt": {
												"value": {
													"value": "@activity('lkp - get schedule task run details').output.firstRow.schedule_task_run_dt",
													"type": "Expression"
												},
												"type": "String"
											},
											"in_ScheduleTaskRunSk": {
												"value": {
													"value": "@pipeline().parameters.plnPar_ScheduleTaskRunSk",
													"type": "Expression"
												},
												"type": "Int64"
											},
											"in_scrTableNm": {
												"value": {
													"value": "@activity('lkp - get schedule task run details').output.firstRow.src_entity_nm",
													"type": "Expression"
												},
												"type": "String"
											},
											"in_SourceSysAbbrCd": {
												"value": {
													"value": "@activity('lkp - get schedule task run details').output.firstRow.tgt_system_abbrv_cd",
													"type": "Expression"
												},
												"type": "String"
											},
											"in_srcSchemaNm": {
												"value": {
													"value": "@activity('lkp - get schedule task run details').output.firstRow.src_table_prefix_txt",
													"type": "Expression"
												},
												"type": "String"
											},
											"in_tgtTableNm": {
												"value": {
													"value": "@activity('lkp - get schedule task run details').output.firstRow.tgt_entity_nm",
													"type": "Expression"
												},
												"type": "String"
											}
										}
									},
									"linkedServiceName": {
										"referenceName": "lnks_edw_asqldb_nwedw",
										"type": "LinkedServiceReference"
									}
								},
								{
									"name": "exec - fail pipeline - load stg - ncino",
									"type": "ExecutePipeline",
									"dependsOn": [
										{
											"activity": "exec - pln - end task - larea tbl fail - ncino",
											"dependencyConditions": [
												"Succeeded"
											]
										}
									],
									"policy": {
										"secureInput": false
									},
									"userProperties": [],
									"typeProperties": {
										"pipeline": {
											"referenceName": "pln_fail_pipeline_template",
											"type": "PipelineReference"
										},
										"waitOnCompletion": true
									}
								}
							]
						}
					]
				}
			}
		],
		"parameters": {
			"plnPar_ScheduleTaskRunSk": {
				"type": "string",
				"defaultValue": "27"
			},
			"plnPar_ScheduleName": {
				"type": "string",
				"defaultValue": "EDW_Daily"
			},
			"plnPar_BatchName": {
				"type": "string",
				"defaultValue": "MR_Staging_Daily"
			},
			"plnPar_PhaseName": {
				"type": "string",
				"defaultValue": "Stage"
			},
			"plnPar_TgtTableNm": {
				"type": "string"
			}
		},
		"variables": {
			"plnVar_RawContainerName": {
				"type": "String",
				"defaultValue": "raw-mr"
			},
			"plnVar_RawFolderName": {
				"type": "String"
			},
			"plnVar_RawFileName": {
				"type": "String"
			},
			"plnVar_TgtSchemaName": {
				"type": "String",
				"defaultValue": "land_mr"
			},
			"plnVar_SqlDropTempTable": {
				"type": "String"
			},
			"plnVar_ErrorMessage": {
				"type": "String"
			}
		},
		"folder": {
			"name": "31 - Staging"
		},
		"annotations": [],
		"lastPublishTime": "2022-09-06T14:47:15Z"
	},
	"type": "Microsoft.DataFactory/factories/pipelines"
}