{
	"name": "pln_sch_ongoing_ncino_export_trigger",
	"properties": {
		"activities": [
			{
				"name": "Until find new folder",
				"type": "Until",
				"dependsOn": [],
				"userProperties": [],
				"typeProperties": {
					"expression": {
						"value": "@bool(variables('plnVar_newFolderCreated'))",
						"type": "Expression"
					},
					"activities": [
						{
							"name": "Set variable Current Date",
							"type": "SetVariable",
							"dependsOn": [],
							"policy": {
								"secureOutput": false,
								"secureInput": false
							},
							"userProperties": [],
							"typeProperties": {
								"variableName": "plnVar_schTaskRunDate",
								"value": {
									"value": "@convertTimeZone(utcnow(), 'UTC', 'Pacific Standard Time')",
									"type": "Expression"
								}
							}
						},
						{
							"name": "Get sub folders in src folder",
							"type": "GetMetadata",
							"dependsOn": [
								{
									"activity": "Set variable Current Date",
									"dependencyConditions": [
										"Succeeded"
									]
								}
							],
							"policy": {
								"timeout": "0.12:00:00",
								"retry": 0,
								"retryIntervalInSeconds": 30,
								"secureOutput": false,
								"secureInput": false
							},
							"userProperties": [],
							"typeProperties": {
								"dataset": {
									"referenceName": "ds_adls_ownbkp_export_folder",
									"type": "DatasetReference",
									"parameters": {
										"ContainerName": "ownbackup",
										"FolderName": "export"
									}
								},
								"fieldList": [
									"childItems"
								],
								"storeSettings": {
									"type": "AzureBlobFSReadSettings",
									"recursive": true,
									"enablePartitionDiscovery": false
								},
								"formatSettings": {
									"type": "DelimitedTextReadSettings"
								}
							}
						},
						{
							"name": "Specific run date",
							"type": "Filter",
							"dependsOn": [
								{
									"activity": "Get sub folders in src folder",
									"dependencyConditions": [
										"Succeeded"
									]
								}
							],
							"userProperties": [],
							"typeProperties": {
								"items": {
									"value": "@activity('Get sub folders in src folder').output.childItems",
									"type": "Expression"
								},
								"condition": {
									"value": "@startswith(item().name, concat('day_',substring(replace(variables('plnVar_schTaskRunDate'),'-',''),0,8)))",
									"type": "Expression"
								}
							}
						},
						{
							"name": "If Condition1",
							"type": "IfCondition",
							"dependsOn": [
								{
									"activity": "Specific run date",
									"dependencyConditions": [
										"Succeeded"
									]
								}
							],
							"userProperties": [],
							"typeProperties": {
								"expression": {
									"value": "@greater(activity('Specific run date').output.FilteredItemsCount,0)",
									"type": "Expression"
								},
								"ifFalseActivities": [
									{
										"name": "Wait for 5 minutes",
										"type": "Wait",
										"dependsOn": [],
										"userProperties": [],
										"typeProperties": {
											"waitTimeInSeconds": 300
										}
									}
								],
								"ifTrueActivities": [
									{
										"name": "Set variable1",
										"description": "true",
										"type": "SetVariable",
										"dependsOn": [],
										"policy": {
											"secureOutput": false,
											"secureInput": false
										},
										"userProperties": [],
										"typeProperties": {
											"variableName": "plnVar_newFolderCreated",
											"value": true
										}
									}
								]
							}
						}
					],
					"timeout": "0.12:00:00"
				}
			},
			{
				"name": "Lookup_nCino_Raw_Files",
				"type": "Lookup",
				"dependsOn": [
					{
						"activity": "Until find new folder",
						"dependencyConditions": [
							"Succeeded"
						]
					}
				],
				"policy": {
					"timeout": "0.12:00:00",
					"retry": 0,
					"retryIntervalInSeconds": 30,
					"secureOutput": false,
					"secureInput": false
				},
				"userProperties": [],
				"typeProperties": {
					"source": {
						"type": "AzureSqlSource",
						"sqlReaderQuery": "select  REPLACE(concat(e.entity_nm, '.csv.gz'),'Ownbkp_','') raw_file_name\r\nfrom meta.task_entity_map m\r\ninner join meta.task t\r\n  on m.task_sk = t.task_sk\r\ninner join meta.entity e\r\n  on m.src_entity_sk = e.entity_sk\r\nwhere t.task_nm  in ( 'pln_load_raw_to_larea_ncino_accounts','pln_load_raw_to_larea_ncino') and e.entity_nm not in ('Ownbkp_llc_bi__loan__cs_mon')\r\ngroup by concat(e.entity_nm, '.csv.gz')",
						"queryTimeout": "02:00:00",
						"partitionOption": "None"
					},
					"dataset": {
						"referenceName": "ds_asqldb_edw_table",
						"type": "DatasetReference",
						"parameters": {
							"dsPar_SchemaName": "mgmt",
							"dsPar_TableName": "task_entity_map"
						}
					},
					"firstRowOnly": false
				}
			},
			{
				"name": "ForEachLookUpFiles",
				"type": "ForEach",
				"dependsOn": [
					{
						"activity": "Lookup_nCino_Raw_Files",
						"dependencyConditions": [
							"Succeeded"
						]
					}
				],
				"userProperties": [],
				"typeProperties": {
					"items": {
						"value": "@activity('Lookup_nCino_Raw_Files').output.value",
						"type": "Expression"
					},
					"activities": [
						{
							"name": "ValidateEachFiles",
							"type": "Validation",
							"dependsOn": [],
							"userProperties": [],
							"typeProperties": {
								"dataset": {
									"referenceName": "ds_adls_ownbkp_export_file",
									"type": "DatasetReference",
									"parameters": {
										"ContainerName": "ownbackup",
										"FolderName": {
											"value": "@concat('export/',activity('Specific run date').output.value[0].name)",
											"type": "Expression"
										},
										"FileName": {
											"value": "@item().raw_file_name",
											"type": "Expression"
										}
									}
								},
								"timeout": "0.12:00:00",
								"sleep": 300
							}
						}
					]
				}
			},
			{
				"name": "lkp-update next rundate",
				"type": "Lookup",
				"dependsOn": [
					{
						"activity": "UntilncinoloadComplete",
						"dependencyConditions": [
							"Succeeded"
						]
					}
				],
				"policy": {
					"timeout": "0.12:00:00",
					"retry": 0,
					"retryIntervalInSeconds": 30,
					"secureOutput": false,
					"secureInput": false
				},
				"userProperties": [],
				"typeProperties": {
					"source": {
						"type": "AzureSqlSource",
						"sqlReaderQuery": "DECLARE @DATE DATE;\r\nSET @DATE = getdate() AT TIME ZONE 'Pacific Standard Time';\r\n\r\nUPDATE mgmt.schedule set next_run_dt = @DATE\r\nWHERE schedule_nm in ('EDW_Daily_nCino');\r\n\r\nSELECT next_run_dt,schedule_nm\r\nFROM mgmt.schedule\r\nWHERE schedule_nm in ('EDW_Daily_nCino');",
						"queryTimeout": "02:00:00",
						"partitionOption": "None"
					},
					"dataset": {
						"referenceName": "ds_asqldb_edw_table",
						"type": "DatasetReference",
						"parameters": {
							"dsPar_SchemaName": "mgmt",
							"dsPar_TableName": "schedule"
						}
					}
				}
			},
			{
				"name": "pln_run_schedule - Daily ncino",
				"type": "ExecutePipeline",
				"dependsOn": [
					{
						"activity": "lkp-update next rundate",
						"dependencyConditions": [
							"Succeeded"
						]
					}
				],
				"policy": {
					"secureInput": false
				},
				"userProperties": [],
				"typeProperties": {
					"pipeline": {
						"referenceName": "pln_sch_ongoing_ncino",
						"type": "PipelineReference"
					},
					"waitOnCompletion": true,
					"parameters": {
						"plnPar_ScheduleName": {
							"value": "@pipeline().parameters.plnPar_ScheduleName_ncino",
							"type": "Expression"
						}
					}
				}
			},
			{
				"name": "UntilncinoloadComplete",
				"type": "Until",
				"dependsOn": [
					{
						"activity": "ForEachLookUpFiles",
						"dependencyConditions": [
							"Succeeded"
						]
					}
				],
				"userProperties": [],
				"typeProperties": {
					"expression": {
						"value": "@bool(variables('plnVar_isncinoCompleted'))",
						"type": "Expression"
					},
					"activities": [
						{
							"name": "lkp-Check nCIno_Last_run",
							"type": "Lookup",
							"dependsOn": [],
							"policy": {
								"timeout": "0.12:00:00",
								"retry": 0,
								"retryIntervalInSeconds": 30,
								"secureOutput": false,
								"secureInput": false
							},
							"userProperties": [],
							"typeProperties": {
								"source": {
									"type": "AzureSqlSource",
									"sqlReaderQuery": "select distinct t.dummy_cd,  cast(schedule_run_dt as date) as schedule_run_dt,schedule_run_status_cd as status_code,\r\niif(cast(schedule_run_dt as date) = cast(getdate() as date),1,0) as today_run\r\nfrom (select '1' as dummy_cd) t\r\nleft outer join\r\nmgmt.schedule_run sctr\r\non 1=1 \r\ninner join \r\nmgmt.schedule s\r\non s.schedule_sk =sctr.schedule_sk\r\nwhere   s.schedule_nm= 'EDW_Daily_nCino'",
									"queryTimeout": "02:00:00",
									"partitionOption": "None"
								},
								"dataset": {
									"referenceName": "ds_asqldb_edw_table",
									"type": "DatasetReference",
									"parameters": {
										"dsPar_SchemaName": "mgmt",
										"dsPar_TableName": "schedule_run"
									}
								}
							}
						},
						{
							"name": "If ConditionnCino",
							"type": "IfCondition",
							"dependsOn": [
								{
									"activity": "lkp-Check nCIno_Last_run",
									"dependencyConditions": [
										"Succeeded"
									]
								}
							],
							"userProperties": [],
							"typeProperties": {
								"expression": {
									"value": "@and(equals(activity('lkp-Check nCIno_Last_run').output.firstRow.today_run,0),equals(activity('lkp-Check nCIno_Last_run').output.firstRow.status_code,'COMPLETE'))\n",
									"type": "Expression"
								},
								"ifFalseActivities": [
									{
										"name": "WaitnCinoLoadComplete",
										"type": "Wait",
										"dependsOn": [],
										"userProperties": [],
										"typeProperties": {
											"waitTimeInSeconds": 300
										}
									}
								],
								"ifTrueActivities": [
									{
										"name": "Set variable_nCIno",
										"type": "SetVariable",
										"dependsOn": [],
										"policy": {
											"secureOutput": false,
											"secureInput": false
										},
										"userProperties": [],
										"typeProperties": {
											"variableName": "plnVar_isncinoCompleted",
											"value": "true"
										}
									}
								]
							}
						}
					],
					"timeout": "0.06:00:00"
				}
			}
		],
		"parameters": {
			"plnPar_ScheduleName_ncino": {
				"type": "string",
				"defaultValue": "EDW_Daily_nCino"
			}
		},
		"variables": {
			"plnVar_schTaskRunDate": {
				"type": "String"
			},
			"plnVar_newFolderCreated": {
				"type": "Boolean",
				"defaultValue": false
			},
			"plnVar_isncinoCompleted": {
				"type": "String",
				"defaultValue": "false"
			}
		},
		"folder": {
			"name": "11 - Orchestration/schedule/02 - ongoing"
		},
		"annotations": [],
		"lastPublishTime": "2024-05-10T07:48:01Z"
	},
	"type": "Microsoft.DataFactory/factories/pipelines"
}