{
	"name": "pln_run_task_priority",
	"properties": {
		"activities": [
			{
				"name": "set var - split tasks into array",
				"type": "SetVariable",
				"dependsOn": [],
				"policy": {
					"secureOutput": false,
					"secureInput": false
				},
				"userProperties": [],
				"typeProperties": {
					"variableName": "plnVar_Tasks",
					"value": {
						"value": "@split(pipeline().parameters.plnPar_Tasks,'*')",
						"type": "Expression"
					}
				}
			},
			{
				"name": "ForEach - task - run task process",
				"type": "ForEach",
				"dependsOn": [
					{
						"activity": "set var - split tasks into array",
						"dependencyConditions": [
							"Succeeded"
						]
					}
				],
				"userProperties": [],
				"typeProperties": {
					"items": {
						"value": "@variables('plnVar_Tasks')",
						"type": "Expression"
					},
					"isSequential": false,
					"batchCount": 10,
					"activities": [
						{
							"name": "Switch - Task Abbrv Group",
							"type": "Switch",
							"dependsOn": [],
							"userProperties": [],
							"typeProperties": {
								"on": {
									"value": "@if(contains(toUpper(item()),'INITNCINODIM'),'InitnCinoDim',\n\nif(contains(toUpper(item()),'LOADNCINODIM'),'LoadnCinoDim',\n\nif(contains(toUpper(item()),'INITNCINOFACT'),'InitnCinoFact',\n\nif(contains(toUpper(item()),'LOADNCINOFACT'),'LoadnCinoFact',\n\nif(contains(toUpper(item()),'PLNLOADGRDIM'),'LoadGRDim',\n\nif(contains(toUpper(item()),'PLNLOADGRFACT'),'LoadGRFact',\n\nif(contains(toUpper(item()),'LOADFWXGRDIM'),'LoadFWXGRDim',\n\nif(contains(toUpper(item()),'LOADFWXGRFACT'),'LoadFWXGRFact',\n\nif(contains(toUpper(item()),'LOADGR2DIM'),'LoadGR2Dim',\n\nif(contains(toUpper(item()),'MONTHLYGR'),'MonthlyGR',\n\nif(contains(toUpper(item()),'PLNINITLOADGR'),'InitGRDimFact',\n\nif(contains(toUpper(item()),'NCINO'),'nCino',\n\nif(contains(toUpper(item()),'PLNLOADOD'),'OnDemand',\n\nif(contains(toUpper(item()),'FWXMR'),'FWXMR',\n\nif(contains(toUpper(item()),'ARCGISMLSONGOING'),'ArcgisMlsOngoing',\n\nif(contains(toUpper(item()),'ARCGISPARCELSONG'),'ArcgisParcelsOng',\n\nif(and(contains(toUpper(item()),'AGENCYROOT'), contains(toUpper(item()),'RAW')),'LandAgencyRoot',\n\nif(contains(toUpper(item()),'LANDTOSTGAGENCYROOT'),'StgAgencyRoot', \n\nif(contains(toUpper(item()),'STGTOPRESAGENCYROOT'),'PresAgencyRoot', \n\nif(contains(toUpper(item()),'Q2EVE'),'Q2EVE',\n\nif(contains(toUpper(item()),'EDP'),'EDP','Others')))))))))))))))))))))\n",
									"type": "Expression"
								},
								"cases": [
									{
										"value": "nCino",
										"activities": [
											{
												"name": "exec - run Task - ncino",
												"type": "ExecutePipeline",
												"dependsOn": [],
												"policy": {
													"secureInput": false
												},
												"userProperties": [],
												"typeProperties": {
													"pipeline": {
														"referenceName": "pln_run_task_ncino",
														"type": "PipelineReference"
													},
													"waitOnCompletion": true,
													"parameters": {
														"plnPar_ScheduleName": {
															"value": "@pipeline().parameters.plnPar_ScheduleName",
															"type": "Expression"
														},
														"plnPar_BatchName": {
															"value": "@pipeline().parameters.plnPar_BatchName",
															"type": "Expression"
														},
														"plnPar_PhaseName": {
															"value": "@pipeline().parameters.plnPar_PhaseName",
															"type": "Expression"
														},
														"plnPar_ScheduleRunDate": {
															"value": "@pipeline().parameters.plnPar_ScheduleRunDate",
															"type": "Expression"
														},
														"plnPar_TaskDetails": {
															"value": "@item()",
															"type": "Expression"
														}
													}
												}
											}
										]
									},
									{
										"value": "OnDemand",
										"activities": [
											{
												"name": "exec - run Task - OnDemand",
												"type": "ExecutePipeline",
												"dependsOn": [],
												"policy": {
													"secureInput": false
												},
												"userProperties": [],
												"typeProperties": {
													"pipeline": {
														"referenceName": "pln_run_task_on_demand",
														"type": "PipelineReference"
													},
													"waitOnCompletion": true,
													"parameters": {
														"plnPar_ScheduleName": {
															"value": "@pipeline().parameters.plnPar_ScheduleName",
															"type": "Expression"
														},
														"plnPar_BatchName": {
															"value": "@pipeline().parameters.plnPar_BatchName",
															"type": "Expression"
														},
														"plnPar_PhaseName": {
															"value": "@pipeline().parameters.plnPar_PhaseName",
															"type": "Expression"
														},
														"plnPar_ScheduleRunDate": {
															"value": "@pipeline().parameters.plnPar_ScheduleRunDate",
															"type": "Expression"
														},
														"plnPar_TaskDetails": {
															"value": "@item()",
															"type": "Expression"
														}
													}
												}
											}
										]
									},
									{
										"value": "Others",
										"activities": [
											{
												"name": "exec - run Task - others",
												"type": "ExecutePipeline",
												"dependsOn": [],
												"policy": {
													"secureInput": false
												},
												"userProperties": [],
												"typeProperties": {
													"pipeline": {
														"referenceName": "pln_run_task",
														"type": "PipelineReference"
													},
													"waitOnCompletion": true,
													"parameters": {
														"plnPar_ScheduleName": {
															"value": "@pipeline().parameters.plnPar_ScheduleName",
															"type": "Expression"
														},
														"plnPar_BatchName": {
															"value": "@pipeline().parameters.plnPar_BatchName",
															"type": "Expression"
														},
														"plnPar_PhaseName": {
															"value": "@pipeline().parameters.plnPar_PhaseName",
															"type": "Expression"
														},
														"plnPar_ScheduleRunDate": {
															"value": "@pipeline().parameters.plnPar_ScheduleRunDate",
															"type": "Expression"
														},
														"plnPar_TaskDetails": {
															"value": "@item()",
															"type": "Expression"
														}
													}
												}
											}
										]
									},
									{
										"value": "EDP",
										"activities": [
											{
												"name": "exec - run Task - EDP",
												"type": "ExecutePipeline",
												"dependsOn": [],
												"policy": {
													"secureInput": false
												},
												"userProperties": [],
												"typeProperties": {
													"pipeline": {
														"referenceName": "pln_run_task",
														"type": "PipelineReference"
													},
													"waitOnCompletion": true,
													"parameters": {
														"plnPar_ScheduleName": {
															"value": "@pipeline().parameters.plnPar_ScheduleName",
															"type": "Expression"
														},
														"plnPar_BatchName": {
															"value": "@pipeline().parameters.plnPar_BatchName",
															"type": "Expression"
														},
														"plnPar_PhaseName": {
															"value": "@pipeline().parameters.plnPar_PhaseName",
															"type": "Expression"
														},
														"plnPar_ScheduleRunDate": {
															"value": "@pipeline().parameters.plnPar_ScheduleRunDate",
															"type": "Expression"
														},
														"plnPar_TaskDetails": {
															"value": "@item()",
															"type": "Expression"
														}
													}
												}
											}
										]
									},
									{
										"value": "InitnCinoDim",
										"activities": [
											{
												"name": "exec - run Task - ncino dim initial",
												"type": "ExecutePipeline",
												"dependsOn": [],
												"policy": {
													"secureInput": false
												},
												"userProperties": [],
												"typeProperties": {
													"pipeline": {
														"referenceName": "pln_run_task_ncino_dim_inital",
														"type": "PipelineReference"
													},
													"waitOnCompletion": true,
													"parameters": {
														"plnPar_ScheduleName": {
															"value": "@pipeline().parameters.plnPar_ScheduleName",
															"type": "Expression"
														},
														"plnPar_BatchName": {
															"value": "@pipeline().parameters.plnPar_BatchName",
															"type": "Expression"
														},
														"plnPar_PhaseName": {
															"value": "@pipeline().parameters.plnPar_PhaseName",
															"type": "Expression"
														},
														"plnPar_ScheduleRunDate": {
															"value": "@pipeline().parameters.plnPar_ScheduleRunDate",
															"type": "Expression"
														},
														"plnPar_TaskDetails": {
															"value": "@item()",
															"type": "Expression"
														}
													}
												}
											}
										]
									},
									{
										"value": "LoadnCinoDim",
										"activities": [
											{
												"name": "exec - run Task - ncino dim ongoing",
												"type": "ExecutePipeline",
												"dependsOn": [],
												"policy": {
													"secureInput": false
												},
												"userProperties": [],
												"typeProperties": {
													"pipeline": {
														"referenceName": "pln_run_task_ncino_dim_ongoing",
														"type": "PipelineReference"
													},
													"waitOnCompletion": true,
													"parameters": {
														"plnPar_ScheduleName": {
															"value": "@pipeline().parameters.plnPar_ScheduleName",
															"type": "Expression"
														},
														"plnPar_BatchName": {
															"value": "@pipeline().parameters.plnPar_BatchName",
															"type": "Expression"
														},
														"plnPar_PhaseName": {
															"value": "@pipeline().parameters.plnPar_PhaseName",
															"type": "Expression"
														},
														"plnPar_ScheduleRunDate": {
															"value": "@pipeline().parameters.plnPar_ScheduleRunDate",
															"type": "Expression"
														},
														"plnPar_TaskDetails": {
															"value": "@item()",
															"type": "Expression"
														}
													}
												}
											}
										]
									},
									{
										"value": "InitnCinoFact",
										"activities": [
											{
												"name": "exec - run Task - ncino fact initial",
												"type": "ExecutePipeline",
												"dependsOn": [],
												"policy": {
													"secureInput": false
												},
												"userProperties": [],
												"typeProperties": {
													"pipeline": {
														"referenceName": "pln_run_task_ncino_fact_inital",
														"type": "PipelineReference"
													},
													"waitOnCompletion": true,
													"parameters": {
														"plnPar_ScheduleName": {
															"value": "@pipeline().parameters.plnPar_ScheduleName",
															"type": "Expression"
														},
														"plnPar_BatchName": {
															"value": "@pipeline().parameters.plnPar_BatchName",
															"type": "Expression"
														},
														"plnPar_PhaseName": {
															"value": "@pipeline().parameters.plnPar_PhaseName",
															"type": "Expression"
														},
														"plnPar_ScheduleRunDate": {
															"value": "@pipeline().parameters.plnPar_ScheduleRunDate",
															"type": "Expression"
														},
														"plnPar_TaskDetails": {
															"value": "@item()",
															"type": "Expression"
														}
													}
												}
											}
										]
									},
									{
										"value": "LoadnCinoFact",
										"activities": [
											{
												"name": "exec - run Task - ncino fact ongoing",
												"type": "ExecutePipeline",
												"dependsOn": [],
												"policy": {
													"secureInput": false
												},
												"userProperties": [],
												"typeProperties": {
													"pipeline": {
														"referenceName": "pln_run_task_ncino_fact_ongoing",
														"type": "PipelineReference"
													},
													"waitOnCompletion": true,
													"parameters": {
														"plnPar_ScheduleName": {
															"value": "@pipeline().parameters.plnPar_ScheduleName",
															"type": "Expression"
														},
														"plnPar_BatchName": {
															"value": "@pipeline().parameters.plnPar_BatchName",
															"type": "Expression"
														},
														"plnPar_PhaseName": {
															"value": "@pipeline().parameters.plnPar_PhaseName",
															"type": "Expression"
														},
														"plnPar_ScheduleRunDate": {
															"value": "@pipeline().parameters.plnPar_ScheduleRunDate",
															"type": "Expression"
														},
														"plnPar_TaskDetails": {
															"value": "@item()",
															"type": "Expression"
														}
													}
												}
											}
										]
									},
									{
										"value": "LoadGRDim",
										"activities": [
											{
												"name": "exec - run Task - gr dim ongoing",
												"type": "ExecutePipeline",
												"dependsOn": [],
												"policy": {
													"secureInput": false
												},
												"userProperties": [],
												"typeProperties": {
													"pipeline": {
														"referenceName": "pln_run_task_gr_dim_ongoing",
														"type": "PipelineReference"
													},
													"waitOnCompletion": true,
													"parameters": {
														"plnPar_ScheduleName": {
															"value": "@pipeline().parameters.plnPar_ScheduleName",
															"type": "Expression"
														},
														"plnPar_BatchName": {
															"value": "@pipeline().parameters.plnPar_BatchName",
															"type": "Expression"
														},
														"plnPar_PhaseName": {
															"value": "@pipeline().parameters.plnPar_PhaseName",
															"type": "Expression"
														},
														"plnPar_ScheduleRunDate": {
															"value": "@pipeline().parameters.plnPar_ScheduleRunDate",
															"type": "Expression"
														},
														"plnPar_TaskDetails": {
															"value": "@item()",
															"type": "Expression"
														}
													}
												}
											}
										]
									},
									{
										"value": "InitGRDimFact",
										"activities": [
											{
												"name": "exec - run Task - gr dim fact initial",
												"type": "ExecutePipeline",
												"dependsOn": [],
												"policy": {
													"secureInput": false
												},
												"userProperties": [],
												"typeProperties": {
													"pipeline": {
														"referenceName": "pln_run_task_gr_dim_fact_initial",
														"type": "PipelineReference"
													},
													"waitOnCompletion": true,
													"parameters": {
														"plnPar_ScheduleName": {
															"value": "@pipeline().parameters.plnPar_ScheduleName",
															"type": "Expression"
														},
														"plnPar_BatchName": {
															"value": "@pipeline().parameters.plnPar_BatchName",
															"type": "Expression"
														},
														"plnPar_PhaseName": {
															"value": "@pipeline().parameters.plnPar_PhaseName",
															"type": "Expression"
														},
														"plnPar_ScheduleRunDate": {
															"value": "@pipeline().parameters.plnPar_ScheduleRunDate",
															"type": "Expression"
														},
														"plnPar_TaskDetails": {
															"value": "@item()",
															"type": "Expression"
														}
													}
												}
											}
										]
									},
									{
										"value": "FWXMR",
										"activities": [
											{
												"name": "run pln_run_task_FWX",
												"type": "ExecutePipeline",
												"dependsOn": [],
												"policy": {
													"secureInput": false
												},
												"userProperties": [],
												"typeProperties": {
													"pipeline": {
														"referenceName": "pln_run_task_FWX",
														"type": "PipelineReference"
													},
													"waitOnCompletion": true,
													"parameters": {
														"plnPar_ScheduleName": {
															"value": "@pipeline().parameters.plnPar_ScheduleName",
															"type": "Expression"
														},
														"plnPar_BatchName": {
															"value": "@pipeline().parameters.plnPar_BatchName",
															"type": "Expression"
														},
														"plnPar_PhaseName": {
															"value": "@pipeline().parameters.plnPar_PhaseName",
															"type": "Expression"
														},
														"plnPar_ScheduleRunDate": {
															"value": "@pipeline().parameters.plnPar_ScheduleRunDate",
															"type": "Expression"
														},
														"plnPar_TaskDetails": {
															"value": "@item()",
															"type": "Expression"
														}
													}
												}
											}
										]
									},
									{
										"value": "LoadGRFact",
										"activities": [
											{
												"name": "exec - run Task - gr fact ongoing",
												"type": "ExecutePipeline",
												"dependsOn": [],
												"policy": {
													"secureInput": false
												},
												"userProperties": [],
												"typeProperties": {
													"pipeline": {
														"referenceName": "pln_run_task_gr_fact_ongoing",
														"type": "PipelineReference"
													},
													"waitOnCompletion": true,
													"parameters": {
														"plnPar_ScheduleName": {
															"value": "@pipeline().parameters.plnPar_ScheduleName",
															"type": "Expression"
														},
														"plnPar_BatchName": {
															"value": "@pipeline().parameters.plnPar_BatchName",
															"type": "Expression"
														},
														"plnPar_PhaseName": {
															"value": "@pipeline().parameters.plnPar_PhaseName",
															"type": "Expression"
														},
														"plnPar_ScheduleRunDate": {
															"value": "@pipeline().parameters.plnPar_ScheduleRunDate",
															"type": "Expression"
														},
														"plnPar_TaskDetails": {
															"value": "@item()",
															"type": "Expression"
														}
													}
												}
											}
										]
									},
									{
										"value": "LoadGR2Dim",
										"activities": [
											{
												"name": "exec - run Task - gr dim ongoing_2",
												"type": "ExecutePipeline",
												"dependsOn": [],
												"policy": {
													"secureInput": false
												},
												"userProperties": [],
												"typeProperties": {
													"pipeline": {
														"referenceName": "pln_run_task_gr_dim_ongoing_2",
														"type": "PipelineReference"
													},
													"waitOnCompletion": true,
													"parameters": {
														"plnPar_ScheduleName": {
															"value": "@pipeline().parameters.plnPar_ScheduleName",
															"type": "Expression"
														},
														"plnPar_BatchName": {
															"value": "@pipeline().parameters.plnPar_BatchName",
															"type": "Expression"
														},
														"plnPar_PhaseName": {
															"value": "@pipeline().parameters.plnPar_PhaseName",
															"type": "Expression"
														},
														"plnPar_ScheduleRunDate": {
															"value": "@pipeline().parameters.plnPar_ScheduleRunDate",
															"type": "Expression"
														},
														"plnPar_TaskDetails": {
															"value": "@item()",
															"type": "Expression"
														}
													}
												}
											}
										]
									},
									{
										"value": "LoadFWXGRDim",
										"activities": [
											{
												"name": "exec - run Task - gr dim ongoing south",
												"type": "ExecutePipeline",
												"dependsOn": [],
												"policy": {
													"secureInput": false
												},
												"userProperties": [],
												"typeProperties": {
													"pipeline": {
														"referenceName": "pln_run_task_fwx_gr_dim_ongoing",
														"type": "PipelineReference"
													},
													"waitOnCompletion": true,
													"parameters": {
														"plnPar_ScheduleName": {
															"value": "@pipeline().parameters.plnPar_ScheduleName",
															"type": "Expression"
														},
														"plnPar_BatchName": {
															"value": "@pipeline().parameters.plnPar_BatchName",
															"type": "Expression"
														},
														"plnPar_PhaseName": {
															"value": "@pipeline().parameters.plnPar_PhaseName",
															"type": "Expression"
														},
														"plnPar_ScheduleRunDate": {
															"value": "@pipeline().parameters.plnPar_ScheduleRunDate",
															"type": "Expression"
														},
														"plnPar_TaskDetails": {
															"value": "@item()",
															"type": "Expression"
														}
													}
												}
											}
										]
									},
									{
										"value": "LoadFWXGRFact",
										"activities": [
											{
												"name": "exec - run Task - gr fact ongoing south",
												"type": "ExecutePipeline",
												"dependsOn": [],
												"policy": {
													"secureInput": false
												},
												"userProperties": [],
												"typeProperties": {
													"pipeline": {
														"referenceName": "pln_run_task_fwx_gr_fact_ongoing",
														"type": "PipelineReference"
													},
													"waitOnCompletion": true,
													"parameters": {
														"plnPar_ScheduleName": {
															"value": "@pipeline().parameters.plnPar_ScheduleName",
															"type": "Expression"
														},
														"plnPar_BatchName": {
															"value": "@pipeline().parameters.plnPar_BatchName",
															"type": "Expression"
														},
														"plnPar_PhaseName": {
															"value": "@pipeline().parameters.plnPar_PhaseName",
															"type": "Expression"
														},
														"plnPar_ScheduleRunDate": {
															"value": "@pipeline().parameters.plnPar_ScheduleRunDate",
															"type": "Expression"
														},
														"plnPar_TaskDetails": {
															"value": "@item()",
															"type": "Expression"
														}
													}
												}
											}
										]
									},
									{
										"value": "ArcgisMlsOngoing",
										"activities": [
											{
												"name": "exec - run Task - arcgis mls fact ongoing",
												"type": "ExecutePipeline",
												"dependsOn": [],
												"policy": {
													"secureInput": false
												},
												"userProperties": [],
												"typeProperties": {
													"pipeline": {
														"referenceName": "pln_run_task_arcgis_mls",
														"type": "PipelineReference"
													},
													"waitOnCompletion": true,
													"parameters": {
														"plnPar_ScheduleName": {
															"value": "@pipeline().parameters.plnPar_ScheduleName",
															"type": "Expression"
														},
														"plnPar_BatchName": {
															"value": "@pipeline().parameters.plnPar_BatchName",
															"type": "Expression"
														},
														"plnPar_PhaseName": {
															"value": "@pipeline().parameters.plnPar_PhaseName",
															"type": "Expression"
														},
														"plnPar_ScheduleRunDate": {
															"value": "@pipeline().parameters.plnPar_ScheduleRunDate",
															"type": "Expression"
														},
														"plnPar_TaskDetails": {
															"value": "@item()",
															"type": "Expression"
														}
													}
												}
											}
										]
									},
									{
										"value": "ArcgisParcelsOng",
										"activities": [
											{
												"name": "exec - run Task - arcgis mls fact ongoing_copy1",
												"type": "ExecutePipeline",
												"dependsOn": [],
												"policy": {
													"secureInput": false
												},
												"userProperties": [],
												"typeProperties": {
													"pipeline": {
														"referenceName": "pln_run_task_arcgis_parcels",
														"type": "PipelineReference"
													},
													"waitOnCompletion": true,
													"parameters": {
														"plnPar_ScheduleName": {
															"value": "@pipeline().parameters.plnPar_ScheduleName",
															"type": "Expression"
														},
														"plnPar_BatchName": {
															"value": "@pipeline().parameters.plnPar_BatchName",
															"type": "Expression"
														},
														"plnPar_PhaseName": {
															"value": "@pipeline().parameters.plnPar_PhaseName",
															"type": "Expression"
														},
														"plnPar_ScheduleRunDate": {
															"value": "@pipeline().parameters.plnPar_ScheduleRunDate",
															"type": "Expression"
														},
														"plnPar_TaskDetails": {
															"value": "@item()",
															"type": "Expression"
														}
													}
												}
											}
										]
									},
									{
										"value": "MonthlyGR",
										"activities": [
											{
												"name": "exec - run Task - monthly gr",
												"type": "ExecutePipeline",
												"dependsOn": [],
												"policy": {
													"secureInput": false
												},
												"userProperties": [],
												"typeProperties": {
													"pipeline": {
														"referenceName": "pln_run_task_gr_fact_monthly",
														"type": "PipelineReference"
													},
													"waitOnCompletion": true,
													"parameters": {
														"plnPar_ScheduleName": {
															"value": "@pipeline().parameters.plnPar_ScheduleName",
															"type": "Expression"
														},
														"plnPar_BatchName": {
															"value": "@pipeline().parameters.plnPar_BatchName",
															"type": "Expression"
														},
														"plnPar_PhaseName": {
															"value": "@pipeline().parameters.plnPar_PhaseName",
															"type": "Expression"
														},
														"plnPar_ScheduleRunDate": {
															"value": "@pipeline().parameters.plnPar_ScheduleRunDate",
															"type": "Expression"
														},
														"plnPar_TaskDetails": {
															"value": "@item()",
															"type": "Expression"
														}
													}
												}
											}
										]
									},
									{
										"value": "LandAgencyRoot",
										"activities": [
											{
												"name": "exec - run Task - monthly gr_copy1",
												"type": "ExecutePipeline",
												"dependsOn": [],
												"policy": {
													"secureInput": false
												},
												"userProperties": [],
												"typeProperties": {
													"pipeline": {
														"referenceName": "pln_run_task_AgencyRoot_land",
														"type": "PipelineReference"
													},
													"waitOnCompletion": true,
													"parameters": {
														"plnPar_ScheduleName": {
															"value": "@pipeline().parameters.plnPar_ScheduleName",
															"type": "Expression"
														},
														"plnPar_BatchName": {
															"value": "@pipeline().parameters.plnPar_BatchName",
															"type": "Expression"
														},
														"plnPar_PhaseName": {
															"value": "@pipeline().parameters.plnPar_PhaseName",
															"type": "Expression"
														},
														"plnPar_ScheduleRunDate": {
															"value": "@pipeline().parameters.plnPar_ScheduleRunDate",
															"type": "Expression"
														},
														"plnPar_TaskDetails": {
															"value": "@item()",
															"type": "Expression"
														}
													}
												}
											}
										]
									},
									{
										"value": "StgAgencyRoot",
										"activities": [
											{
												"name": "exec - run Task - monthly gr_copy1_copy1",
												"type": "ExecutePipeline",
												"dependsOn": [],
												"policy": {
													"secureInput": false
												},
												"userProperties": [],
												"typeProperties": {
													"pipeline": {
														"referenceName": "pln_run_task_AgencyRoot_stg",
														"type": "PipelineReference"
													},
													"waitOnCompletion": true,
													"parameters": {
														"plnPar_ScheduleName": {
															"value": "@pipeline().parameters.plnPar_ScheduleName",
															"type": "Expression"
														},
														"plnPar_BatchName": {
															"value": "@pipeline().parameters.plnPar_BatchName",
															"type": "Expression"
														},
														"plnPar_PhaseName": {
															"value": "@pipeline().parameters.plnPar_PhaseName",
															"type": "Expression"
														},
														"plnPar_ScheduleRunDate": {
															"value": "@pipeline().parameters.plnPar_ScheduleRunDate",
															"type": "Expression"
														},
														"plnPar_TaskDetails": {
															"value": "@item()",
															"type": "Expression"
														}
													}
												}
											}
										]
									},
									{
										"value": "PresAgencyRoot",
										"activities": [
											{
												"name": "exec - run Task - month gr_copy1_copy1_copy1",
												"type": "ExecutePipeline",
												"dependsOn": [],
												"policy": {
													"secureInput": false
												},
												"userProperties": [],
												"typeProperties": {
													"pipeline": {
														"referenceName": "pln_run_task_AgencyRoot_pres",
														"type": "PipelineReference"
													},
													"waitOnCompletion": true,
													"parameters": {
														"plnPar_ScheduleName": {
															"value": "@pipeline().parameters.plnPar_ScheduleName",
															"type": "Expression"
														},
														"plnPar_BatchName": {
															"value": "@pipeline().parameters.plnPar_BatchName",
															"type": "Expression"
														},
														"plnPar_PhaseName": {
															"value": "@pipeline().parameters.plnPar_PhaseName",
															"type": "Expression"
														},
														"plnPar_ScheduleRunDate": {
															"value": "@pipeline().parameters.plnPar_ScheduleRunDate",
															"type": "Expression"
														},
														"plnPar_TaskDetails": {
															"value": "@item()",
															"type": "Expression"
														}
													}
												}
											}
										]
									},
									{
										"value": "Q2EVE",
										"activities": [
											{
												"name": "exec - run Task - sftp ongoing",
												"type": "ExecutePipeline",
												"dependsOn": [],
												"policy": {
													"secureInput": false
												},
												"userProperties": [],
												"typeProperties": {
													"pipeline": {
														"referenceName": "pln_run_task_q2eve",
														"type": "PipelineReference"
													},
													"waitOnCompletion": true,
													"parameters": {
														"plnPar_ScheduleName": {
															"value": "@pipeline().parameters.plnPar_ScheduleName",
															"type": "Expression"
														},
														"plnPar_BatchName": {
															"value": "@pipeline().parameters.plnPar_BatchName",
															"type": "Expression"
														},
														"plnPar_PhaseName": {
															"value": "@pipeline().parameters.plnPar_PhaseName",
															"type": "Expression"
														},
														"plnPar_ScheduleRunDate": {
															"value": "@pipeline().parameters.plnPar_ScheduleRunDate",
															"type": "Expression"
														},
														"plnPar_TaskDetails": {
															"value": "@item()",
															"type": "Expression"
														}
													}
												}
											}
										]
									}
								]
							}
						}
					]
				}
			}
		],
		"concurrency": 5,
		"parameters": {
			"plnPar_ScheduleName": {
				"type": "string",
				"defaultValue": "EDW_Daily"
			},
			"plnPar_Tasks": {
				"type": "string"
			},
			"plnPar_ScheduleRunDate": {
				"type": "string"
			},
			"plnPar_PhaseName": {
				"type": "string"
			},
			"plnPar_BatchName": {
				"type": "string"
			}
		},
		"variables": {
			"plnVar_Tasks": {
				"type": "Array"
			}
		},
		"folder": {
			"name": "11 - Orchestration"
		},
		"annotations": [],
		"lastPublishTime": "2024-11-04T07:15:27Z"
	},
	"type": "Microsoft.DataFactory/factories/pipelines"
}