{
	"name": "pln_load_arcgis_parcels_ongoing_src_to_raw",
	"properties": {
		"activities": [
			{
				"name": "Get Metadata1",
				"type": "GetMetadata",
				"dependsOn": [],
				"policy": {
					"timeout": "0.12:00:00",
					"retry": 0,
					"retryIntervalInSeconds": 30,
					"secureOutput": false,
					"secureInput": false
				},
				"userProperties": [],
				"typeProperties": {
					"dataset": {
						"referenceName": "ds_sftp_attom_parcels_binary",
						"type": "DatasetReference",
						"parameters": {
							"dsPar_FolderName": "Outgoing/Quarterly",
							"dsPar_FileName": "*.zip"
						}
					},
					"fieldList": [
						"childItems"
					],
					"storeSettings": {
						"type": "SftpReadSettings",
						"recursive": true,
						"enablePartitionDiscovery": false,
						"disableChunking": false
					},
					"formatSettings": {
						"type": "BinaryReadSettings"
					}
				}
			},
			{
				"name": "Filter1_copy1",
				"type": "Filter",
				"dependsOn": [
					{
						"activity": "Get Metadata1",
						"dependencyConditions": [
							"Succeeded"
						]
					}
				],
				"userProperties": [],
				"typeProperties": {
					"items": {
						"value": "@activity('Get Metadata1').output.childItems",
						"type": "Expression"
					},
					"condition": {
						"value": "@contains(item().name,formatDateTime(pipeline().parameters.plnPar_ScheduleTaskRunDt,'yyyyMMdd'))",
						"type": "Expression"
					}
				}
			},
			{
				"name": "ForEach zip file",
				"type": "ForEach",
				"dependsOn": [
					{
						"activity": "Filter1_copy1",
						"dependencyConditions": [
							"Succeeded"
						]
					}
				],
				"userProperties": [],
				"typeProperties": {
					"items": {
						"value": "@activity('Filter1_copy1').output.value",
						"type": "Expression"
					},
					"isSequential": true,
					"activities": [
						{
							"name": "Set plnVar_zipFileName",
							"type": "SetVariable",
							"dependsOn": [],
							"policy": {
								"secureOutput": false,
								"secureInput": false
							},
							"userProperties": [],
							"typeProperties": {
								"variableName": "plnVar_zipFileName",
								"value": {
									"value": "@item().name",
									"type": "Expression"
								}
							}
						},
						{
							"name": "Copy Attom MLS Data File",
							"type": "Copy",
							"dependsOn": [
								{
									"activity": "Set plnVar_zipFileName",
									"dependencyConditions": [
										"Succeeded"
									]
								}
							],
							"policy": {
								"timeout": "0.12:00:00",
								"retry": 0,
								"retryIntervalInSeconds": 30,
								"secureOutput": false,
								"secureInput": false
							},
							"userProperties": [],
							"typeProperties": {
								"source": {
									"type": "BinarySource",
									"storeSettings": {
										"type": "SftpReadSettings",
										"recursive": true,
										"disableChunking": false
									},
									"formatSettings": {
										"type": "BinaryReadSettings"
									}
								},
								"sink": {
									"type": "BinarySink",
									"storeSettings": {
										"type": "AzureBlobFSWriteSettings"
									}
								},
								"enableStaging": false
							},
							"inputs": [
								{
									"referenceName": "ds_sftp_attom_parcels_binary",
									"type": "DatasetReference",
									"parameters": {
										"dsPar_FolderName": {
											"value": "@pipeline().parameters.plnPar_SFTP_Folder",
											"type": "Expression"
										},
										"dsPar_FileName": {
											"value": "@variables('plnVar_zipFileName')",
											"type": "Expression"
										}
									}
								}
							],
							"outputs": [
								{
									"referenceName": "ds_adls_raw_binary_folder",
									"type": "DatasetReference",
									"parameters": {
										"dsPar_Container": {
											"value": "@pipeline().parameters.plnPar_TgtContainer",
											"type": "Expression"
										},
										"dsPar_Folder": {
											"value": "@pipeline().parameters.plnPar_TgtFolder",
											"type": "Expression"
										}
									}
								}
							]
						},
						{
							"name": "unzip files",
							"type": "Copy",
							"dependsOn": [
								{
									"activity": "Copy Attom MLS Data File",
									"dependencyConditions": [
										"Succeeded"
									]
								}
							],
							"policy": {
								"timeout": "0.12:00:00",
								"retry": 0,
								"retryIntervalInSeconds": 30,
								"secureOutput": false,
								"secureInput": false
							},
							"userProperties": [],
							"typeProperties": {
								"source": {
									"type": "BinarySource",
									"storeSettings": {
										"type": "AzureBlobFSReadSettings",
										"recursive": false,
										"deleteFilesAfterCompletion": false
									},
									"formatSettings": {
										"type": "BinaryReadSettings",
										"compressionProperties": {
											"type": "ZipDeflateReadSettings"
										}
									}
								},
								"sink": {
									"type": "BinarySink",
									"storeSettings": {
										"type": "AzureBlobFSWriteSettings"
									}
								},
								"enableStaging": false
							},
							"inputs": [
								{
									"referenceName": "ds_adls_raw_zip",
									"type": "DatasetReference",
									"parameters": {
										"dsPar_Container": {
											"value": "raw-arcgis",
											"type": "Expression"
										},
										"dsPar_FolderName": {
											"value": "parcels",
											"type": "Expression"
										},
										"dsPar_FileName": {
											"value": "@variables('plnVar_zipFileName')",
											"type": "Expression"
										}
									}
								}
							],
							"outputs": [
								{
									"referenceName": "ds_adls_raw_binary",
									"type": "DatasetReference",
									"parameters": {
										"dsPar_Container": {
											"value": "raw-arcgis",
											"type": "Expression"
										},
										"dsPar_Folder": {
											"value": "parcels/unzipped",
											"type": "Expression"
										}
									}
								}
							]
						}
					]
				}
			}
		],
		"parameters": {
			"plnPar_SFTP_Folder": {
				"type": "string",
				"defaultValue": "Outgoing/Quarterly"
			},
			"plnPar_SFTP_File": {
				"type": "string",
				"defaultValue": "*.zip"
			},
			"plnPar_TgtContainer": {
				"type": "string",
				"defaultValue": "raw-arcgis"
			},
			"plnPar_TgtFolder": {
				"type": "string",
				"defaultValue": "parcels"
			},
			"plnPar_TgtSchema": {
				"type": "string",
				"defaultValue": "work_arcgis"
			},
			"plnPar_TgtFileInfoTable": {
				"type": "string",
				"defaultValue": "initial_data_files"
			},
			"plnPar_ScheduleTaskRunDt": {
				"type": "string",
				"defaultValue": "2023-10-04"
			}
		},
		"variables": {
			"plnVar_zipFileName": {
				"type": "String"
			}
		},
		"folder": {
			"name": "21 - Datalake/ArcGIS/Ongoing"
		},
		"annotations": [],
		"lastPublishTime": "2024-01-10T16:52:04Z"
	},
	"type": "Microsoft.DataFactory/factories/pipelines"
}