{
	"name": "pln_load_ArcGIS_PARCELS_land_recorder",
	"properties": {
		"activities": [
			{
				"name": "Stored procedure1",
				"type": "SqlServerStoredProcedure",
				"dependsOn": [
					{
						"activity": "lkp - get schedule task run details",
						"dependencyConditions": [
							"Succeeded"
						]
					}
				],
				"policy": {
					"timeout": "0.12:00:00",
					"retry": 0,
					"retryIntervalInSeconds": 30,
					"secureOutput": false,
					"secureInput": false
				},
				"userProperties": [],
				"typeProperties": {
					"storedProcedureName": "[land_arcgis].[usp_recorder]",
					"storedProcedureParameters": {
						"in_ScheduleTaskRunSk": {
							"value": {
								"value": "@pipeline().parameters.plnPar_ScheduleTaskRunSk",
								"type": "Expression"
							},
							"type": "Int64"
						},
						"src_file_tmstp": {
							"value": {
								"value": "@formatDateTime(pipeline().parameters.plnPar_ScheduleTaskRunDt,'yyyyMMdd')",
								"type": "Expression"
							},
							"type": "Int64"
						}
					}
				},
				"linkedServiceName": {
					"referenceName": "lnks_arcgis_asqlmi_nwedw",
					"type": "LinkedServiceReference"
				}
			},
			{
				"name": "lkp - get schedule task run details",
				"type": "Lookup",
				"dependsOn": [],
				"policy": {
					"timeout": "7.00:00:00",
					"retry": 0,
					"retryIntervalInSeconds": 30,
					"secureOutput": false,
					"secureInput": false
				},
				"userProperties": [],
				"typeProperties": {
					"source": {
						"type": "SqlMISource",
						"sqlReaderStoredProcedureName": "[meta_arcgis].[usp_get_schedule_task_run_details]",
						"storedProcedureParameters": {
							"in_ScheduleTaskRunSk": {
								"type": "Int64",
								"value": {
									"value": "@pipeline().parameters.plnPar_ScheduleTaskRunSk",
									"type": "Expression"
								}
							}
						},
						"partitionOption": "None"
					},
					"dataset": {
						"referenceName": "ds_asqlmi_arcgis_tables",
						"type": "DatasetReference",
						"parameters": {
							"dsPar_TableName": "schedule_task_run",
							"dsPar_SchemaName": "dbo"
						}
					},
					"firstRowOnly": true
				}
			},
			{
				"name": "set var - error msg - pres tbl fail",
				"type": "SetVariable",
				"dependsOn": [
					{
						"activity": "Stored procedure1",
						"dependencyConditions": [
							"Failed"
						]
					}
				],
				"policy": {
					"secureOutput": false,
					"secureInput": false
				},
				"userProperties": [],
				"typeProperties": {
					"variableName": "plnVar_ErrorMessage",
					"value": {
						"value": "Stored procedure to load presentation table failed. View pipeline run log for details",
						"type": "Expression"
					}
				}
			},
			{
				"name": "exec - pln - end task - pres tbl fail",
				"type": "ExecutePipeline",
				"dependsOn": [
					{
						"activity": "set var - error msg - pres tbl fail",
						"dependencyConditions": [
							"Succeeded"
						]
					}
				],
				"policy": {
					"secureInput": false
				},
				"userProperties": [],
				"typeProperties": {
					"pipeline": {
						"referenceName": "pln_orch_end_task_arcgis",
						"type": "PipelineReference"
					},
					"waitOnCompletion": true,
					"parameters": {
						"plnPar_TaskApplicationRunIdTxt": {
							"value": "@concat('PLN_RUN_ID: ',pipeline().RunId ,' | PLN_NM: ',pipeline().Pipeline,' | DF_NM: ',pipeline().DataFactory)",
							"type": "Expression"
						},
						"plnPar_TaskRunStatusCd": "FAILED",
						"plnPar_TaskRunStatusDesc": {
							"value": "@variables('plnVar_ErrorMessage')",
							"type": "Expression"
						},
						"plnPar_ScheduleTaskRunSk": {
							"value": "@pipeline().parameters.plnPar_ScheduleTaskRunSk",
							"type": "Expression"
						}
					}
				}
			},
			{
				"name": "web - fail pipeline on error",
				"description": "This activity will fail the pipeline incase of any error",
				"type": "WebActivity",
				"dependsOn": [
					{
						"activity": "exec - pln - end task - pres tbl fail",
						"dependencyConditions": [
							"Succeeded"
						]
					}
				],
				"policy": {
					"timeout": "7.00:00:00",
					"retry": 0,
					"retryIntervalInSeconds": 30,
					"secureOutput": false,
					"secureInput": false
				},
				"userProperties": [],
				"typeProperties": {
					"method": "GET",
					"url": "http://1=2",
					"connectVia": {
						"referenceName": "AutoResolveIntegrationRuntime",
						"type": "IntegrationRuntimeReference"
					}
				}
			}
		],
		"parameters": {
			"plnPar_ScheduleTaskRunSk": {
				"type": "string",
				"defaultValue": "-1"
			},
			"plnPar_ScheduleName": {
				"type": "string",
				"defaultValue": "ArcGIS_MLS_Ongoing"
			},
			"plnPar_BatchName": {
				"type": "string",
				"defaultValue": "ArcGIS_MLS"
			},
			"plnPar_PhaseName": {
				"type": "string",
				"defaultValue": "ArcGIS_Land"
			},
			"plnPar_TgtTableNm": {
				"type": "string",
				"defaultValue": "mls_deletes"
			},
			"plnPar_ScheduleTaskRunDt": {
				"type": "string"
			}
		},
		"variables": {
			"plnVar_ErrorMessage": {
				"type": "String"
			}
		},
		"folder": {
			"name": "ArcGIS Land and Stage/Land"
		},
		"annotations": [],
		"lastPublishTime": "2024-01-10T16:52:06Z"
	},
	"type": "Microsoft.DataFactory/factories/pipelines"
}