{
	"name": "pln_run_bal_chk_when_tgt_ready",
	"properties": {
		"activities": [
			{
				"name": "UntilAllVliDone_EDW",
				"type": "Until",
				"dependsOn": [
					{
						"activity": "Script_init",
						"dependencyConditions": [
							"Succeeded"
						]
					}
				],
				"userProperties": [],
				"typeProperties": {
					"expression": {
						"value": "@bool(variables('plnVar_AllValDone'))",
						"type": "Expression"
					},
					"activities": [
						{
							"name": "LookupVliReadiness",
							"type": "Lookup",
							"dependsOn": [],
							"policy": {
								"timeout": "0.12:00:00",
								"retry": 0,
								"retryIntervalInSeconds": 30,
								"secureOutput": false,
								"secureInput": false
							},
							"userProperties": [],
							"typeProperties": {
								"source": {
									"type": "SqlMISource",
									"sqlReaderQuery": {
										"value": "@concat(\n'select balance_check_group_nm, balance_check_target_db \nfrom mgmt.target_readiness_check \nwhere balance_check_date = convert(date, getdate()) \nand validation_complete_ind = 0 \nand balance_check_group_nm != ''',\nvariables('plnVar_PreGrpNm'),\n''' order by newid() DESC'\n)",
										"type": "Expression"
									},
									"partitionOption": "None"
								},
								"dataset": {
									"referenceName": "ds_asqlmi_table_dynmc",
									"type": "DatasetReference",
									"parameters": {
										"dsPar_SchemaName": "mgmt",
										"dsPar_TableName": "any",
										"dsPar_ServerConnection": {
											"value": "@pipeline().parameters.plnPar_BalCKConn",
											"type": "Expression"
										},
										"dsPar_DatabaseName": {
											"value": "@pipeline().parameters.plnPar_BalCKDBName",
											"type": "Expression"
										}
									}
								}
							}
						},
						{
							"name": "Set variable current group name",
							"type": "SetVariable",
							"dependsOn": [
								{
									"activity": "LookupVliReadiness",
									"dependencyConditions": [
										"Succeeded"
									]
								}
							],
							"policy": {
								"secureOutput": false,
								"secureInput": false
							},
							"userProperties": [],
							"typeProperties": {
								"variableName": "plnVar_CurGrpNm",
								"value": {
									"value": "@activity('LookupVliReadiness').output.firstRow.balance_check_group_nm",
									"type": "Expression"
								}
							}
						},
						{
							"name": "Set variable current Tgt DB",
							"type": "SetVariable",
							"dependsOn": [
								{
									"activity": "Set variable current group name",
									"dependencyConditions": [
										"Succeeded"
									]
								}
							],
							"policy": {
								"secureOutput": false,
								"secureInput": false
							},
							"userProperties": [],
							"typeProperties": {
								"variableName": "plnVar_CurTgtDB",
								"value": {
									"value": "@activity('LookupVliReadiness').output.firstRow.balance_check_target_db",
									"type": "Expression"
								}
							}
						},
						{
							"name": "If Condition setup query",
							"type": "IfCondition",
							"dependsOn": [
								{
									"activity": "Switch schedule names",
									"dependencyConditions": [
										"Succeeded"
									]
								}
							],
							"userProperties": [],
							"typeProperties": {
								"expression": {
									"value": "@equals(variables('plnVar_CurTgtDB'), 'MDP')",
									"type": "Expression"
								},
								"ifFalseActivities": [
									{
										"name": "Set variable query 2",
										"type": "SetVariable",
										"dependsOn": [],
										"policy": {
											"secureOutput": false,
											"secureInput": false
										},
										"userProperties": [],
										"typeProperties": {
											"variableName": "plnVar_ReadinessQuery",
											"value": {
												"value": "@concat(\n'select sctr.schedule_run_status_cd as status_cd  \nfrom mgmt.schedule_run sctr \njoin mgmt.schedule s \non s.schedule_sk =sctr.schedule_sk \nwhere s.schedule_nm= ''', \nvariables('plnVar_ScheduleNm'), \n''' and cast(schedule_run_start_ts as date) = cast(getdate() as date)  \nand sctr.schedule_run_status_cd=''COMPLETE'' \nunion all \nselect ''ZZZZZZZZ''' \n)",
												"type": "Expression"
											}
										}
									}
								],
								"ifTrueActivities": [
									{
										"name": "Set variable query MDP",
										"type": "SetVariable",
										"dependsOn": [],
										"policy": {
											"secureOutput": false,
											"secureInput": false
										},
										"userProperties": [],
										"typeProperties": {
											"variableName": "plnVar_ReadinessQuery",
											"value": "select sctr.schedule_run_status_cd as status_cd \nfrom meta.schedule_run sctr \njoin meta.schedule s \non s.schedule_sk =sctr.schedule_sk \nwhere s.schedule_nm= 'MDP_DNA_STG' \nand cast(schedule_run_start_ts as date) = cast(getdate() as date) \nand sctr.schedule_run_status_cd='COMPLETE' \nunion all \nselect 'ZZZZZZZZ' "
										}
									}
								]
							}
						},
						{
							"name": "If Condition MDP",
							"type": "IfCondition",
							"dependsOn": [
								{
									"activity": "If Condition setup query",
									"dependencyConditions": [
										"Succeeded"
									]
								}
							],
							"userProperties": [],
							"typeProperties": {
								"expression": {
									"value": "@equals(variables('plnVar_CurTgtDB'), 'MDP')",
									"type": "Expression"
								},
								"ifFalseActivities": [
									{
										"name": "Set variable preGrpNm MDP",
										"type": "SetVariable",
										"dependsOn": [],
										"policy": {
											"secureOutput": false,
											"secureInput": false
										},
										"userProperties": [],
										"typeProperties": {
											"variableName": "plnVar_PreGrpNm",
											"value": {
												"value": "@variables('plnVar_CurGrpNm')",
												"type": "Expression"
											}
										}
									}
								],
								"ifTrueActivities": [
									{
										"name": "Lookup MDP readiness",
										"type": "Lookup",
										"dependsOn": [],
										"policy": {
											"timeout": "0.12:00:00",
											"retry": 0,
											"retryIntervalInSeconds": 30,
											"secureOutput": false,
											"secureInput": false
										},
										"userProperties": [],
										"typeProperties": {
											"source": {
												"type": "AzureSqlSource",
												"sqlReaderQuery": {
													"value": "@variables('plnVar_ReadinessQuery')",
													"type": "Expression"
												},
												"queryTimeout": "02:00:00",
												"partitionOption": "None"
											},
											"dataset": {
												"referenceName": "ds_asqldb_edw_dynmc",
												"type": "DatasetReference",
												"parameters": {
													"dsPar_Schema": "any",
													"dsPar_Table": "any",
													"dsPar_DBConnStr": {
														"value": "@pipeline().parameters.plnPar_MDPConn",
														"type": "Expression"
													},
													"dsPar_DBName": {
														"value": "@pipeline().parameters.plnPar_MDPDB",
														"type": "Expression"
													}
												}
											}
										}
									},
									{
										"name": "Set variable MDP readiness",
										"type": "SetVariable",
										"dependsOn": [
											{
												"activity": "Lookup MDP readiness",
												"dependencyConditions": [
													"Succeeded"
												]
											}
										],
										"policy": {
											"secureOutput": false,
											"secureInput": false
										},
										"userProperties": [],
										"typeProperties": {
											"variableName": "plnVar_TgtReadiness",
											"value": {
												"value": "@activity('Lookup MDP readiness').output.firstRow.status_cd",
												"type": "Expression"
											}
										}
									}
								]
							}
						},
						{
							"name": "If Condition EDW",
							"type": "IfCondition",
							"dependsOn": [
								{
									"activity": "If Condition ready exec MDP validation",
									"dependencyConditions": [
										"Succeeded"
									]
								}
							],
							"userProperties": [],
							"typeProperties": {
								"expression": {
									"value": "@equals(variables('plnVar_CurTgtDB'), 'EDW')",
									"type": "Expression"
								},
								"ifFalseActivities": [
									{
										"name": "Set variable preGrpNm EDW",
										"type": "SetVariable",
										"dependsOn": [],
										"policy": {
											"secureOutput": false,
											"secureInput": false
										},
										"userProperties": [],
										"typeProperties": {
											"variableName": "plnVar_PreGrpNm",
											"value": {
												"value": "@variables('plnVar_CurGrpNm')",
												"type": "Expression"
											}
										}
									}
								],
								"ifTrueActivities": [
									{
										"name": "Lookup EDW readiness",
										"type": "Lookup",
										"dependsOn": [],
										"policy": {
											"timeout": "0.12:00:00",
											"retry": 0,
											"retryIntervalInSeconds": 30,
											"secureOutput": false,
											"secureInput": false
										},
										"userProperties": [],
										"typeProperties": {
											"source": {
												"type": "AzureSqlSource",
												"sqlReaderQuery": {
													"value": "@variables('plnVar_ReadinessQuery')",
													"type": "Expression"
												},
												"queryTimeout": "02:00:00",
												"partitionOption": "None"
											},
											"dataset": {
												"referenceName": "ds_asqldb_edw_dynmc",
												"type": "DatasetReference",
												"parameters": {
													"dsPar_Schema": "any",
													"dsPar_Table": "any",
													"dsPar_DBConnStr": {
														"value": "@pipeline().parameters.plnPar_EDWConn",
														"type": "Expression"
													},
													"dsPar_DBName": {
														"value": "@pipeline().parameters.plnPar_EDWDB",
														"type": "Expression"
													}
												}
											}
										}
									},
									{
										"name": "Set variable EDW readiness",
										"type": "SetVariable",
										"dependsOn": [
											{
												"activity": "Lookup EDW readiness",
												"dependencyConditions": [
													"Succeeded"
												]
											}
										],
										"policy": {
											"secureOutput": false,
											"secureInput": false
										},
										"userProperties": [],
										"typeProperties": {
											"variableName": "plnVar_TgtReadiness",
											"value": {
												"value": "@activity('Lookup EDW readiness').output.firstRow.status_cd",
												"type": "Expression"
											}
										}
									}
								]
							}
						},
						{
							"name": "If Condition ready exec MDP validation",
							"type": "IfCondition",
							"dependsOn": [
								{
									"activity": "If Condition MDP",
									"dependencyConditions": [
										"Succeeded"
									]
								}
							],
							"userProperties": [],
							"typeProperties": {
								"expression": {
									"value": "@and(equals(variables('plnVar_TgtReadiness'), 'COMPLETE'),equals(variables('plnVar_CurTgtDB'),'MDP'))",
									"type": "Expression"
								},
								"ifTrueActivities": [
									{
										"name": "Execute Pipeline MDP",
										"type": "ExecutePipeline",
										"dependsOn": [],
										"policy": {
											"secureInput": false
										},
										"userProperties": [],
										"typeProperties": {
											"pipeline": {
												"referenceName": "pln_bal_chk_main",
												"type": "PipelineReference"
											},
											"waitOnCompletion": true,
											"parameters": {
												"plnPar_GroupName": {
													"value": "@variables('plnVar_CurGrpNm')",
													"type": "Expression"
												},
												"plnPar_CheckingName": "All",
												"plnPar_BalChkDBConnStr": {
													"value": "@pipeline().parameters.plnPar_BalCKConn",
													"type": "Expression"
												},
												"plnPar_BalChkDBName": {
													"value": "@pipeline().parameters.plnPar_BalCKDBName",
													"type": "Expression"
												}
											}
										}
									},
									{
										"name": "Script update MDP",
										"type": "Script",
										"dependsOn": [
											{
												"activity": "Execute Pipeline MDP",
												"dependencyConditions": [
													"Succeeded"
												]
											}
										],
										"policy": {
											"timeout": "0.12:00:00",
											"retry": 0,
											"retryIntervalInSeconds": 30,
											"secureOutput": false,
											"secureInput": false
										},
										"userProperties": [],
										"linkedServiceName": {
											"referenceName": "lnks_asqlmi_db",
											"type": "LinkedServiceReference",
											"parameters": {
												"lnksPar_SqlMI_Server": {
													"value": "@pipeline().parameters.plnPar_BalCKConn",
													"type": "Expression"
												},
												"lnksPar_Database": {
													"value": "@pipeline().parameters.plnPar_BalCKDBName",
													"type": "Expression"
												}
											}
										},
										"typeProperties": {
											"scripts": [
												{
													"type": "Query",
													"text": {
														"value": "@concat(\n'update mgmt.target_readiness_check \nset target_readiness_ind = 1, \nvalidation_complete_ind = 1 \nwhere balance_check_group_nm = ''',\nvariables('plnVar_CurGrpNm'),\n''' and balance_check_date = convert(date, getdate())'\n)",
														"type": "Expression"
													}
												}
											],
											"scriptBlockExecutionTimeout": "02:00:00"
										}
									}
								]
							}
						},
						{
							"name": "If Condition ready exec EDW validation",
							"type": "IfCondition",
							"dependsOn": [
								{
									"activity": "If Condition EDW",
									"dependencyConditions": [
										"Succeeded"
									]
								}
							],
							"userProperties": [],
							"typeProperties": {
								"expression": {
									"value": "@and(equals(variables('plnVar_TgtReadiness'),'COMPLETE'),equals(variables('plnVar_CurTgtDB'),'EDW'))",
									"type": "Expression"
								},
								"ifTrueActivities": [
									{
										"name": "Execute Pipeline EDW",
										"type": "ExecutePipeline",
										"dependsOn": [],
										"policy": {
											"secureInput": false
										},
										"userProperties": [],
										"typeProperties": {
											"pipeline": {
												"referenceName": "pln_bal_chk_main",
												"type": "PipelineReference"
											},
											"waitOnCompletion": true,
											"parameters": {
												"plnPar_GroupName": {
													"value": "@variables('plnVar_CurGrpNm')",
													"type": "Expression"
												},
												"plnPar_CheckingName": "All",
												"plnPar_BalChkDBConnStr": {
													"value": "@pipeline().parameters.plnPar_BalCKConn",
													"type": "Expression"
												},
												"plnPar_BalChkDBName": {
													"value": "@pipeline().parameters.plnPar_BalCKDBName",
													"type": "Expression"
												}
											}
										}
									},
									{
										"name": "Script update EDW",
										"type": "Script",
										"dependsOn": [
											{
												"activity": "Execute Pipeline EDW",
												"dependencyConditions": [
													"Succeeded"
												]
											}
										],
										"policy": {
											"timeout": "0.12:00:00",
											"retry": 0,
											"retryIntervalInSeconds": 30,
											"secureOutput": false,
											"secureInput": false
										},
										"userProperties": [],
										"linkedServiceName": {
											"referenceName": "lnks_asqlmi_db",
											"type": "LinkedServiceReference",
											"parameters": {
												"lnksPar_SqlMI_Server": {
													"value": "@pipeline().parameters.plnPar_BalCKConn",
													"type": "Expression"
												},
												"lnksPar_Database": {
													"value": "@pipeline().parameters.plnPar_BalCKDBName",
													"type": "Expression"
												}
											}
										},
										"typeProperties": {
											"scripts": [
												{
													"type": "Query",
													"text": {
														"value": "@concat(\n'update mgmt.target_readiness_check \nset target_readiness_ind = 1, \nvalidation_complete_ind = 1 \nwhere balance_check_group_nm = ''',\nvariables('plnVar_CurGrpNm'),\n''' and balance_check_date = convert(date, getdate())'\n)",
														"type": "Expression"
													}
												}
											],
											"scriptBlockExecutionTimeout": "02:00:00"
										}
									}
								]
							}
						},
						{
							"name": "Lookup Remaining Grps",
							"type": "Lookup",
							"dependsOn": [
								{
									"activity": "If Condition ready exec EDW validation",
									"dependencyConditions": [
										"Succeeded"
									]
								}
							],
							"policy": {
								"timeout": "0.12:00:00",
								"retry": 0,
								"retryIntervalInSeconds": 30,
								"secureOutput": false,
								"secureInput": false
							},
							"userProperties": [],
							"typeProperties": {
								"source": {
									"type": "SqlMISource",
									"sqlReaderQuery": "select count(1) grpCount\r\nfrom mgmt.target_readiness_check\r\nwhere balance_check_date = convert(date, getdate())\r\nand validation_complete_ind = 0",
									"partitionOption": "None"
								},
								"dataset": {
									"referenceName": "ds_asqlmi_table_dynmc",
									"type": "DatasetReference",
									"parameters": {
										"dsPar_SchemaName": "any",
										"dsPar_TableName": "any",
										"dsPar_ServerConnection": {
											"value": "@pipeline().parameters.plnPar_BalCKConn",
											"type": "Expression"
										},
										"dsPar_DatabaseName": {
											"value": "@pipeline().parameters.plnPar_BalCKDBName",
											"type": "Expression"
										}
									}
								}
							}
						},
						{
							"name": "If Condition set preGrpNm",
							"type": "IfCondition",
							"dependsOn": [
								{
									"activity": "Lookup Remaining Grps",
									"dependencyConditions": [
										"Succeeded"
									]
								}
							],
							"userProperties": [],
							"typeProperties": {
								"expression": {
									"value": "@equals(activity('Lookup Remaining Grps').output.firstRow.grpCount, 1)",
									"type": "Expression"
								},
								"ifFalseActivities": [
									{
										"name": "Wait 10 mins 2",
										"type": "Wait",
										"dependsOn": [],
										"userProperties": [],
										"typeProperties": {
											"waitTimeInSeconds": 600
										}
									}
								],
								"ifTrueActivities": [
									{
										"name": "Set variable preGrpNm",
										"type": "SetVariable",
										"dependsOn": [],
										"policy": {
											"secureOutput": false,
											"secureInput": false
										},
										"userProperties": [],
										"typeProperties": {
											"variableName": "plnVar_PreGrpNm",
											"value": "None"
										}
									},
									{
										"name": "Wait 10 mins",
										"type": "Wait",
										"dependsOn": [
											{
												"activity": "Set variable preGrpNm",
												"dependencyConditions": [
													"Succeeded"
												]
											}
										],
										"userProperties": [],
										"typeProperties": {
											"waitTimeInSeconds": 600
										}
									}
								]
							}
						},
						{
							"name": "If Condition all done",
							"type": "IfCondition",
							"dependsOn": [
								{
									"activity": "Lookup Remaining Grps",
									"dependencyConditions": [
										"Succeeded"
									]
								}
							],
							"userProperties": [],
							"typeProperties": {
								"expression": {
									"value": "@equals(activity('Lookup Remaining Grps').output.firstRow.grpCount, 0)",
									"type": "Expression"
								},
								"ifTrueActivities": [
									{
										"name": "Set variable all done",
										"type": "SetVariable",
										"dependsOn": [],
										"policy": {
											"secureOutput": false,
											"secureInput": false
										},
										"userProperties": [],
										"typeProperties": {
											"variableName": "plnVar_AllValDone",
											"value": true
										}
									}
								]
							}
						},
						{
							"name": "Switch schedule names",
							"type": "Switch",
							"dependsOn": [
								{
									"activity": "Set variable current Tgt DB",
									"dependencyConditions": [
										"Succeeded"
									]
								}
							],
							"userProperties": [],
							"typeProperties": {
								"on": {
									"value": "@variables('plnVar_CurGrpNm')",
									"type": "Expression"
								},
								"cases": [
									{
										"value": "MR EDW Recon",
										"activities": [
											{
												"name": "Set schedule1",
												"type": "SetVariable",
												"dependsOn": [],
												"policy": {
													"secureOutput": false,
													"secureInput": false
												},
												"userProperties": [],
												"typeProperties": {
													"variableName": "plnVar_ScheduleNm",
													"value": "EDW_Daily_MR"
												}
											}
										]
									},
									{
										"value": "FCW MR EDW Recon",
										"activities": [
											{
												"name": "Set variable schedule2",
												"type": "SetVariable",
												"dependsOn": [],
												"policy": {
													"secureOutput": false,
													"secureInput": false
												},
												"userProperties": [],
												"typeProperties": {
													"variableName": "plnVar_ScheduleNm",
													"value": "EDW_Daily_FWX_MR"
												}
											}
										]
									},
									{
										"value": "nCino EDW Recon",
										"activities": [
											{
												"name": "Set variable schedule3",
												"type": "SetVariable",
												"dependsOn": [],
												"policy": {
													"secureOutput": false,
													"secureInput": false
												},
												"userProperties": [],
												"typeProperties": {
													"variableName": "plnVar_ScheduleNm",
													"value": "EDW_Daily_nCino"
												}
											}
										]
									}
								],
								"defaultActivities": [
									{
										"name": "Set variable schedule0",
										"type": "SetVariable",
										"dependsOn": [],
										"policy": {
											"secureOutput": false,
											"secureInput": false
										},
										"userProperties": [],
										"typeProperties": {
											"variableName": "plnVar_ScheduleNm",
											"value": "MDP_DNA_STG"
										}
									}
								]
							}
						}
					],
					"timeout": "0.12:00:00"
				}
			},
			{
				"name": "Script_init",
				"type": "Script",
				"dependsOn": [],
				"policy": {
					"timeout": "0.12:00:00",
					"retry": 0,
					"retryIntervalInSeconds": 30,
					"secureOutput": false,
					"secureInput": false
				},
				"userProperties": [],
				"linkedServiceName": {
					"referenceName": "lnks_asqlmi_db",
					"type": "LinkedServiceReference",
					"parameters": {
						"lnksPar_SqlMI_Server": {
							"value": "@pipeline().parameters.plnPar_BalCKConn",
							"type": "Expression"
						},
						"lnksPar_Database": {
							"value": "@pipeline().parameters.plnPar_BalCKDBName",
							"type": "Expression"
						}
					}
				},
				"typeProperties": {
					"scripts": [
						{
							"type": "Query",
							"text": "declare @group_names table (Id int not null, GroupName varchar(100) not null)\r\ninsert @group_names(Id, GroupName) values (1, 'MR EDW Recon'),(2, 'FCW MR EDW Recon'),(3, 'nCino EDW Recon')\r\n\r\ndeclare @gn varchar(100)\r\ndeclare @gpnm varchar(100) = null\r\ndeclare @tgtdb varchar(100) = null\r\ndeclare @i int = 1\r\n\r\nwhile @i <= 3\r\nbegin\r\n\tselect @gn = GroupName from @group_names where Id = @i\r\n\r\n\tselect @gpnm = isNULL(balance_check_group_nm, 'NULL')\r\n\tfrom [mgmt].[target_readiness_check]\r\n\twhere balance_check_group_nm = @gn\r\n\tand balance_check_date = CONVERT(DATE, GETDATE())\r\n\r\n\t\r\n\t\tset @tgtdb = 'EDW'\r\n\r\n\tif isNULL(@gpnm, 'NULL') = 'NULL'\r\n\tbegin\r\n\t\tinsert into [mgmt].[target_readiness_check] (balance_check_date, balance_check_group_nm, balance_check_target_db, target_readiness_ind, validation_complete_ind)\r\n\t\tvalues (CONVERT(DATE, GETDATE()), @gn, @tgtdb, 0, 0)\r\n\tend\r\n\r\n\tset @gn = null\r\n\tset @i = @i + 1\r\nend\r\n\r\nIF DATENAME(weekday, GETDATE()) IN (N'Monday', N'Sunday')\r\nbegin\r\n\tupdate [mgmt].[target_readiness_check]\r\n\tset target_readiness_ind = -1, validation_complete_ind = -1\r\n\twhere balance_check_date = CONVERT(DATE, GETDATE())\r\n\tand balance_check_group_nm in ('MR EDW Recon', 'FCW MR EDW Recon')\r\nend"
						}
					],
					"scriptBlockExecutionTimeout": "02:00:00"
				}
			}
		],
		"parameters": {
			"plnPar_BalCKConn": {
				"type": "string",
				"defaultValue": "nw-edw-d-usw-mi.public.3dbc2ecfe1bf.database.windows.net,3342"
			},
			"plnPar_BalCKDBName": {
				"type": "string",
				"defaultValue": "aw-validation-d-usw-sqldb"
			},
			"plnPar_EDWConn": {
				"type": "string",
				"defaultValue": "nw-edw-p-usw-sql.database.windows.net"
			},
			"plnPar_EDWDB": {
				"type": "string",
				"defaultValue": "nw-edw-p-usw-sqldb"
			},
			"plnPar_MDPConn": {
				"type": "string",
				"defaultValue": "nw-mdp-p-usw-sql.database.windows.net"
			},
			"plnPar_MDPDB": {
				"type": "string",
				"defaultValue": "nw-mdp-p-usw-sqldb"
			}
		},
		"variables": {
			"plnVar_AllValDone": {
				"type": "Boolean",
				"defaultValue": false
			},
			"plnVar_PreGrpNm": {
				"type": "String",
				"defaultValue": "None"
			},
			"plnVar_VCount": {
				"type": "Integer",
				"defaultValue": 3
			},
			"plnVar_ReadinessQuery": {
				"type": "String"
			},
			"plnVar_CurGrpNm": {
				"type": "String"
			},
			"plnVar_CurTgtDB": {
				"type": "String"
			},
			"plnVar_TgtReadiness": {
				"type": "String",
				"defaultValue": "No"
			},
			"plnVar_ScheduleNm": {
				"type": "String"
			}
		},
		"folder": {
			"name": "Validation"
		},
		"annotations": [],
		"lastPublishTime": "2025-05-30T15:20:27Z"
	},
	"type": "Microsoft.DataFactory/factories/pipelines"
}