{
	"name": "pln_load_arcgis_parcels_ongoing_raw_to_work_taxassessor",
	"properties": {
		"activities": [
			{
				"name": "Get zip file name",
				"type": "GetMetadata",
				"dependsOn": [
					{
						"activity": "Script1",
						"dependencyConditions": [
							"Succeeded"
						]
					}
				],
				"policy": {
					"timeout": "0.12:00:00",
					"retry": 0,
					"retryIntervalInSeconds": 30,
					"secureOutput": false,
					"secureInput": false
				},
				"userProperties": [],
				"typeProperties": {
					"dataset": {
						"referenceName": "ds_adls_raw_zip",
						"type": "DatasetReference",
						"parameters": {
							"dsPar_Container": {
								"value": "@pipeline().parameters.plnPar_SrcContainer",
								"type": "Expression"
							},
							"dsPar_FolderName": {
								"value": "@pipeline().parameters.plnPar_SrcFolder",
								"type": "Expression"
							},
							"dsPar_FileName": "*.zip"
						}
					},
					"fieldList": [
						"childItems",
						"itemType"
					],
					"storeSettings": {
						"type": "AzureBlobFSReadSettings",
						"recursive": true,
						"enablePartitionDiscovery": false
					},
					"formatSettings": {
						"type": "BinaryReadSettings"
					}
				}
			},
			{
				"name": "Filter1_copy1",
				"type": "Filter",
				"dependsOn": [
					{
						"activity": "Get zip file name",
						"dependencyConditions": [
							"Succeeded"
						]
					}
				],
				"userProperties": [],
				"typeProperties": {
					"items": {
						"value": "@activity('Get zip file name').output.childItems",
						"type": "Expression"
					},
					"condition": {
						"value": "@and(contains(item().name,formatDateTime(pipeline().parameters.plnPar_ScheduleTaskRunDt,'yyyyMMdd')),contains(item().name,'TAXASSESSOR'))",
						"type": "Expression"
					}
				}
			},
			{
				"name": "If Condition1",
				"type": "IfCondition",
				"dependsOn": [
					{
						"activity": "Filter1_copy1",
						"dependencyConditions": [
							"Succeeded"
						]
					}
				],
				"userProperties": [],
				"typeProperties": {
					"expression": {
						"value": "@greater(activity('Filter1_copy1').output.FilteredItemsCount,0)",
						"type": "Expression"
					},
					"ifTrueActivities": [
						{
							"name": "Execute Pipeline1",
							"type": "ExecutePipeline",
							"dependsOn": [],
							"policy": {
								"secureInput": false
							},
							"userProperties": [],
							"typeProperties": {
								"pipeline": {
									"referenceName": "pln_ongoing_load_work_taxassessor",
									"type": "PipelineReference"
								},
								"waitOnCompletion": true,
								"parameters": {
									"plnPar_ScheduleTaskRunDt": {
										"value": "@pipeline().parameters.plnPar_ScheduleTaskRunDt",
										"type": "Expression"
									}
								}
							}
						}
					]
				}
			},
			{
				"name": "Script1",
				"type": "Script",
				"dependsOn": [],
				"policy": {
					"timeout": "0.12:00:00",
					"retry": 0,
					"retryIntervalInSeconds": 30,
					"secureOutput": false,
					"secureInput": false
				},
				"userProperties": [],
				"linkedServiceName": {
					"referenceName": "lnks_arcgis_asqlmi_nwedw",
					"type": "LinkedServiceReference"
				},
				"typeProperties": {
					"scripts": [
						{
							"type": "Query",
							"text": "truncate table work_arcgis.work_tax_assessor"
						}
					],
					"scriptBlockExecutionTimeout": "02:00:00"
				}
			}
		],
		"parameters": {
			"plnPar_SrcContainer": {
				"type": "string",
				"defaultValue": "raw-arcgis"
			},
			"plnPar_TgtSchema": {
				"type": "string",
				"defaultValue": "work_arcgis"
			},
			"plnPar_TgtTable": {
				"type": "string",
				"defaultValue": "work_tax_assessor"
			},
			"plnPar_TgtFileInfo": {
				"type": "string",
				"defaultValue": "initial_data_files"
			},
			"plnPar_ErrFolder": {
				"type": "string",
				"defaultValue": "mls/ETL_ERRORS/taxassessor"
			},
			"plnPar_SrcFolder": {
				"type": "string",
				"defaultValue": "parcels/unzipped"
			},
			"plnPar_ScheduleTaskRunDt": {
				"type": "string",
				"defaultValue": "2023-10-04"
			}
		},
		"variables": {
			"plnVar_SrcFolder": {
				"type": "String"
			},
			"plnVar_SrcFile": {
				"type": "String"
			},
			"plnVar_SrcOrderNumber": {
				"type": "String"
			},
			"plnVar_SrcDelimiter": {
				"type": "String",
				"defaultValue": ","
			},
			"plnVar_SrcFile_delete": {
				"type": "String"
			},
			"plnVar_date": {
				"type": "String"
			}
		},
		"folder": {
			"name": "31 - Staging/ArcGIS/Ongoing"
		},
		"annotations": [],
		"lastPublishTime": "2024-01-18T15:22:12Z"
	},
	"type": "Microsoft.DataFactory/factories/pipelines"
}