{
	"name": "pln_orch_end_batch",
	"properties": {
		"description": "marks a specific batch as ended in the abc metadata",
		"activities": [
			{
				"name": "sp End Batch Run",
				"type": "SqlServerStoredProcedure",
				"dependsOn": [],
				"policy": {
					"timeout": "7.00:00:00",
					"retry": 0,
					"retryIntervalInSeconds": 30,
					"secureOutput": false,
					"secureInput": false
				},
				"userProperties": [],
				"typeProperties": {
					"storedProcedureName": "[mgmt].[usp_end_batch_run]",
					"storedProcedureParameters": {
						"in_batchName": {
							"value": {
								"value": "@pipeline().parameters.plnPar_BatchName",
								"type": "Expression"
							},
							"type": "String"
						},
						"in_batchRunStatusCd": {
							"value": {
								"value": "@pipeline().parameters.plnPar_BatchRunStatusCd",
								"type": "Expression"
							},
							"type": "String"
						}
					}
				},
				"linkedServiceName": {
					"referenceName": "lnks_edw_asqldb_nwedw",
					"type": "LinkedServiceReference"
				}
			}
		],
		"parameters": {
			"plnPar_BatchName": {
				"type": "string",
				"defaultValue": "MR_Staging_Daily"
			},
			"plnPar_BatchRunStatusCd": {
				"type": "string",
				"defaultValue": "COMPLETE"
			}
		},
		"folder": {
			"name": "01 - ABC/Task"
		},
		"annotations": [],
		"lastPublishTime": "2022-09-06T14:47:13Z"
	},
	"type": "Microsoft.DataFactory/factories/pipelines"
}