{
	"name": "pln_load_src_to_raw_attom_mls_listings_history",
	"properties": {
		"activities": [
			{
				"name": "Get Metadata1",
				"type": "GetMetadata",
				"dependsOn": [],
				"policy": {
					"timeout": "0.12:00:00",
					"retry": 0,
					"retryIntervalInSeconds": 30,
					"secureOutput": false,
					"secureInput": false
				},
				"userProperties": [],
				"typeProperties": {
					"dataset": {
						"referenceName": "ds_ftp_mls",
						"type": "DatasetReference",
						"parameters": {
							"Folder_Name": {
								"value": "@pipeline().parameters.plnPar_SrcFolderName",
								"type": "Expression"
							},
							"File_Name": {
								"value": "@pipeline().parameters.plnPar_SrcFileName",
								"type": "Expression"
							}
						}
					},
					"fieldList": [
						"childItems"
					],
					"storeSettings": {
						"type": "FtpReadSettings",
						"recursive": true,
						"enablePartitionDiscovery": false,
						"useBinaryTransfer": false,
						"disableChunking": false
					},
					"formatSettings": {
						"type": "BinaryReadSettings"
					}
				}
			},
			{
				"name": "ForEach1",
				"type": "ForEach",
				"dependsOn": [
					{
						"activity": "Get Metadata1",
						"dependencyConditions": [
							"Succeeded"
						]
					}
				],
				"userProperties": [],
				"typeProperties": {
					"items": {
						"value": "@activity('Get Metadata1').output.childItems",
						"type": "Expression"
					},
					"isSequential": true,
					"activities": [
						{
							"name": "Copy Attom MLS Data File",
							"type": "Copy",
							"dependsOn": [
								{
									"activity": "Set plnVar_zipFileName",
									"dependencyConditions": [
										"Succeeded"
									]
								}
							],
							"policy": {
								"timeout": "0.12:00:00",
								"retry": 0,
								"retryIntervalInSeconds": 30,
								"secureOutput": false,
								"secureInput": false
							},
							"userProperties": [],
							"typeProperties": {
								"source": {
									"type": "BinarySource",
									"storeSettings": {
										"type": "FtpReadSettings",
										"recursive": true,
										"useBinaryTransfer": true,
										"disableChunking": false
									},
									"formatSettings": {
										"type": "BinaryReadSettings",
										"compressionProperties": {
											"type": "ZipDeflateReadSettings"
										}
									}
								},
								"sink": {
									"type": "BinarySink",
									"storeSettings": {
										"type": "AzureBlobFSWriteSettings"
									}
								},
								"enableStaging": false
							},
							"inputs": [
								{
									"referenceName": "ds_ftp_mls",
									"type": "DatasetReference",
									"parameters": {
										"Folder_Name": {
											"value": "Outgoing/Listinganalyticscustom",
											"type": "Expression"
										},
										"File_Name": {
											"value": "@variables('plnVar_attom_data_file_nm')",
											"type": "Expression"
										}
									}
								}
							],
							"outputs": [
								{
									"referenceName": "ds_adls_raw_binary_folder",
									"type": "DatasetReference",
									"parameters": {
										"dsPar_Container": {
											"value": "@pipeline().parameters.plnPar_TgtContainer",
											"type": "Expression"
										},
										"dsPar_Folder": {
											"value": "@pipeline().parameters.plnPar_TgtFolderName",
											"type": "Expression"
										}
									}
								}
							]
						},
						{
							"name": "Set plnVar_zipFileName",
							"type": "SetVariable",
							"dependsOn": [],
							"policy": {
								"secureOutput": false,
								"secureInput": false
							},
							"userProperties": [],
							"typeProperties": {
								"variableName": "plnVar_attom_data_file_nm",
								"value": {
									"value": "@item().name",
									"type": "Expression"
								}
							}
						}
					]
				}
			}
		],
		"parameters": {
			"plnPar_SrcFolderName": {
				"type": "string",
				"defaultValue": "Outgoing/Listinganalyticscustom"
			},
			"plnPar_SrcFileName": {
				"type": "string",
				"defaultValue": "*.zip"
			},
			"plnPar_TgtContainer": {
				"type": "string",
				"defaultValue": "raw-arcgis"
			},
			"plnPar_TgtFolderName": {
				"type": "string",
				"defaultValue": "mls"
			}
		},
		"variables": {
			"plnVar_attom_data_file_nm": {
				"type": "String"
			}
		},
		"folder": {
			"name": "21 - Datalake/ArcGIS"
		},
		"annotations": [],
		"lastPublishTime": "2024-03-18T10:37:06Z"
	},
	"type": "Microsoft.DataFactory/factories/pipelines"
}