{
	"name": "pln_sch_ongoing_mr_gr_01_check_dependency",
	"properties": {
		"description": "This pipeline checks if dependent schedules to ensure they aren't running.\nThis should only run if EDP is not running and if MR and GR aren't already running.",
		"activities": [
			{
				"name": "lkp - get mr trigger and schedule run details",
				"type": "Lookup",
				"dependsOn": [],
				"policy": {
					"timeout": "7.00:00:00",
					"retry": 0,
					"retryIntervalInSeconds": 30,
					"secureOutput": false,
					"secureInput": false
				},
				"userProperties": [],
				"typeProperties": {
					"source": {
						"type": "AzureSqlSource",
						"sqlReaderQuery": "SELECT mr_trigger_params_sk\n\t,mr_sch.schedule_nm as mr_schedule_nm\n\t,mr_sch.next_run_dt as mr_next_run_dt\n\t,convert(INT, convert(VARCHAR(10), mr_sch.next_run_dt, 112)) AS mr_run_dt_int\n\t,mr_sch.last_successful_run_dt as mr_last_successful_run_dt\n\t,mr_schr.schedule_run_status_cd as mr_schedule_run_status_cd\n\t,gr_sch.schedule_nm as gr_schedule_nm\n\t,gr_sch.next_run_dt as gr_next_run_dt\n\t,convert(INT, convert(VARCHAR(10), gr_sch.next_run_dt, 112)) AS gr_run_dt_int\n\t,gr_sch.last_successful_run_dt as gr_last_successful_run_dt\n\t,gr_schr.schedule_run_status_cd as gr_schedule_run_status_cd\n\t,edp_sch.schedule_nm as edp_schedule_nm\n\t,edp_sch.next_run_dt as edp_next_run_dt\n\t,convert(INT, convert(VARCHAR(10), edp_sch.next_run_dt, 112)) AS edp_run_dt_int\n\t,edp_sch.last_successful_run_dt as edp_last_successful_run_dt\n\t,edp_schr.schedule_run_status_cd as edp_schedule_run_status_cd\n\t,'inbound-fpi' AS container_nm\n\t,en_f.file_folder_name_txt AS folder_nm\n\t,en_f.file_name_pattern_txt\n\t,mrtrig.archive_after_load_flg\n\t,mrtrig.archive_rel_path_txt\nFROM mgmt.mr_trigger_params mrtrig\n\nJOIN mgmt.schedule mr_sch\n\tON mrtrig.schedule_sk = mr_sch.schedule_sk\n\nLEFT OUTER JOIN mgmt.schedule_run mr_schr\n\tON mrtrig.schedule_sk = mr_schr.schedule_sk\n\t\tAND mr_schr.schedule_run_status_cd <> 'COMPLETE'\n\nLEFT OUTER JOIN mgmt.schedule gr_sch\non 1=1\n\tAND gr_sch.schedule_nm = 'EDW_Daily_GR'\n\nLEFT OUTER JOIN mgmt.schedule_run gr_schr\n\tON gr_sch.schedule_sk = gr_schr.schedule_sk\n\t\tAND gr_schr.schedule_run_status_cd <> 'COMPLETE'\n\nLEFT OUTER JOIN mgmt.schedule edp_sch\non 1=1\n\tAND edp_sch.schedule_nm = 'EDW_OnDemand_EDP'\n\nLEFT OUTER JOIN mgmt.schedule_run edp_schr\n\tON edp_sch.schedule_sk = edp_schr.schedule_sk\n\t\tAND edp_schr.schedule_run_status_cd <> 'COMPLETE'\n\nJOIN mgmt.entity en\n\tON mrtrig.entity_sk = en.entity_sk\n\nJOIN mgmt.entity_details_file en_f\n\tON en.entity_sk = en_f.entity_sk",
						"queryTimeout": "02:00:00",
						"partitionOption": "None"
					},
					"dataset": {
						"referenceName": "ds_asqldb_edw_table",
						"type": "DatasetReference",
						"parameters": {
							"dsPar_SchemaName": "mgmt",
							"dsPar_TableName": "mr_trigger_params "
						}
					}
				}
			},
			{
				"name": "If - MR and GR and EDP are not running",
				"type": "IfCondition",
				"dependsOn": [
					{
						"activity": "lkp - get mr trigger and schedule run details",
						"dependencyConditions": [
							"Succeeded"
						]
					}
				],
				"userProperties": [],
				"typeProperties": {
					"expression": {
						"value": "@and(and(empty(activity('lkp - get mr trigger and schedule run details').output.firstRow.mr_schedule_run_status_cd),\nempty(activity('lkp - get mr trigger and schedule run details').output.firstRow.gr_schedule_run_status_cd)),\nempty(activity('lkp - get mr trigger and schedule run details').output.firstRow.edp_schedule_run_status_cd)\n)",
						"type": "Expression"
					},
					"ifTrueActivities": [
						{
							"name": "exec - mr and gr prep",
							"type": "ExecutePipeline",
							"dependsOn": [],
							"policy": {
								"secureInput": false
							},
							"userProperties": [],
							"typeProperties": {
								"pipeline": {
									"referenceName": "pln_sch_ongoing_mr_gr_02_prep",
									"type": "PipelineReference"
								},
								"waitOnCompletion": true
							}
						}
					]
				}
			}
		],
		"folder": {
			"name": "11 - Orchestration/schedule/02 - ongoing"
		},
		"annotations": [],
		"lastPublishTime": "2022-09-06T14:47:28Z"
	},
	"type": "Microsoft.DataFactory/factories/pipelines"
}