{
	"name": "pln_load_mr_entity_03_attributes",
	"properties": {
		"activities": [
			{
				"name": "Copy MR Entity Attribute data to mgmt",
				"type": "Copy",
				"dependsOn": [],
				"policy": {
					"timeout": "7.00:00:00",
					"retry": 0,
					"retryIntervalInSeconds": 30,
					"secureOutput": false,
					"secureInput": false
				},
				"userProperties": [],
				"typeProperties": {
					"source": {
						"type": "AzureSqlSource",
						"sqlReaderQuery": "WITH src as (\nselect ed.[detail_business_hk]\n\t,ed.[detail_checksum_hk]\n\t,en.[entity_sk]\n\t,src_sys.source_system_sk\n\t,[col_nm] as [attribute_nm]\n\t,[col_nm] as [attribute_desc]\n\t,[data_type] as [attribute_datatype_txt]\n\t,[col_id] as [attribute_ordinal_nbr]\n\t,ed.is_pk as [attribute_is_key_flg]\n\t,ed.max_length as  attribute_max_length_nbr\n    ,ed.precision as  attribute_precision_nbr\n\t,ed.scale as attribute_scale_nbr\n\t,ed.is_nullable as attribute_is_nullable_flg\n\t,ed.is_identity as  attribute_is_identity_flg\n\t,ed.pk_ordinal_nbr   as [attribute_key_ordinal_nbr]\n\t, convert(varchar, getdate(), 23) as [record_effective_begin_dt]\n\t,'2599-12-31' as [record_effective_end_dt]\n\t,convert(bit,1) as [current_record_flg]\n\nfrom land_mr.entity_details ed\n\njoin mgmt.source_system src_sys\non ed.[src_sys_abbrv_cd] = src_sys.source_system_abbrv_cd\n\njoin mgmt.entity en\non ed.[tbl_nm] = en.[entity_nm]\nand src_sys.[source_system_sk] = en.[source_system_sk]\n)\nselect src.[detail_business_hk] as [entity_attribute_hk]\n\t,src.[detail_checksum_hk] as [entity_attribute_checksum_hk]\n\t,src.source_system_sk\n\t,src.[entity_sk]\n\t,src.[attribute_nm]\n\t,src.[attribute_desc]\n\t,src.[attribute_ordinal_nbr]\n\t,src.[attribute_datatype_txt]\n\t,src.[attribute_max_length_nbr]\n\t,src.[attribute_precision_nbr]\n\t,src.[attribute_scale_nbr]\n    ,src.[attribute_is_nullable_flg]\n    ,src.[attribute_is_key_flg]\n    ,src.[attribute_key_ordinal_nbr]\n    ,convert(bit,0) as [attribute_is_nk_flg]\n\t,convert(bit,0) as [attribute_nk_ordinal_nbr]\n\t,src.[attribute_is_identity_flg]\n\t,(case when src.[attribute_nm] = 'src_file_line_nbr' then convert(bit,1) else convert(bit,0) end) as [attribute_is_metadata_flg]\n\t,src.[record_effective_begin_dt]\n\t,src.[record_effective_end_dt]\n\t,src.[current_record_flg]\nFROM src\nleft outer JOIN mgmt.entity_attribute ea\non src.source_system_sk = ea.source_system_sk\nand src.[entity_sk] = ea.[entity_sk]\nand src.[attribute_nm] = ea.[attribute_nm]\nwhere ea.[entity_attribute_hk] is null or (src.detail_checksum_hk <> ea.[entity_attribute_checksum_hk])",
						"queryTimeout": "02:00:00",
						"partitionOption": "None"
					},
					"sink": {
						"type": "AzureSqlSink",
						"preCopyScript": "update en_attr\n   SET en_attr.[attribute_desc] = src.attribute_desc\n      ,en_attr.[attribute_ordinal_nbr] = src.attribute_ordinal_nbr\n\t  ,en_attr.[attribute_datatype_txt] = src.attribute_datatype_txt\n\t  ,en_attr.[attribute_max_length_nbr] =src.[attribute_max_length_nbr]\n\t  ,en_attr.[attribute_precision_nbr] = src.[attribute_precision_nbr]\n\t  ,en_attr.[attribute_scale_nbr] = src.[attribute_scale_nbr]\n\t  ,en_attr.[attribute_is_nullable_flg] =src.[attribute_is_nullable_flg]\n\t  ,en_attr.[attribute_is_key_flg] = src.attribute_is_key_flg\n      ,en_attr.[attribute_key_ordinal_nbr] = src.attribute_key_ordinal_nbr\n      --,en_attr.[attribute_is_nk_flg] = src.[attribute_is_nk_flg]\n\t  --,en_attr.[attribute_nk_ordinal_nbr] = src.[attribute_nk_ordinal_nbr]\n\t  ,en_attr.[attribute_is_identity_flg] = src.[attribute_is_identity_flg]\n\t  --,en_attr.[attribute_is_metadata_flg] = src.[attribute_is_metadata_flg]\n\t  ,en_attr.[record_effective_begin_dt] = src.[record_effective_begin_dt]\n      ,en_attr.[record_effective_end_dt] = src.[record_effective_end_dt]\n      ,en_attr.[current_record_flg] = '0'\n      ,[update_ts] = CURRENT_TIMESTAMP\n      ,[update_user_id] = SYSTEM_USER\nFROM mgmt.entity_attribute en_attr\nJoin (\nselect \ted.[detail_business_hk]\n\t,ed.[detail_checksum_hk]\n\t,en.[entity_sk]\n\t,src_sys.source_system_sk\n\t,[col_nm] as [attribute_nm]\n\t,[col_nm] as [attribute_desc]\n\t,[data_type] as [attribute_datatype_txt]\n\t,[col_id] as [attribute_ordinal_nbr]\n\t,ed.[is_pk] as [attribute_is_key_flg]\n\t,ed.[pk_ordinal_nbr] as [attribute_key_ordinal_nbr]\n\t ,ed.max_length as [attribute_max_length_nbr]\n\t  ,ed.precision as [attribute_precision_nbr]\n\t  ,ed.scale as [attribute_scale_nbr]\n\t  ,ed.is_nullable as [attribute_is_nullable_flg]\n\t  ,ed.is_identity as [attribute_is_identity_flg]\n\t,convert(varchar, getdate(), 23) as [record_effective_begin_dt]\n\t,DATEADD(d,-1,convert(varchar, getdate(), 23)) as [record_effective_end_dt]\n\t,0 as [current_version_ind]\n\t--,CURRENT_TIMESTAMP as [insert_ts]\n\t--,SYSTEM_USER as [insert_user_id]\n\t--,[update_ts]\n\t--,[update_user_id]\nfrom land_mr.entity_details ed\n\njoin mgmt.source_system src_sys\non ed.[src_sys_abbrv_cd] = src_sys.source_system_abbrv_cd\n\njoin mgmt.entity en\non ed.[tbl_nm] = en.[entity_nm]\nand src_sys.source_system_sk = en.source_system_sk\n\n) src\non src.source_system_sk = en_attr.source_system_sk\nand src.[entity_sk] = en_attr.[entity_sk]\nand src.[attribute_nm] = en_attr.[attribute_nm]\nwhere src.detail_checksum_hk <> en_attr.[entity_attribute_checksum_hk]",
						"disableMetricsCollection": false
					},
					"enableStaging": false,
					"translator": {
						"type": "TabularTranslator",
						"mappings": [
							{
								"source": {
									"name": "entity_attribute_hk",
									"type": "String"
								},
								"sink": {
									"name": "entity_attribute_hk",
									"type": "String"
								}
							},
							{
								"source": {
									"name": "entity_attribute_checksum_hk",
									"type": "String"
								},
								"sink": {
									"name": "entity_attribute_checksum_hk",
									"type": "String"
								}
							},
							{
								"source": {
									"name": "source_system_sk",
									"type": "Int64"
								},
								"sink": {
									"name": "source_system_sk",
									"type": "Int64"
								}
							},
							{
								"source": {
									"name": "entity_sk",
									"type": "Int64"
								},
								"sink": {
									"name": "entity_sk",
									"type": "Int64"
								}
							},
							{
								"source": {
									"name": "attribute_nm",
									"type": "String"
								},
								"sink": {
									"name": "attribute_nm",
									"type": "String"
								}
							},
							{
								"source": {
									"name": "attribute_desc",
									"type": "String"
								},
								"sink": {
									"name": "attribute_desc",
									"type": "String"
								}
							},
							{
								"source": {
									"name": "attribute_ordinal_nbr",
									"type": "Int32"
								},
								"sink": {
									"name": "attribute_ordinal_nbr",
									"type": "Int32"
								}
							},
							{
								"source": {
									"name": "attribute_datatype_txt",
									"type": "String"
								},
								"sink": {
									"name": "attribute_datatype_txt",
									"type": "String"
								}
							},
							{
								"source": {
									"name": "attribute_max_length_nbr",
									"type": "Int16"
								},
								"sink": {
									"name": "attribute_max_length_nbr",
									"type": "Int32"
								}
							},
							{
								"source": {
									"name": "attribute_precision_nbr",
									"type": "Byte"
								},
								"sink": {
									"name": "attribute_precision_nbr",
									"type": "Int32"
								}
							},
							{
								"source": {
									"name": "attribute_scale_nbr",
									"type": "Byte"
								},
								"sink": {
									"name": "attribute_scale_nbr",
									"type": "Int32"
								}
							},
							{
								"source": {
									"name": "attribute_is_nullable_flg",
									"type": "Boolean"
								},
								"sink": {
									"name": "attribute_is_nullable_flg",
									"type": "Boolean"
								}
							},
							{
								"source": {
									"name": "attribute_is_key_flg",
									"type": "Boolean"
								},
								"sink": {
									"name": "attribute_is_key_flg",
									"type": "Boolean"
								}
							},
							{
								"source": {
									"name": "attribute_key_ordinal_nbr",
									"type": "Int32"
								},
								"sink": {
									"name": "attribute_key_ordinal_nbr",
									"type": "Int32"
								}
							},
							{
								"source": {
									"name": "attribute_is_nk_flg",
									"type": "Boolean"
								},
								"sink": {
									"name": "attribute_is_nk_flg",
									"type": "Boolean"
								}
							},
							{
								"source": {
									"name": "attribute_nk_ordinal_nbr",
									"type": "Boolean"
								},
								"sink": {
									"name": "attribute_nk_ordinal_nbr",
									"type": "Int32"
								}
							},
							{
								"source": {
									"name": "attribute_is_identity_flg",
									"type": "Boolean"
								},
								"sink": {
									"name": "attribute_is_identity_flg",
									"type": "Boolean"
								}
							},
							{
								"source": {
									"name": "attribute_is_metadata_flg",
									"type": "Boolean"
								},
								"sink": {
									"name": "attribute_is_metadata_flg",
									"type": "Boolean"
								}
							},
							{
								"source": {
									"name": "record_effective_begin_dt",
									"type": "String"
								},
								"sink": {
									"name": "record_effective_begin_dt",
									"type": "DateTime"
								}
							},
							{
								"source": {
									"name": "record_effective_end_dt",
									"type": "String"
								},
								"sink": {
									"name": "record_effective_end_dt",
									"type": "DateTime"
								}
							},
							{
								"source": {
									"name": "current_record_flg",
									"type": "Boolean"
								},
								"sink": {
									"name": "current_record_flg",
									"type": "Boolean"
								}
							}
						]
					}
				},
				"inputs": [
					{
						"referenceName": "ds_asqldb_edw_table",
						"type": "DatasetReference",
						"parameters": {
							"dsPar_SchemaName": "land_mr",
							"dsPar_TableName": "entity_details"
						}
					}
				],
				"outputs": [
					{
						"referenceName": "ds_asqldb_edw_table",
						"type": "DatasetReference",
						"parameters": {
							"dsPar_SchemaName": "mgmt",
							"dsPar_TableName": "entity_attribute"
						}
					}
				]
			}
		],
		"variables": {
			"plnVar_entDetsTruncSql": {
				"type": "String",
				"defaultValue": "truncate table land_mr.entity_details"
			}
		},
		"folder": {
			"name": "90 - Helper/Entity"
		},
		"annotations": [],
		"lastPublishTime": "2022-09-06T14:47:15Z"
	},
	"type": "Microsoft.DataFactory/factories/pipelines"
}