{
	"name": "pln_load_bal_chk_random_sample",
	"properties": {
		"activities": [
			{
				"name": "Copy balance check",
				"type": "Copy",
				"dependsOn": [
					{
						"activity": "Set variable temp table",
						"dependencyConditions": [
							"Succeeded"
						]
					}
				],
				"policy": {
					"timeout": "0.12:00:00",
					"retry": 0,
					"retryIntervalInSeconds": 30,
					"secureOutput": false,
					"secureInput": false
				},
				"userProperties": [],
				"typeProperties": {
					"source": {
						"type": "DelimitedTextSource",
						"storeSettings": {
							"type": "AzureBlobFSReadSettings",
							"recursive": true,
							"enablePartitionDiscovery": false
						},
						"formatSettings": {
							"type": "DelimitedTextReadSettings"
						}
					},
					"sink": {
						"type": "SqlMISink",
						"writeBehavior": "insert",
						"sqlWriterUseTableLock": false,
						"tableOption": "autoCreate"
					},
					"enableStaging": false,
					"translator": {
						"type": "TabularTranslator",
						"typeConversion": true,
						"typeConversionSettings": {
							"allowDataTruncation": true,
							"treatBooleanAsNumber": false
						}
					}
				},
				"inputs": [
					{
						"referenceName": "ds_adls_raw_file",
						"type": "DatasetReference",
						"parameters": {
							"dsPar_Container": {
								"value": "@pipeline().parameters.plnPar_SrcContainer",
								"type": "Expression"
							},
							"dsPar_Folder": {
								"value": "@pipeline().parameters.plnPar_SrcFolder",
								"type": "Expression"
							},
							"dsPar_File": {
								"value": "@pipeline().parameters.plnPar_SrcFile",
								"type": "Expression"
							},
							"dsPar_Delim": ","
						}
					}
				],
				"outputs": [
					{
						"referenceName": "ds_asqlmi_table_dynmc",
						"type": "DatasetReference",
						"parameters": {
							"dsPar_SchemaName": "work",
							"dsPar_TableName": {
								"value": "@variables('plnVar_TempTableName')",
								"type": "Expression"
							},
							"dsPar_ServerConnection": {
								"value": "@pipeline().parameters.plnPar_TgtConnectionStr",
								"type": "Expression"
							},
							"dsPar_DatabaseName": {
								"value": "@pipeline().parameters.plnPar_TgtDBName",
								"type": "Expression"
							}
						}
					}
				]
			},
			{
				"name": "Set variable temp table",
				"type": "SetVariable",
				"dependsOn": [],
				"policy": {
					"secureOutput": false,
					"secureInput": false
				},
				"userProperties": [],
				"typeProperties": {
					"variableName": "plnVar_TempTableName",
					"value": {
						"value": "@concat(\n    'work_random_sample_',pipeline().RunId\n)",
						"type": "Expression"
					}
				}
			},
			{
				"name": "Script from temp to target",
				"type": "Script",
				"dependsOn": [
					{
						"activity": "Copy balance check",
						"dependencyConditions": [
							"Succeeded"
						]
					}
				],
				"policy": {
					"timeout": "0.12:00:00",
					"retry": 0,
					"retryIntervalInSeconds": 30,
					"secureOutput": false,
					"secureInput": false
				},
				"userProperties": [],
				"linkedServiceName": {
					"referenceName": "lnks_asqlmi_db",
					"type": "LinkedServiceReference",
					"parameters": {
						"lnksPar_SqlMI_Server": {
							"value": "@pipeline().parameters.plnPar_TgtConnectionStr",
							"type": "Expression"
						},
						"lnksPar_Database": {
							"value": "@pipeline().parameters.plnPar_TgtDBName",
							"type": "Expression"
						}
					}
				},
				"typeProperties": {
					"scripts": [
						{
							"type": "Query",
							"text": {
								"value": "@concat(\n'DECLARE \n    @src_sample_name VARCHAR(100), \n    @src_query_txt   VARCHAR(2000),\n    @tgt_sample_name VARCHAR(100), \n    @tgt_query_txt   VARCHAR(2000);\n\nDECLARE cur_random_samples CURSOR\nFOR SELECT \n        balance_check_random_sample_nm, \n        random_sample_query_txt\n    FROM \n        [work].[',variables('plnVar_TempTableName'),']; ',\n'OPEN cur_random_samples;\n\nFETCH NEXT FROM cur_random_samples INTO \n    @src_sample_name, \n    @src_query_txt;\n\nWHILE @@FETCH_STATUS = 0\n    BEGIN \t\t\n\t\tSELECT @tgt_sample_name=balance_check_random_sample_nm, @tgt_query_txt=random_sample_query_txt \n\t\tFROM [mgmt].[balance_check_random_sample]\n\t\tWHERE balance_check_random_sample_nm = @src_sample_name\n\t\tAND balance_check_random_sample_run_YN_ind = ''Y'';\n\n\t\tIF @tgt_sample_name IS NULL\n\t\t\tINSERT INTO [mgmt].[balance_check_random_sample] (balance_check_random_sample_nm, random_sample_query_txt, balance_check_random_sample_run_YN_ind)\n\t\t\tVALUES (@src_sample_name, @src_query_txt, ''Y'')\n\t\tELSE \n\t\t\tBEGIN\n\t\t\t\tIF (@tgt_sample_name = @src_sample_name) and (@src_query_txt != @tgt_query_txt) \n\t\t\t\t\tBEGIN\n\t\t\t\t\tUPDATE [mgmt].[balance_check_random_sample]\n\t\t\t\t\t\tSET random_sample_query_txt = @src_query_txt, balance_check_random_sample_run_YN_ind = ''N'', effective_end_date = getdate()\n\t\t\t\t\t\tWHERE balance_check_random_sample_nm = @src_sample_name\n\t\t\t\t\t\tAND effective_end_date = (SELECT MAX(effective_end_date) \n\t\t\t\t\t\t\t\t\tFROM [mgmt].[balance_check_random_sample] \n\t\t\t\t\t\t\t\t\tWHERE balance_check_random_sample_nm = @src_sample_name)\n\n\t\t\t\t\tINSERT INTO [mgmt].[balance_check_random_sample] (balance_check_random_sample_nm, random_sample_query_txt, balance_check_random_sample_run_YN_ind, effective_start_date)\n\t\t\t\t\tVALUES (@src_sample_name, @src_query_txt, ''Y'', getdate())\n\t\t\t\t\tEND;\n\t\t\tEND;\n\n\t\t    SET @tgt_sample_name = null\n\t\t\tSET @tgt_query_txt = null\n\n\t\tFETCH NEXT FROM cur_random_samples INTO \n\t\t\t@src_sample_name, \n\t\t\t@src_query_txt;\n    END;\n\nCLOSE cur_random_samples;\n\nDEALLOCATE cur_random_samples;\n'\n)",
								"type": "Expression"
							}
						}
					],
					"scriptBlockExecutionTimeout": "02:00:00"
				}
			},
			{
				"name": "ScriptDropTempTables",
				"type": "Script",
				"dependsOn": [
					{
						"activity": "Script from temp to target",
						"dependencyConditions": [
							"Succeeded"
						]
					}
				],
				"policy": {
					"timeout": "0.12:00:00",
					"retry": 0,
					"retryIntervalInSeconds": 30,
					"secureOutput": false,
					"secureInput": false
				},
				"userProperties": [],
				"linkedServiceName": {
					"referenceName": "lnks_asqlmi_db",
					"type": "LinkedServiceReference",
					"parameters": {
						"lnksPar_SqlMI_Server": {
							"value": "@pipeline().parameters.plnPar_TgtConnectionStr",
							"type": "Expression"
						},
						"lnksPar_Database": {
							"value": "@pipeline().parameters.plnPar_TgtDBName",
							"type": "Expression"
						}
					}
				},
				"typeProperties": {
					"scripts": [
						{
							"type": "Query",
							"text": {
								"value": "@concat(\n'DROP TABLE work.[', variables('plnVar_TempTableName'),\n'];'\n)",
								"type": "Expression"
							}
						}
					],
					"scriptBlockExecutionTimeout": "02:00:00"
				}
			}
		],
		"parameters": {
			"plnPar_SrcContainer": {
				"type": "string",
				"defaultValue": "balance-check"
			},
			"plnPar_SrcFolder": {
				"type": "string",
				"defaultValue": "BalanceCheckingFramework"
			},
			"plnPar_SrcFile": {
				"type": "string",
				"defaultValue": "balance_check_random_sample.csv"
			},
			"plnPar_TgtSchema": {
				"type": "string",
				"defaultValue": "mgmt"
			},
			"plnPar_TgtTable": {
				"type": "string",
				"defaultValue": "balance_check_random_sample"
			},
			"plnPar_TgtConnectionStr": {
				"type": "string",
				"defaultValue": "nw-edw-d-usw-mi.public.3dbc2ecfe1bf.database.windows.net,3342"
			},
			"plnPar_TgtDBName": {
				"type": "string",
				"defaultValue": "aw-validation-d-usw-sqldb"
			}
		},
		"variables": {
			"plnVar_TempTableName": {
				"type": "String"
			}
		},
		"folder": {
			"name": "Validation"
		},
		"annotations": [],
		"lastPublishTime": "2024-12-18T16:52:26Z"
	},
	"type": "Microsoft.DataFactory/factories/pipelines"
}