{
	"name": "pln_load_table_partitions_mr_initial",
	"properties": {
		"activities": [
			{
				"name": "lkp - get schedule task run details",
				"type": "Lookup",
				"dependsOn": [],
				"policy": {
					"timeout": "7.00:00:00",
					"retry": 0,
					"retryIntervalInSeconds": 30,
					"secureOutput": false,
					"secureInput": false
				},
				"userProperties": [],
				"typeProperties": {
					"source": {
						"type": "AzureSqlSource",
						"sqlReaderStoredProcedureName": "[mgmt].[usp_get_schedule_task_run_details]",
						"storedProcedureParameters": {
							"in_ScheduleTaskRunSk": {
								"type": "Int64",
								"value": {
									"value": "@pipeline().parameters.plnPar_ScheduleTaskRunSk",
									"type": "Expression"
								}
							}
						},
						"queryTimeout": "02:00:00",
						"partitionOption": "None"
					},
					"dataset": {
						"referenceName": "ds_asqldb_edw_table",
						"type": "DatasetReference",
						"parameters": {
							"dsPar_SchemaName": "dbo",
							"dsPar_TableName": "schedule_task_run"
						}
					},
					"firstRowOnly": true
				}
			},
			{
				"name": "exec - proc - update row counts",
				"type": "SqlServerStoredProcedure",
				"dependsOn": [
					{
						"activity": "lkp - num records inserted",
						"dependencyConditions": [
							"Succeeded"
						]
					}
				],
				"policy": {
					"timeout": "7.00:00:00",
					"retry": 0,
					"retryIntervalInSeconds": 30,
					"secureOutput": false,
					"secureInput": false
				},
				"userProperties": [],
				"typeProperties": {
					"storedProcedureName": "[mgmt].[usp_update_row_counts]",
					"storedProcedureParameters": {
						"in_ScheduleTaskRunSk": {
							"value": {
								"value": "@pipeline().parameters.plnPar_ScheduleTaskRunSk",
								"type": "Expression"
							},
							"type": "Int64"
						},
						"in_SourceRowCount": {
							"value": {
								"value": "@activity('lkp - get child job partition parameters').output.count",
								"type": "Expression"
							},
							"type": "Int64"
						},
						"in_TargetRowCount": {
							"value": {
								"value": "@activity('lkp - num records inserted').output.firstRow.tgt_row_count",
								"type": "Expression"
							},
							"type": "Int64"
						},
						"in_TaskApplicationRunIdTxt": {
							"value": {
								"value": "@pipeline().RunId",
								"type": "Expression"
							},
							"type": "String"
						}
					}
				},
				"linkedServiceName": {
					"referenceName": "lnks_edw_asqldb_nwedw",
					"type": "LinkedServiceReference"
				}
			},
			{
				"name": "lkp - get child job partition parameters",
				"type": "Lookup",
				"dependsOn": [
					{
						"activity": "lkp - get schedule task run details",
						"dependencyConditions": [
							"Succeeded"
						]
					}
				],
				"policy": {
					"timeout": "7.00:00:00",
					"retry": 0,
					"retryIntervalInSeconds": 30,
					"secureOutput": false,
					"secureInput": false
				},
				"userProperties": [],
				"typeProperties": {
					"source": {
						"type": "AzureSqlSource",
						"sqlReaderQuery": {
							"value": "@concat('select schtr_p.schedule_task_run_sk as parent_schedule_task_run_sk\n\t,schtr_c.schedule_task_run_sk as child_schedule_task_run_sk\n\t,src_sys_dets.source_system_akv_connection_txt\n\t,schtr_c.src_system_abbrv_cd as database_nm\n\t,db_dets.table_prefix_txt as schema_nm\n\t,schtr_c.src_entity_nm as table_nm\n\t,params.col_nm as partition_col_nm\n\t,params.src_Filter_txt\n\t,params.chunksize\nfrom mgmt.schedule_task_run schtr_p\n\njoin mgmt.task task_c\non schtr_p.task_sk = task_c.parent_task_sk\n\njoin mgmt.schedule_task_run schtr_c\non schtr_p.schedule_sk = schtr_c.schedule_sk\nand task_c.task_sk = schtr_c.task_sk\nand schtr_c.schedule_task_run_status_cd <> ''COMPLETE''\n\njoin  mgmt.entity_details_db_table db_dets\non schtr_c.src_entity_sk = db_dets.entity_sk\n\njoin mgmt.source_system_details_db src_sys_dets\non schtr_c.src_system_sk = src_sys_dets.source_system_sk\n\njoin mgmt.mr_src_partition_params params\non schtr_c.src_system_abbrv_cd = params.database_nm\nand db_dets.table_prefix_txt = params.schema_nm\nand schtr_c.src_entity_nm = params.table_nm\n\nwhere schtr_p.schedule_task_run_sk = ',pipeline().parameters.plnPar_ScheduleTaskRunSk)",
							"type": "Expression"
						},
						"queryTimeout": "02:00:00",
						"partitionOption": "None"
					},
					"dataset": {
						"referenceName": "ds_asqldb_edw_table",
						"type": "DatasetReference",
						"parameters": {
							"dsPar_SchemaName": "mgmt",
							"dsPar_TableName": "mr_src_partition_params"
						}
					},
					"firstRowOnly": false
				}
			},
			{
				"name": "foreach - child table - load table partitions",
				"type": "ForEach",
				"dependsOn": [
					{
						"activity": "lkp - get child job partition parameters",
						"dependencyConditions": [
							"Succeeded"
						]
					},
					{
						"activity": "set var - schedule run dt",
						"dependencyConditions": [
							"Succeeded"
						]
					}
				],
				"userProperties": [],
				"typeProperties": {
					"items": {
						"value": "@activity('lkp - get child job partition parameters').output.value",
						"type": "Expression"
					},
					"batchCount": 50,
					"activities": [
						{
							"name": "copy - table partitions to metadata table",
							"type": "Copy",
							"dependsOn": [],
							"policy": {
								"timeout": "7.00:00:00",
								"retry": 0,
								"retryIntervalInSeconds": 30,
								"secureOutput": false,
								"secureInput": false
							},
							"userProperties": [],
							"typeProperties": {
								"source": {
									"type": "SqlServerSource",
									"sqlReaderQuery": {
										"value": "@concat('DECLARE @startnum BIGINT=1\nDECLARE @Chunksize INT = ',item().chunksize,'\nDECLARE @endnum BIGINT=(SELECT count(distinct ', item().partition_col_nm ,') FROM ',item().database_nm,'.',item().schema_nm,'.',item().table_nm,')\nDECLARE @numPadIdxTxtchars int = len(convert(varchar(19),@endnum))\n;\nWITH gen AS (\n    SELECT @startnum AS num, (case when (@startnum+@Chunksize-1) > @endnum then @endnum else @startnum+@Chunksize-1 end) as end_num\n    UNION ALL\n    SELECT num+@Chunksize,  (case when (num+@Chunksize+@Chunksize-1) > @endnum then @endnum else num+@Chunksize+@Chunksize-1 end) FROM gen WHERE num+@Chunksize<=@endnum\n)\nSELECT ',item().parent_schedule_task_run_sk,' as [parent_schedule_task_run_sk]\n      ,',item().child_schedule_task_run_sk,' as [schedule_task_run_sk]\n\t  ,''',item().table_nm,''' as entity_nm\n      ,''',item().partition_col_nm,''' as partition_col_nm\n      ,partition_value_txt\n      ,rn as [idx_nbr]\n      ,RIGHT(REPLICATE(''0'', @numPadIdxTxtchars) + LEFT(convert(varchar(19), rn), @numPadIdxTxtchars), @numPadIdxTxtchars) as [idx_txt]\nFROM gen\nJOIN (\n\tSELECT *\n\t\t,row_number() OVER (\n\t\t\tPARTITION BY getdate() ORDER BY partition_value_txt\n\t\t\t) rn\n\tFROM (\n\t\tSELECT DISTINCT ',item().partition_col_nm,' AS partition_value_txt -- var,\n\t\tFROM ',item().database_nm,'.',item().schema_nm,'.',item().table_nm,'\n\t\tWHERE ',item().src_Filter_txt,'\n\t\t) x\n) t\non gen.num = t.rn\norder by t.rn\noption (maxrecursion 10000)')",
										"type": "Expression"
									},
									"queryTimeout": "02:00:00",
									"partitionOption": "None"
								},
								"sink": {
									"type": "AzureSqlSink",
									"preCopyScript": {
										"value": "@{concat('delete from mgmt.mr_src_table_partitions \nwhere parent_schedule_task_run_sk = ',item().parent_schedule_task_run_sk\n,' and schedule_task_run_sk = ',item().child_schedule_task_run_sk\n,' and entity_nm = ''',item().table_nm, '''')}",
										"type": "Expression"
									},
									"disableMetricsCollection": false
								},
								"enableStaging": false,
								"dataIntegrationUnits": 32,
								"translator": {
									"type": "TabularTranslator",
									"typeConversion": true,
									"typeConversionSettings": {
										"allowDataTruncation": true,
										"treatBooleanAsNumber": false
									}
								}
							},
							"inputs": [
								{
									"referenceName": "ds_sqldb_mr_table",
									"type": "DatasetReference",
									"parameters": {
										"dsPar_dbSchemaName": {
											"value": "@item().schema_nm",
											"type": "Expression"
										},
										"dsPar_dbTableName": {
											"value": "@item().table_nm",
											"type": "Expression"
										},
										"dsPar_dbAKVConnectionName": {
											"value": "@item().source_system_akv_connection_txt",
											"type": "Expression"
										}
									}
								}
							],
							"outputs": [
								{
									"referenceName": "ds_asqldb_edw_table",
									"type": "DatasetReference",
									"parameters": {
										"dsPar_SchemaName": "mgmt",
										"dsPar_TableName": "mr_src_table_partitions"
									}
								}
							]
						}
					]
				}
			},
			{
				"name": "lkp - num records inserted",
				"type": "Lookup",
				"dependsOn": [
					{
						"activity": "foreach - child table - load table partitions",
						"dependencyConditions": [
							"Succeeded"
						]
					}
				],
				"policy": {
					"timeout": "7.00:00:00",
					"retry": 0,
					"retryIntervalInSeconds": 30,
					"secureOutput": false,
					"secureInput": false
				},
				"userProperties": [],
				"typeProperties": {
					"source": {
						"type": "AzureSqlSource",
						"sqlReaderQuery": {
							"value": "@concat('select count(*) as tgt_row_count\nfrom mgmt.mr_src_table_partitions part\n\njoin mgmt.schedule_task_run schtr\non part.schedule_task_run_sk = schtr.schedule_task_run_sk\nand part.parent_schedule_task_run_sk = ',pipeline().parameters.plnPar_ScheduleTaskRunSk)",
							"type": "Expression"
						},
						"queryTimeout": "02:00:00",
						"partitionOption": "None"
					},
					"dataset": {
						"referenceName": "ds_asqldb_edw_table",
						"type": "DatasetReference",
						"parameters": {
							"dsPar_SchemaName": "mgmt",
							"dsPar_TableName": "mr_src_table_partitions"
						}
					}
				}
			},
			{
				"name": "lkp - child tasks to run ordered by priority",
				"type": "Lookup",
				"dependsOn": [
					{
						"activity": "exec - proc - update row counts",
						"dependencyConditions": [
							"Succeeded"
						]
					}
				],
				"policy": {
					"timeout": "7.00:00:00",
					"retry": 0,
					"retryIntervalInSeconds": 30,
					"secureOutput": false,
					"secureInput": false
				},
				"userProperties": [],
				"typeProperties": {
					"source": {
						"type": "AzureSqlSource",
						"sqlReaderStoredProcedureName": "[mgmt].[usp_get_child_tasks_to_run]",
						"storedProcedureParameters": {
							"in_ScheduleTaskRunSk": {
								"type": "Int64",
								"value": {
									"value": "@pipeline().parameters.plnPar_ScheduleTaskRunSk",
									"type": "Expression"
								}
							}
						},
						"queryTimeout": "02:00:00",
						"partitionOption": "None"
					},
					"dataset": {
						"referenceName": "ds_asqldb_edw_table",
						"type": "DatasetReference",
						"parameters": {
							"dsPar_SchemaName": "mgmt",
							"dsPar_TableName": "batch"
						}
					}
				}
			},
			{
				"name": "Set var - remaining task priorities",
				"type": "SetVariable",
				"dependsOn": [
					{
						"activity": "lkp - child tasks to run ordered by priority",
						"dependencyConditions": [
							"Succeeded"
						]
					}
				],
				"policy": {
					"secureOutput": false,
					"secureInput": false
				},
				"userProperties": [],
				"typeProperties": {
					"variableName": "plnVar_RemainingTaskPriorities",
					"value": {
						"value": "@if(contains(activity('lkp - child tasks to run ordered by priority').output,'firstRow'),split(activity('lkp - child tasks to run ordered by priority').output.firstRow.ActiveTasksTxt,';'),NULL)",
						"type": "Expression"
					}
				}
			},
			{
				"name": "ForEach Task Priority",
				"type": "ForEach",
				"dependsOn": [
					{
						"activity": "Set var - remaining task priorities",
						"dependencyConditions": [
							"Succeeded"
						]
					}
				],
				"userProperties": [],
				"typeProperties": {
					"items": {
						"value": "@variables('plnVar_RemainingTaskPriorities')",
						"type": "Expression"
					},
					"isSequential": true,
					"activities": [
						{
							"name": "set var - current priority task names",
							"type": "SetVariable",
							"dependsOn": [],
							"policy": {
								"secureOutput": false,
								"secureInput": false
							},
							"userProperties": [],
							"typeProperties": {
								"variableName": "PlnVar_CurrentPriorityTaskNames",
								"value": {
									"value": "@split(item(),'{')[1]",
									"type": "Expression"
								}
							}
						},
						{
							"name": "exec - run task priority",
							"type": "ExecutePipeline",
							"dependsOn": [
								{
									"activity": "set var - current priority task names",
									"dependencyConditions": [
										"Succeeded"
									]
								}
							],
							"policy": {
								"secureInput": false
							},
							"userProperties": [],
							"typeProperties": {
								"pipeline": {
									"referenceName": "pln_run_child_task_priority",
									"type": "PipelineReference"
								},
								"waitOnCompletion": true,
								"parameters": {
									"plnPar_ScheduleName": {
										"value": "@pipeline().parameters.plnPar_ScheduleName",
										"type": "Expression"
									},
									"plnPar_Tasks": {
										"value": "@variables('PlnVar_CurrentPriorityTaskNames')",
										"type": "Expression"
									},
									"plnPar_ScheduleRunDate": {
										"value": "@variables('plnVar_ScheduleRunDate')",
										"type": "Expression"
									},
									"plnPar_PhaseName": {
										"value": "@pipeline().parameters.plnPar_PhaseName",
										"type": "Expression"
									},
									"plnPar_BatchName": {
										"value": "@pipeline().parameters.plnPar_BatchName",
										"type": "Expression"
									}
								}
							}
						}
					]
				}
			},
			{
				"name": "set var - schedule run dt",
				"type": "SetVariable",
				"dependsOn": [
					{
						"activity": "lkp - get schedule task run details",
						"dependencyConditions": [
							"Succeeded"
						]
					}
				],
				"policy": {
					"secureOutput": false,
					"secureInput": false
				},
				"userProperties": [],
				"typeProperties": {
					"variableName": "plnVar_ScheduleRunDate",
					"value": {
						"value": "@coalesce(activity('lkp - get schedule task run details').output.firstRow.schedule_task_run_dt,'1900-01-01')",
						"type": "Expression"
					}
				}
			}
		],
		"parameters": {
			"plnPar_ScheduleTaskRunSk": {
				"type": "string",
				"defaultValue": "8980"
			},
			"plnPar_ScheduleName": {
				"type": "string",
				"defaultValue": "EDW_Initial_MR"
			},
			"plnPar_BatchName": {
				"type": "string",
				"defaultValue": "MR_Staging_Initial"
			},
			"plnPar_PhaseName": {
				"type": "string",
				"defaultValue": "Land"
			},
			"plnPar_TgtRawFileEntityNm": {
				"type": "string"
			}
		},
		"variables": {
			"plnVar_RawContainerName": {
				"type": "String",
				"defaultValue": "raw-mr"
			},
			"plnVar_SrcCountQuery": {
				"type": "String"
			},
			"plnVar_ErrorMessage": {
				"type": "String"
			},
			"plnVar_RemainingTaskPriorities": {
				"type": "Array"
			},
			"PlnVar_CurrentPriorityTaskNames": {
				"type": "String"
			},
			"plnVar_ScheduleRunDate": {
				"type": "String"
			}
		},
		"folder": {
			"name": "21 - Datalake"
		},
		"annotations": [],
		"lastPublishTime": "2022-09-06T14:47:20Z"
	},
	"type": "Microsoft.DataFactory/factories/pipelines"
}