{
	"name": "pln_orch_start_task",
	"properties": {
		"description": "marks a specific task as started in the abc metadata",
		"activities": [
			{
				"name": "sp Start Task Run",
				"type": "SqlServerStoredProcedure",
				"dependsOn": [],
				"policy": {
					"timeout": "7.00:00:00",
					"retry": 0,
					"retryIntervalInSeconds": 30,
					"secureOutput": false,
					"secureInput": false
				},
				"userProperties": [],
				"typeProperties": {
					"storedProcedureName": "[mgmt].[usp_start_task_run]",
					"storedProcedureParameters": {
						"in_BatchName": {
							"value": {
								"value": "@pipeline().parameters.plnPar_BatchName",
								"type": "Expression"
							},
							"type": "String"
						},
						"in_PhaseName": {
							"value": {
								"value": "@pipeline().parameters.plnPar_PhaseName",
								"type": "Expression"
							},
							"type": "String"
						},
						"in_ScheduleName": {
							"value": {
								"value": "@pipeline().parameters.plnPar_ScheduleName",
								"type": "Expression"
							},
							"type": "String"
						},
						"in_ScheduleTaskRunSk": {
							"value": {
								"value": "@pipeline().parameters.plnPar_ScheduleTaskRunSk",
								"type": "Expression"
							},
							"type": "Int64"
						},
						"in_TaskApplicationRunIdTxt": {
							"value": {
								"value": "@pipeline().parameters.plnPar_TaskApplicationRunIdTxt",
								"type": "Expression"
							},
							"type": "String"
						}
					}
				},
				"linkedServiceName": {
					"referenceName": "lnks_edw_asqldb_nwedw",
					"type": "LinkedServiceReference"
				}
			}
		],
		"parameters": {
			"plnPar_BatchName": {
				"type": "string",
				"defaultValue": "nCino_Staging_Daily"
			},
			"plnPar_PhaseName": {
				"type": "string",
				"defaultValue": "Land"
			},
			"plnPar_ScheduleName": {
				"type": "string",
				"defaultValue": "EDW_Daily"
			},
			"plnPar_TaskApplicationRunIdTxt": {
				"type": "string",
				"defaultValue": "NA"
			},
			"plnPar_ScheduleTaskRunSk": {
				"type": "string",
				"defaultValue": "3"
			}
		},
		"folder": {
			"name": "01 - ABC/Task"
		},
		"annotations": [],
		"lastPublishTime": "2022-09-06T14:47:13Z"
	},
	"type": "Microsoft.DataFactory/factories/pipelines"
}