{
	"name": "pln_sch_ongoing_mr_gr_02_prep",
	"properties": {
		"description": "This pipeline preps the trigger files for run, by loading the trigger files into a work with a given status, based on whether they are already in the log table. It them merges the file names into the log table and updates status where necessary. After, it checks if there are any queued or unprocessed files and then runs mr and gr for each file that is not done. However, it only runs in the run window.",
		"activities": [
			{
				"name": "lkp - get mr trigger and schedule run details",
				"type": "Lookup",
				"dependsOn": [],
				"policy": {
					"timeout": "7.00:00:00",
					"retry": 0,
					"retryIntervalInSeconds": 30,
					"secureOutput": false,
					"secureInput": false
				},
				"userProperties": [],
				"typeProperties": {
					"source": {
						"type": "AzureSqlSource",
						"sqlReaderQuery": "SELECT mr_trigger_params_sk\n\t,mr_sch.schedule_nm as mr_schedule_nm\n\t,mr_sch.next_run_dt as mr_next_run_dt\n\t,convert(INT, convert(VARCHAR(10), mr_sch.next_run_dt, 112)) AS mr_run_dt_int\n\t,mr_sch.last_successful_run_dt as mr_last_successful_run_dt\n\t,convert(INT, convert(VARCHAR(10), mr_sch.last_successful_run_dt, 112)) as mr_last_successful_run_dt_int\n\t,mr_schr.schedule_run_status_cd as mr_schedule_run_status_cd\n\t,gr_sch.schedule_nm as gr_schedule_nm\n\t,gr_sch.next_run_dt as gr_next_run_dt\n\t,convert(INT, convert(VARCHAR(10), gr_sch.next_run_dt, 112)) AS gr_run_dt_int\n\t,gr_sch.last_successful_run_dt as gr_last_successful_run_dt\n\t,convert(INT, convert(VARCHAR(10), mr_sch.last_successful_run_dt, 112)) gr_last_successful_run_dt_int\n\t,gr_schr.schedule_run_status_cd as gr_schedule_run_status_cd\n\t,'inbound-fpi' AS container_nm\n\t,en_f.file_folder_name_txt AS folder_nm\n\t,en_f.file_name_pattern_txt\n\t,mrtrig.archive_after_load_flg\n\t,mrtrig.archive_rel_path_txt\nFROM mgmt.mr_trigger_params mrtrig\n\nJOIN mgmt.schedule mr_sch\n\tON mrtrig.schedule_sk = mr_sch.schedule_sk\n\nLEFT OUTER JOIN mgmt.schedule_run mr_schr\n\tON mrtrig.schedule_sk = mr_schr.schedule_sk\n\t\tAND mr_schr.schedule_run_status_cd <> 'COMPLETE'\n\nLEFT OUTER JOIN mgmt.schedule gr_sch\non 1=1\n\tAND gr_sch.schedule_nm = 'EDW_Daily_GR'\n\nLEFT OUTER JOIN mgmt.schedule_run gr_schr\n\tON gr_sch.schedule_sk = gr_schr.schedule_sk\n\t\tAND gr_schr.schedule_run_status_cd <> 'COMPLETE'\n\nJOIN mgmt.entity en\n\tON mrtrig.entity_sk = en.entity_sk\n\nJOIN mgmt.entity_details_file en_f\n\tON en.entity_sk = en_f.entity_sk",
						"queryTimeout": "02:00:00",
						"partitionOption": "None"
					},
					"dataset": {
						"referenceName": "ds_asqldb_edw_table",
						"type": "DatasetReference",
						"parameters": {
							"dsPar_SchemaName": "mgmt",
							"dsPar_TableName": "mr_trigger_params "
						}
					}
				}
			},
			{
				"name": "ForEach - trigger file - check date and merge",
				"type": "ForEach",
				"dependsOn": [
					{
						"activity": "fil - mr trigger files only",
						"dependencyConditions": [
							"Succeeded"
						]
					}
				],
				"userProperties": [],
				"typeProperties": {
					"items": {
						"value": "@activity('fil - mr trigger files only').output.value",
						"type": "Expression"
					},
					"isSequential": false,
					"batchCount": 20,
					"activities": [
						{
							"name": "pln_sch_ongoing_mr_load_trig_file",
							"type": "ExecutePipeline",
							"dependsOn": [],
							"policy": {
								"secureInput": false
							},
							"userProperties": [],
							"typeProperties": {
								"pipeline": {
									"referenceName": "pln_sch_ongoing_mr_gr_03_load_trig_file",
									"type": "PipelineReference"
								},
								"waitOnCompletion": true,
								"parameters": {
									"plnPar_ContainerName": {
										"value": "@activity('lkp - get mr trigger and schedule run details').output.firstRow.container_nm",
										"type": "Expression"
									},
									"plnPar_FolderName": {
										"value": "@activity('lkp - get mr trigger and schedule run details').output.firstRow.folder_nm",
										"type": "Expression"
									},
									"plnPar_FileName": {
										"value": "@item().name",
										"type": "Expression"
									},
									"plnPar_ArchiveFlag": {
										"value": "@activity('lkp - get mr trigger and schedule run details').output.firstRow.archive_after_load_flg",
										"type": "Expression"
									},
									"plnPar_MRLastSuccessRunDtInt": {
										"value": "@activity('lkp - get mr trigger and schedule run details').output.firstRow.mr_last_successful_run_dt_int",
										"type": "Expression"
									},
									"plnPar_ArchivePath": {
										"value": "@activity('lkp - get mr trigger and schedule run details').output.firstRow.archive_rel_path_txt",
										"type": "Expression"
									},
									"plnPar_MRTrigParam": {
										"value": "@activity('lkp - get mr trigger and schedule run details').output.firstRow.mr_trigger_params_sk",
										"type": "Expression"
									}
								}
							}
						}
					]
				}
			},
			{
				"name": "Get Metadata - mr triggers folder details",
				"type": "GetMetadata",
				"dependsOn": [
					{
						"activity": "lkp - get mr trigger and schedule run details",
						"dependencyConditions": [
							"Succeeded"
						]
					}
				],
				"policy": {
					"timeout": "7.00:00:00",
					"retry": 0,
					"retryIntervalInSeconds": 30,
					"secureOutput": false,
					"secureInput": false
				},
				"userProperties": [],
				"typeProperties": {
					"dataset": {
						"referenceName": "ds_adls_ext_folder_edp",
						"type": "DatasetReference",
						"parameters": {
							"dsPar_EDP_Container_Name": "inbound-fpi",
							"dsPar_EDP_Folder_Name": {
								"value": "@activity('lkp - get mr trigger and schedule run details').output.firstRow.folder_nm",
								"type": "Expression"
							},
							"dsPar_QuoteChar": "\""
						}
					},
					"fieldList": [
						"childItems"
					],
					"storeSettings": {
						"type": "AzureBlobFSReadSettings",
						"recursive": true,
						"enablePartitionDiscovery": false
					},
					"formatSettings": {
						"type": "DelimitedTextReadSettings"
					}
				}
			},
			{
				"name": "lkp - exec sql - truncate work file log table",
				"type": "Lookup",
				"dependsOn": [
					{
						"activity": "Get Metadata - mr triggers folder details",
						"dependencyConditions": [
							"Succeeded"
						]
					}
				],
				"policy": {
					"timeout": "7.00:00:00",
					"retry": 0,
					"retryIntervalInSeconds": 30,
					"secureOutput": false,
					"secureInput": false
				},
				"userProperties": [],
				"typeProperties": {
					"source": {
						"type": "AzureSqlSource",
						"sqlReaderQuery": {
							"value": "@concat('if exists (select * from sys.all_objects obj ',\n\t\t\t\t'join sys.schemas sch ',\n\t\t\t\t'on obj.schema_id = sch.schema_id ',\n\t\t\t\t'and sch.name = ''work'' ',\n\t\t\t'where obj.name =''mgmt_mr_trigger_file_log'' and obj.type =''u'')\ntruncate table work.[mgmt_mr_trigger_file_log];'\n,' select 1 as status_cd;')",
							"type": "Expression"
						},
						"queryTimeout": "02:00:00",
						"partitionOption": "None"
					},
					"dataset": {
						"referenceName": "ds_asqldb_edw_table",
						"type": "DatasetReference",
						"parameters": {
							"dsPar_SchemaName": "work",
							"dsPar_TableName": "mgmt_mr_trigger_files_log"
						}
					}
				}
			},
			{
				"name": "fil - mr trigger files only",
				"type": "Filter",
				"dependsOn": [
					{
						"activity": "lkp - exec sql - truncate work file log table",
						"dependencyConditions": [
							"Succeeded"
						]
					}
				],
				"userProperties": [],
				"typeProperties": {
					"items": {
						"value": "@activity('Get Metadata - mr triggers folder details').output.childItems",
						"type": "Expression"
					},
					"condition": {
						"value": "@equals(item().type,'File')",
						"type": "Expression"
					}
				}
			},
			{
				"name": "lkp - merge into mgmt log files table",
				"type": "Lookup",
				"dependsOn": [
					{
						"activity": "ForEach - trigger file - check date and merge",
						"dependencyConditions": [
							"Succeeded"
						]
					}
				],
				"policy": {
					"timeout": "7.00:00:00",
					"retry": 0,
					"retryIntervalInSeconds": 30,
					"secureOutput": false,
					"secureInput": false
				},
				"userProperties": [],
				"typeProperties": {
					"source": {
						"type": "AzureSqlSource",
						"sqlReaderQuery": {
							"value": "Merge into mgmt.mr_trigger_file_log as tbl\nusing (select * from work.[mgmt_mr_trigger_file_log] \n) as src\non tbl.[file_nm] = src.[file_nm]\nWHEN NOT MATCHED THEN\nINSERT \n\t([mr_trigger_params_sk]\n\t,[file_path_txt]\n\t,[file_nm]\n\t,[file_lastModified_utc_dt_txt]\n\t,[file_lastModified_pst_dt_txt]\n\t,[file_lastModified_pst_dt]\n\t,[contentMD5]\n\t,[file_size]\n\t,[file_processed_status_cd]\n\t,[schedule_task_application_run_id_txt])\n     VALUES\n    (src.mr_trigger_params_sk\n    ,src.file_path_txt\n    ,src.file_nm\n    ,src.file_lastModified_utc_dt_txt\n\t,src.file_lastModified_pst_dt_txt\n\t,src.file_lastModified_pst_dt\n    ,src.contentMD5\n    ,src.file_size\n    ,src.file_processed_status_cd\n\t,src.[schedule_task_application_run_id_txt]\n\t)\n\t\nWHEN MATCHED AND tbl.file_processed_status_cd = 'PROCESSED' and src.file_processed_status_cd='ARCHIVED'\nTHEN\nUPDATE\nSET tbl.[mr_trigger_params_sk] = src.[mr_trigger_params_sk]\n\t,tbl.[file_path_txt] = src.[file_path_txt]\n\t,tbl.[file_nm] = src.[file_nm]\n\t,tbl.[file_lastModified_utc_dt_txt] = src.[file_lastModified_utc_dt_txt]\n\t,tbl.[file_lastModified_pst_dt_txt] = src.[file_lastModified_pst_dt_txt]\n\t,tbl.[file_lastModified_pst_dt] = src.[file_lastModified_pst_dt]\n\t,tbl.[contentMD5] = src.[contentMD5]\n\t,tbl.[file_size] = src.[file_size]\n\t,tbl.[file_processed_status_cd] = src.[file_processed_status_cd]\n\t,tbl.[schedule_task_application_run_id_txt] = src.[schedule_task_application_run_id_txt]\n;\n\nselect 1 as status_cd",
							"type": "Expression"
						},
						"queryTimeout": "02:00:00",
						"partitionOption": "None"
					},
					"dataset": {
						"referenceName": "ds_asqldb_edw_table",
						"type": "DatasetReference",
						"parameters": {
							"dsPar_SchemaName": "mgmt",
							"dsPar_TableName": "mr_trigger_files_log"
						}
					}
				}
			},
			{
				"name": "lkp - check if unprocessed files and okay to run",
				"type": "Lookup",
				"dependsOn": [
					{
						"activity": "lkp - merge into mgmt log files table",
						"dependencyConditions": [
							"Succeeded"
						]
					}
				],
				"policy": {
					"timeout": "7.00:00:00",
					"retry": 0,
					"retryIntervalInSeconds": 30,
					"secureOutput": false,
					"secureInput": false
				},
				"userProperties": [],
				"typeProperties": {
					"source": {
						"type": "AzureSqlSource",
						"sqlReaderQuery": "\tSELECT mtfl.file_nm\n\t\t,mtp.min_run_window_ts\n\t\t,mtp.max_run_window_ts\n\t\t,row_number() OVER (\n\t\t\tPARTITION BY mtfl.mr_trigger_params_sk ORDER BY file_lastModified_pst_dt\n\t\t\t) rn\n\tFROM mgmt.mr_trigger_file_log mtfl\n\t-- only return files during the run window\n\t-- from the time of the max file\n\t-- until 4:30pm PST\n\tJOIN mgmt.mr_trigger_params mtp\n\t\tON mtp.active_flg = 1\n\t\t\tAND DATEADD(hh, - 8, CURRENT_TIMESTAMP) BETWEEN min_run_window_ts\n\t\t\t\tAND max_run_window_ts\n\tJOIN mgmt.vw_schedule vsch_mr\n\t\tON vsch_mr.schedule_nm = 'EDW_Daily_MR'\n\t\t\tAND mtp.schedule_sk = vsch_mr.schedule_sk\n\tJOIN mgmt.vw_schedule vsch_gr\n\t\tON vsch_gr.schedule_nm = 'EDW_Daily_GR'\n\t\t\tAND vsch_mr.last_successful_run_dt = vsch_gr.last_successful_run_dt\n\t\t\tAND mtfl.file_lastModified_pst_dt >= DATEADD(hh, - 8, vsch_mr.last_successful_run_dt)\n\t\t\tAND mtfl.file_processed_status_cd IN ('QUEUED', 'PROCESSING')\n\t",
						"queryTimeout": "02:00:00",
						"partitionOption": "None"
					},
					"dataset": {
						"referenceName": "ds_asqldb_edw_table",
						"type": "DatasetReference",
						"parameters": {
							"dsPar_SchemaName": "mgmt",
							"dsPar_TableName": "mr_trigger_file_log"
						}
					},
					"firstRowOnly": false
				}
			},
			{
				"name": "foreach - file - get min file if ok to set dt and run",
				"type": "ForEach",
				"dependsOn": [
					{
						"activity": "lkp - check if unprocessed files and okay to run",
						"dependencyConditions": [
							"Succeeded"
						]
					}
				],
				"userProperties": [],
				"typeProperties": {
					"items": {
						"value": "@activity('lkp - check if unprocessed files and okay to run').output.value",
						"type": "Expression"
					},
					"isSequential": true,
					"activities": [
						{
							"name": "lkp - set next run date for mr and gr",
							"type": "Lookup",
							"dependsOn": [],
							"policy": {
								"timeout": "7.00:00:00",
								"retry": 0,
								"retryIntervalInSeconds": 30,
								"secureOutput": false,
								"secureInput": false
							},
							"userProperties": [],
							"typeProperties": {
								"source": {
									"type": "AzureSqlSource",
									"sqlReaderQuery": {
										"value": "DECLARE @var_file_log_sk bigint\nDECLARE @var_next_run_dt varchar(10)\n\nSELECT @var_file_log_sk = mr_trigger_file_log_sk\n\t,@var_next_run_dt = convert(varchar(10),file_lastModified_pst_dt,121)\nFROM (\n\tSELECT mtfl.file_nm\n\t\t,mtfl.file_lastModified_pst_dt\n\t\t,mtfl.mr_trigger_file_log_sk\n\t\t,mtp.min_run_window_ts\n\t\t,mtp.max_run_window_ts\n\t\t,row_number() OVER (\n\t\t\tPARTITION BY mtfl.mr_trigger_params_sk ORDER BY file_lastModified_pst_dt\n\t\t\t) rn\n\tFROM mgmt.mr_trigger_file_log mtfl\n\t-- only return files during the run window\n\t-- from the time of the max file\n\t-- until 4:30pm PST\n\tJOIN mgmt.mr_trigger_params mtp\n\t\tON mtp.active_flg = 1\n\t\t\tAND DATEADD(hh, - 8, CURRENT_TIMESTAMP) BETWEEN min_run_window_ts\n\t\t\t\tAND max_run_window_ts\n\tJOIN mgmt.vw_schedule vsch_mr\n\t\tON vsch_mr.schedule_nm = 'EDW_Daily_MR'\n\t\t\tAND mtp.schedule_sk = vsch_mr.schedule_sk\n\tJOIN mgmt.vw_schedule vsch_gr\n\t\tON vsch_gr.schedule_nm = 'EDW_Daily_GR'\n\t\t\tAND vsch_mr.last_successful_run_dt = vsch_gr.last_successful_run_dt\n\t\t\tAND mtfl.file_lastModified_pst_dt >= DATEADD(hh, - 8, vsch_mr.last_successful_run_dt)\n\t\t\tAND mtfl.file_processed_status_cd IN ('QUEUED', 'PROCESSING')\n\t) t\nWHERE rn = 1\n\nupdate mgmt.schedule\nset next_run_dt = @var_next_run_dt\nwhere schedule_nm in ('EDW_Daily_MR', 'EDW_Daily_GR')\n\nselect @var_file_log_sk as file_sk, @var_next_run_dt as run_dt ;\n",
										"type": "Expression"
									},
									"queryTimeout": "02:00:00",
									"partitionOption": "None"
								},
								"dataset": {
									"referenceName": "ds_asqldb_edw_table",
									"type": "DatasetReference",
									"parameters": {
										"dsPar_SchemaName": "mgmt",
										"dsPar_TableName": "mr_trigger_file_log"
									}
								},
								"firstRowOnly": true
							}
						},
						{
							"name": "If - next run dt not empty",
							"type": "IfCondition",
							"dependsOn": [
								{
									"activity": "lkp - set next run date for mr and gr",
									"dependencyConditions": [
										"Succeeded"
									]
								}
							],
							"userProperties": [],
							"typeProperties": {
								"expression": {
									"value": "@IF(OR(empty(activity('lkp - set next run date for mr and gr').output.firstRow.run_dt), equals(coalesce(activity('lkp - set next run date for mr and gr').output.firstRow.run_dt,'EMPTY'),'EMPTY')),false,true)",
									"type": "Expression"
								},
								"ifTrueActivities": [
									{
										"name": "lkp - set file processed",
										"type": "Lookup",
										"dependsOn": [
											{
												"activity": "pln_sch_ongoing_gr",
												"dependencyConditions": [
													"Succeeded"
												]
											}
										],
										"policy": {
											"timeout": "7.00:00:00",
											"retry": 0,
											"retryIntervalInSeconds": 30,
											"secureOutput": false,
											"secureInput": false
										},
										"userProperties": [],
										"typeProperties": {
											"source": {
												"type": "AzureSqlSource",
												"sqlReaderQuery": {
													"value": "@concat('update mtfl\nset file_processed_status_cd = ''PROCESSED''\nfrom mgmt.mr_trigger_file_log mtfl\nwhere mr_trigger_file_log_sk = ', activity('lkp - set next run date for mr and gr').output.firstRow.file_sk,\n' select 1 as status_cd;')",
													"type": "Expression"
												},
												"queryTimeout": "02:00:00",
												"partitionOption": "None"
											},
											"dataset": {
												"referenceName": "ds_asqldb_edw_table",
												"type": "DatasetReference",
												"parameters": {
													"dsPar_SchemaName": "mgmt",
													"dsPar_TableName": "mr_trigger_file_log"
												}
											},
											"firstRowOnly": true
										}
									},
									{
										"name": "pln_sch_ongoing_mr",
										"type": "ExecutePipeline",
										"dependsOn": [
											{
												"activity": "lkp - set file processing",
												"dependencyConditions": [
													"Succeeded"
												]
											}
										],
										"policy": {
											"secureInput": false
										},
										"userProperties": [],
										"typeProperties": {
											"pipeline": {
												"referenceName": "pln_sch_ongoing_mr",
												"type": "PipelineReference"
											},
											"waitOnCompletion": true
										}
									},
									{
										"name": "pln_sch_ongoing_gr",
										"type": "ExecutePipeline",
										"dependsOn": [
											{
												"activity": "pln_sch_ongoing_mr",
												"dependencyConditions": [
													"Succeeded"
												]
											}
										],
										"policy": {
											"secureInput": false
										},
										"userProperties": [],
										"typeProperties": {
											"pipeline": {
												"referenceName": "pln_sch_ongoing_gr",
												"type": "PipelineReference"
											},
											"waitOnCompletion": true
										}
									},
									{
										"name": "lkp - set file processing",
										"type": "Lookup",
										"dependsOn": [],
										"policy": {
											"timeout": "7.00:00:00",
											"retry": 0,
											"retryIntervalInSeconds": 30,
											"secureOutput": false,
											"secureInput": false
										},
										"userProperties": [],
										"typeProperties": {
											"source": {
												"type": "AzureSqlSource",
												"sqlReaderQuery": {
													"value": "@concat('update mtfl\nset file_processed_status_cd = ''PROCESSING''\nfrom mgmt.mr_trigger_file_log mtfl\nwhere mr_trigger_file_log_sk = ', activity('lkp - set next run date for mr and gr').output.firstRow.file_sk,\n' select 1 as status_cd;')",
													"type": "Expression"
												},
												"queryTimeout": "02:00:00",
												"partitionOption": "None"
											},
											"dataset": {
												"referenceName": "ds_asqldb_edw_table",
												"type": "DatasetReference",
												"parameters": {
													"dsPar_SchemaName": "mgmt",
													"dsPar_TableName": "mr_trigger_file_log"
												}
											},
											"firstRowOnly": true
										}
									}
								]
							}
						}
					]
				}
			}
		],
		"variables": {
			"plnVar_FileWorkTableStatus": {
				"type": "String"
			}
		},
		"folder": {
			"name": "11 - Orchestration/schedule/02 - ongoing"
		},
		"annotations": [],
		"lastPublishTime": "2022-09-06T14:47:27Z"
	},
	"type": "Microsoft.DataFactory/factories/pipelines"
}