{
	"name": "pln_run_schedule_arcgis",
	"properties": {
		"activities": [
			{
				"name": "Get Batches to Run Ordered by Priority",
				"type": "Lookup",
				"dependsOn": [
					{
						"activity": "exec - start schedule - EDW Daily",
						"dependencyConditions": [
							"Succeeded"
						]
					}
				],
				"policy": {
					"timeout": "7.00:00:00",
					"retry": 0,
					"retryIntervalInSeconds": 30,
					"secureOutput": false,
					"secureInput": false
				},
				"userProperties": [],
				"typeProperties": {
					"source": {
						"type": "SqlMISource",
						"sqlReaderStoredProcedureName": "[meta_arcgis].[usp_get_batches_to_run]",
						"storedProcedureParameters": {
							"in_ScheduleName": {
								"type": "String",
								"value": {
									"value": "@pipeline().parameters.plnPar_ScheduleName",
									"type": "Expression"
								}
							}
						},
						"partitionOption": "None"
					},
					"dataset": {
						"referenceName": "ds_asqlmi_arcgis_tables",
						"type": "DatasetReference",
						"parameters": {
							"dsPar_TableName": "batch",
							"dsPar_SchemaName": "meta_arcgis"
						}
					}
				}
			},
			{
				"name": "Set var Remaining Batch Priorities",
				"type": "SetVariable",
				"dependsOn": [
					{
						"activity": "Get Batches to Run Ordered by Priority",
						"dependencyConditions": [
							"Succeeded"
						]
					}
				],
				"policy": {
					"secureOutput": false,
					"secureInput": false
				},
				"userProperties": [],
				"typeProperties": {
					"variableName": "PlnVar_RemainingBatchPriorities",
					"value": {
						"value": "@split(split(activity('Get Batches to Run Ordered by Priority').output.firstRow.ActiveBatchTxt,'|||')[1],';')",
						"type": "Expression"
					}
				}
			},
			{
				"name": "ForEach Batch Priority",
				"type": "ForEach",
				"dependsOn": [
					{
						"activity": "Set var Remaining Batch Priorities",
						"dependencyConditions": [
							"Succeeded"
						]
					},
					{
						"activity": "Set var Schedule Run Date",
						"dependencyConditions": [
							"Succeeded"
						]
					}
				],
				"userProperties": [],
				"typeProperties": {
					"items": {
						"value": "@variables('PlnVar_RemainingBatchPriorities')",
						"type": "Expression"
					},
					"isSequential": true,
					"activities": [
						{
							"name": "If Schedule Run Status is NOT FAILED",
							"type": "IfCondition",
							"dependsOn": [
								{
									"activity": "set var - current schedule status",
									"dependencyConditions": [
										"Succeeded"
									]
								},
								{
									"activity": "set var - current priority batch names",
									"dependencyConditions": [
										"Succeeded"
									]
								}
							],
							"userProperties": [],
							"typeProperties": {
								"expression": {
									"value": "@if(equals(variables('PlnVar_ScheduleRunStatus'),'FAILED'),False,True)",
									"type": "Expression"
								},
								"ifTrueActivities": [
									{
										"name": "pln_Run_Batch_Priority",
										"type": "ExecutePipeline",
										"dependsOn": [],
										"policy": {
											"secureInput": false
										},
										"userProperties": [],
										"typeProperties": {
											"pipeline": {
												"referenceName": "pln_run_batch_priority_arcgis",
												"type": "PipelineReference"
											},
											"waitOnCompletion": true,
											"parameters": {
												"plnPar_ScheduleName": {
													"value": "@pipeline().parameters.plnPar_ScheduleName",
													"type": "Expression"
												},
												"plnPar_Batches": {
													"value": "@variables('PlnVar_CurrentPriorityBatchNames')",
													"type": "Expression"
												},
												"plnPar_ScheduleRunDate": {
													"value": "@variables('plnVar_ScheduleRunDate')",
													"type": "Expression"
												}
											}
										}
									}
								]
							}
						},
						{
							"name": "lkp - get current schedule status",
							"type": "Lookup",
							"dependsOn": [],
							"policy": {
								"timeout": "7.00:00:00",
								"retry": 0,
								"retryIntervalInSeconds": 30,
								"secureOutput": false,
								"secureInput": false
							},
							"userProperties": [],
							"typeProperties": {
								"source": {
									"type": "SqlMISource",
									"sqlReaderStoredProcedureName": "[meta_arcgis].[usp_get_schedule_run_details]",
									"storedProcedureParameters": {
										"in_ScheduleName": {
											"type": "String",
											"value": {
												"value": "@pipeline().parameters.plnPar_ScheduleName",
												"type": "Expression"
											}
										}
									},
									"partitionOption": "None"
								},
								"dataset": {
									"referenceName": "ds_asqlmi_arcgis_tables",
									"type": "DatasetReference",
									"parameters": {
										"dsPar_TableName": "meta_arcgis",
										"dsPar_SchemaName": "batch"
									}
								}
							}
						},
						{
							"name": "set var - current schedule status",
							"type": "SetVariable",
							"dependsOn": [
								{
									"activity": "lkp - get current schedule status",
									"dependencyConditions": [
										"Succeeded"
									]
								}
							],
							"policy": {
								"secureOutput": false,
								"secureInput": false
							},
							"userProperties": [],
							"typeProperties": {
								"variableName": "PlnVar_ScheduleRunStatus",
								"value": {
									"value": "@activity('lkp - get current schedule status').output.firstRow.schedule_run_status_cd",
									"type": "Expression"
								}
							}
						},
						{
							"name": "set var - current priority batch names",
							"type": "SetVariable",
							"dependsOn": [
								{
									"activity": "lkp - get current schedule status",
									"dependencyConditions": [
										"Succeeded"
									]
								}
							],
							"policy": {
								"secureOutput": false,
								"secureInput": false
							},
							"userProperties": [],
							"typeProperties": {
								"variableName": "PlnVar_CurrentPriorityBatchNames",
								"value": {
									"value": "@split(item(),'{')[1]",
									"type": "Expression"
								}
							}
						}
					]
				}
			},
			{
				"name": "If Schedule Run Status is still not FAILED",
				"type": "IfCondition",
				"dependsOn": [
					{
						"activity": "ForEach Batch Priority",
						"dependencyConditions": [
							"Succeeded"
						]
					}
				],
				"userProperties": [],
				"typeProperties": {
					"expression": {
						"value": "@if(equals(variables('PlnVar_ScheduleRunStatus'),'FAILED'), False, True)",
						"type": "Expression"
					},
					"ifFalseActivities": [
						{
							"name": "exec - End Schedule - FAILED",
							"type": "ExecutePipeline",
							"dependsOn": [],
							"policy": {
								"secureInput": false
							},
							"userProperties": [],
							"typeProperties": {
								"pipeline": {
									"referenceName": "pln_orch_end_schedule_arcgis",
									"type": "PipelineReference"
								},
								"waitOnCompletion": true,
								"parameters": {
									"plnPar_ScheduleName": {
										"value": "@pipeline().parameters.plnPar_ScheduleName",
										"type": "Expression"
									},
									"plnPar_SchedulRunStatusCd": "FAILED"
								}
							}
						}
					],
					"ifTrueActivities": [
						{
							"name": "exec - End Schedule - Complete",
							"type": "ExecutePipeline",
							"dependsOn": [],
							"policy": {
								"secureInput": false
							},
							"userProperties": [],
							"typeProperties": {
								"pipeline": {
									"referenceName": "pln_orch_end_schedule_arcgis",
									"type": "PipelineReference"
								},
								"waitOnCompletion": true,
								"parameters": {
									"plnPar_ScheduleName": {
										"value": "@pipeline().parameters.plnPar_ScheduleName",
										"type": "Expression"
									},
									"plnPar_SchedulRunStatusCd": "COMPLETE"
								}
							}
						}
					]
				}
			},
			{
				"name": "Set Schedule to Run",
				"type": "SqlServerStoredProcedure",
				"dependsOn": [],
				"policy": {
					"timeout": "7.00:00:00",
					"retry": 0,
					"retryIntervalInSeconds": 30,
					"secureOutput": false,
					"secureInput": false
				},
				"userProperties": [],
				"typeProperties": {
					"storedProcedureName": "[meta_arcgis].[usp_set_schedule_to_run]",
					"storedProcedureParameters": {
						"in_RunDateOverride": {
							"value": "",
							"type": "String"
						},
						"in_ScheduleName": {
							"value": {
								"value": "@pipeline().parameters.plnPar_ScheduleName",
								"type": "Expression"
							},
							"type": "String"
						}
					}
				},
				"linkedServiceName": {
					"referenceName": "lnks_arcgis_asqlmi_nwedw",
					"type": "LinkedServiceReference"
				}
			},
			{
				"name": "Set var Schedule Run Date",
				"type": "SetVariable",
				"dependsOn": [
					{
						"activity": "Get Batches to Run Ordered by Priority",
						"dependencyConditions": [
							"Succeeded"
						]
					}
				],
				"policy": {
					"secureOutput": false,
					"secureInput": false
				},
				"userProperties": [],
				"typeProperties": {
					"variableName": "plnVar_ScheduleRunDate",
					"value": {
						"value": "@split(activity('Get Batches to Run Ordered by Priority').output.firstRow.ActiveBatchTxt,'|||')[0]",
						"type": "Expression"
					}
				}
			},
			{
				"name": "exec - start schedule - EDW Daily",
				"type": "ExecutePipeline",
				"dependsOn": [
					{
						"activity": "Set Schedule to Run",
						"dependencyConditions": [
							"Succeeded"
						]
					}
				],
				"policy": {
					"secureInput": false
				},
				"userProperties": [],
				"typeProperties": {
					"pipeline": {
						"referenceName": "pln_orch_start_schedule_arcgis",
						"type": "PipelineReference"
					},
					"waitOnCompletion": true,
					"parameters": {
						"plnPar_ScheduleName": {
							"value": "@pipeline().parameters.plnPar_ScheduleName",
							"type": "Expression"
						}
					}
				}
			}
		],
		"parameters": {
			"plnPar_ScheduleName": {
				"type": "string",
				"defaultValue": "EDW_Daily"
			}
		},
		"variables": {
			"PlnVar_RemainingBatchPriorities": {
				"type": "Array"
			},
			"PlnVar_CurrentPriorityBatchNames": {
				"type": "String"
			},
			"PlnVar_ScheduleRunStatus": {
				"type": "String",
				"defaultValue": "SUCCEEDED"
			},
			"plnVar_ScheduleRunDate": {
				"type": "String"
			}
		},
		"folder": {
			"name": "ArcGIS Land and Stage/Orchestration"
		},
		"annotations": [],
		"lastPublishTime": "2024-01-10T16:52:13Z"
	},
	"type": "Microsoft.DataFactory/factories/pipelines"
}