{
	"name": "pln_run_batch_priority_arcgis",
	"properties": {
		"activities": [
			{
				"name": "set var - split batches into array",
				"type": "SetVariable",
				"dependsOn": [],
				"policy": {
					"secureOutput": false,
					"secureInput": false
				},
				"userProperties": [],
				"typeProperties": {
					"variableName": "plnVar_Batches",
					"value": {
						"value": "@split(pipeline().parameters.plnPar_Batches,',')",
						"type": "Expression"
					}
				}
			},
			{
				"name": "ForEach - batch - run batch process",
				"type": "ForEach",
				"dependsOn": [
					{
						"activity": "set var - split batches into array",
						"dependencyConditions": [
							"Succeeded"
						]
					}
				],
				"userProperties": [],
				"typeProperties": {
					"items": {
						"value": "@variables('plnVar_Batches')",
						"type": "Expression"
					},
					"isSequential": false,
					"batchCount": 10,
					"activities": [
						{
							"name": "exec - start batch",
							"type": "ExecutePipeline",
							"dependsOn": [],
							"policy": {
								"secureInput": false
							},
							"userProperties": [],
							"typeProperties": {
								"pipeline": {
									"referenceName": "pln_orch_start_batch_arcgis",
									"type": "PipelineReference"
								},
								"waitOnCompletion": true,
								"parameters": {
									"plnPar_BatchName": {
										"value": "@item()",
										"type": "Expression"
									},
									"plnPar_in_RunDateOverride": {
										"value": "@pipeline().parameters.plnPar_ScheduleRunDate",
										"type": "Expression"
									}
								}
							}
						},
						{
							"name": "exec - run batch",
							"type": "ExecutePipeline",
							"dependsOn": [
								{
									"activity": "exec - start batch",
									"dependencyConditions": [
										"Succeeded"
									]
								}
							],
							"policy": {
								"secureInput": false
							},
							"userProperties": [],
							"typeProperties": {
								"pipeline": {
									"referenceName": "pln_run_batch_arcgis",
									"type": "PipelineReference"
								},
								"waitOnCompletion": true,
								"parameters": {
									"plnPar_BatchName": {
										"value": "@item()",
										"type": "Expression"
									},
									"plnPar_SchedulName": {
										"value": "@pipeline().parameters.plnPar_ScheduleName",
										"type": "Expression"
									},
									"plnPar_ScheduleRunDate": {
										"value": "@pipeline().parameters.plnPar_ScheduleRunDate",
										"type": "Expression"
									}
								}
							}
						}
					]
				}
			}
		],
		"parameters": {
			"plnPar_ScheduleName": {
				"type": "string",
				"defaultValue": "EDW_Daily"
			},
			"plnPar_Batches": {
				"type": "string"
			},
			"plnPar_ScheduleRunDate": {
				"type": "string"
			}
		},
		"variables": {
			"plnVar_Batches": {
				"type": "Array"
			}
		},
		"folder": {
			"name": "ArcGIS Land and Stage/Orchestration"
		},
		"annotations": [],
		"lastPublishTime": "2024-01-10T16:52:12Z"
	},
	"type": "Microsoft.DataFactory/factories/pipelines"
}