{
	"name": "pln_run_task_priority_arcgis",
	"properties": {
		"activities": [
			{
				"name": "set var - split tasks into array",
				"type": "SetVariable",
				"dependsOn": [],
				"policy": {
					"secureOutput": false,
					"secureInput": false
				},
				"userProperties": [],
				"typeProperties": {
					"variableName": "plnVar_Tasks",
					"value": {
						"value": "@split(pipeline().parameters.plnPar_Tasks,'*')",
						"type": "Expression"
					}
				}
			},
			{
				"name": "ForEach - task - run task process",
				"type": "ForEach",
				"dependsOn": [
					{
						"activity": "set var - split tasks into array",
						"dependencyConditions": [
							"Succeeded"
						]
					}
				],
				"userProperties": [],
				"typeProperties": {
					"items": {
						"value": "@variables('plnVar_Tasks')",
						"type": "Expression"
					},
					"isSequential": false,
					"batchCount": 10,
					"activities": [
						{
							"name": "Switch - Task Abbrv Group",
							"type": "Switch",
							"dependsOn": [],
							"userProperties": [],
							"typeProperties": {
								"on": {
									"value": "@if(contains(toUpper(item()),'ARCGISMLSLAND'),'ArcGISMLSLand',\nif(contains(toUpper(item()),'ARCGISMLSSTAGE'),'ArcGISMLSStage',\nif(contains(toUpper(item()),'ARCGISPARCELSLAND'),'ArcGISPARCELSLand',\nif(contains(toUpper(item()),'ARCGISPARCELSSTAGE'),'ArcGISPARCELSStage','Others'))))",
									"type": "Expression"
								},
								"cases": [
									{
										"value": "ArcGISMLSLand",
										"activities": [
											{
												"name": "exec - run Task - ncino",
												"type": "ExecutePipeline",
												"dependsOn": [],
												"policy": {
													"secureInput": false
												},
												"userProperties": [],
												"typeProperties": {
													"pipeline": {
														"referenceName": "pln_run_task_arcgis_mls_land",
														"type": "PipelineReference"
													},
													"waitOnCompletion": true,
													"parameters": {
														"plnPar_ScheduleName": {
															"value": "@pipeline().parameters.plnPar_ScheduleName",
															"type": "Expression"
														},
														"plnPar_BatchName": {
															"value": "@pipeline().parameters.plnPar_BatchName",
															"type": "Expression"
														},
														"plnPar_PhaseName": {
															"value": "@pipeline().parameters.plnPar_PhaseName",
															"type": "Expression"
														},
														"plnPar_ScheduleRunDate": {
															"value": "@pipeline().parameters.plnPar_ScheduleRunDate",
															"type": "Expression"
														},
														"plnPar_TaskDetails": {
															"value": "@item()",
															"type": "Expression"
														}
													}
												}
											}
										]
									},
									{
										"value": "ArcGISMLSStage",
										"activities": [
											{
												"name": "exec - run Task - gr dim ongoing_2",
												"type": "ExecutePipeline",
												"dependsOn": [],
												"policy": {
													"secureInput": false
												},
												"userProperties": [],
												"typeProperties": {
													"pipeline": {
														"referenceName": "pln_run_task_arcgis_mls_stage",
														"type": "PipelineReference"
													},
													"waitOnCompletion": true,
													"parameters": {
														"plnPar_ScheduleName": {
															"value": "@pipeline().parameters.plnPar_ScheduleName",
															"type": "Expression"
														},
														"plnPar_BatchName": {
															"value": "@pipeline().parameters.plnPar_BatchName",
															"type": "Expression"
														},
														"plnPar_PhaseName": {
															"value": "@pipeline().parameters.plnPar_PhaseName",
															"type": "Expression"
														},
														"plnPar_ScheduleRunDate": {
															"value": "@pipeline().parameters.plnPar_ScheduleRunDate",
															"type": "Expression"
														},
														"plnPar_TaskDetails": {
															"value": "@item()",
															"type": "Expression"
														}
													}
												}
											}
										]
									},
									{
										"value": "ArcGISPARCELSLand",
										"activities": [
											{
												"name": "exec - run Task - gr dim ongoing_2_copy1",
												"type": "ExecutePipeline",
												"dependsOn": [],
												"policy": {
													"secureInput": false
												},
												"userProperties": [],
												"typeProperties": {
													"pipeline": {
														"referenceName": "pln_run_task_arcgis_parcels_land",
														"type": "PipelineReference"
													},
													"waitOnCompletion": true,
													"parameters": {
														"plnPar_ScheduleName": {
															"value": "@pipeline().parameters.plnPar_ScheduleName",
															"type": "Expression"
														},
														"plnPar_BatchName": {
															"value": "@pipeline().parameters.plnPar_BatchName",
															"type": "Expression"
														},
														"plnPar_PhaseName": {
															"value": "@pipeline().parameters.plnPar_PhaseName",
															"type": "Expression"
														},
														"plnPar_ScheduleRunDate": {
															"value": "@pipeline().parameters.plnPar_ScheduleRunDate",
															"type": "Expression"
														},
														"plnPar_TaskDetails": {
															"value": "@item()",
															"type": "Expression"
														}
													}
												}
											}
										]
									},
									{
										"value": "ArcGISPARCELSStage",
										"activities": [
											{
												"name": "exec - run Task - gr dim ongoing_2_copy2",
												"type": "ExecutePipeline",
												"dependsOn": [],
												"policy": {
													"secureInput": false
												},
												"userProperties": [],
												"typeProperties": {
													"pipeline": {
														"referenceName": "pln_run_task_arcgis_parcels_stage",
														"type": "PipelineReference"
													},
													"waitOnCompletion": true,
													"parameters": {
														"plnPar_ScheduleName": {
															"value": "@pipeline().parameters.plnPar_ScheduleName",
															"type": "Expression"
														},
														"plnPar_BatchName": {
															"value": "@pipeline().parameters.plnPar_BatchName",
															"type": "Expression"
														},
														"plnPar_PhaseName": {
															"value": "@pipeline().parameters.plnPar_PhaseName",
															"type": "Expression"
														},
														"plnPar_ScheduleRunDate": {
															"value": "@pipeline().parameters.plnPar_ScheduleRunDate",
															"type": "Expression"
														},
														"plnPar_TaskDetails": {
															"value": "@item()",
															"type": "Expression"
														}
													}
												}
											}
										]
									}
								]
							}
						}
					]
				}
			}
		],
		"concurrency": 5,
		"parameters": {
			"plnPar_ScheduleName": {
				"type": "string",
				"defaultValue": "EDW_Daily"
			},
			"plnPar_Tasks": {
				"type": "string"
			},
			"plnPar_ScheduleRunDate": {
				"type": "string"
			},
			"plnPar_PhaseName": {
				"type": "string"
			},
			"plnPar_BatchName": {
				"type": "string"
			}
		},
		"variables": {
			"plnVar_Tasks": {
				"type": "Array"
			}
		},
		"folder": {
			"name": "ArcGIS Land and Stage/Orchestration"
		},
		"annotations": [],
		"lastPublishTime": "2024-01-10T16:52:08Z"
	},
	"type": "Microsoft.DataFactory/factories/pipelines"
}