{
	"name": "pln_sch_monthly_gr_trigger",
	"properties": {
		"activities": [
			{
				"name": "lkp-Check 2nd business day of the month",
				"type": "Lookup",
				"dependsOn": [
					{
						"activity": "UntilGRloadComplete",
						"dependencyConditions": [
							"Succeeded"
						]
					}
				],
				"policy": {
					"timeout": "0.12:00:00",
					"retry": 0,
					"retryIntervalInSeconds": 30,
					"secureOutput": false,
					"secureInput": false
				},
				"userProperties": [],
				"typeProperties": {
					"source": {
						"type": "AzureSqlSource",
						"sqlReaderQuery": "delete from work.monthly_gr_date\r\nwhere run_date < cast(getdate()  as date)\r\n\r\n\r\nselect  run_date as schedule_run_dt,\r\n iif((run_date ) = cast( getdate() as date),1,0) as today_run\r\nfrom work.monthly_gr_date\r\norder by today_run DESC",
						"queryTimeout": "02:00:00",
						"partitionOption": "None"
					},
					"dataset": {
						"referenceName": "ds_asqldb_edw_table",
						"type": "DatasetReference",
						"parameters": {
							"dsPar_SchemaName": "mgmt",
							"dsPar_TableName": "schedule_run"
						}
					},
					"firstRowOnly": true
				}
			},
			{
				"name": "If ConditionGR_Monthly",
				"type": "IfCondition",
				"dependsOn": [
					{
						"activity": "lkp-Check 2nd business day of the month",
						"dependencyConditions": [
							"Succeeded"
						]
					}
				],
				"userProperties": [],
				"typeProperties": {
					"expression": {
						"value": "@equals(activity('lkp-Check 2nd business day of the month').output.firstRow.today_run,1)\n\n",
						"type": "Expression"
					},
					"ifTrueActivities": [
						{
							"name": "lkp-update next rundate",
							"type": "Lookup",
							"dependsOn": [],
							"policy": {
								"timeout": "0.12:00:00",
								"retry": 0,
								"retryIntervalInSeconds": 30,
								"secureOutput": false,
								"secureInput": false
							},
							"userProperties": [],
							"typeProperties": {
								"source": {
									"type": "AzureSqlSource",
									"sqlReaderQuery": "DECLARE @DATE DATE;\r\nSET @DATE = getdate() AT TIME ZONE 'Pacific Standard Time';\r\n\r\nUPDATE mgmt.schedule set next_run_dt = @DATE\r\nWHERE schedule_nm in ('EDW_Monthly_GR');\r\n\r\nSELECT next_run_dt,schedule_nm\r\nFROM mgmt.schedule\r\nWHERE schedule_nm in ('EDW_Monthly_GR');",
									"queryTimeout": "02:00:00",
									"partitionOption": "None"
								},
								"dataset": {
									"referenceName": "ds_asqldb_edw_table",
									"type": "DatasetReference",
									"parameters": {
										"dsPar_SchemaName": "mgmt",
										"dsPar_TableName": "schedule"
									}
								}
							}
						},
						{
							"name": "Execute Pipeline",
							"type": "ExecutePipeline",
							"dependsOn": [
								{
									"activity": "lkp-update next rundate",
									"dependencyConditions": [
										"Succeeded"
									]
								}
							],
							"policy": {
								"secureInput": false
							},
							"userProperties": [],
							"typeProperties": {
								"pipeline": {
									"referenceName": "pln_sch_monthly_gr",
									"type": "PipelineReference"
								},
								"waitOnCompletion": true
							}
						}
					]
				}
			},
			{
				"name": "UntilGRloadComplete",
				"type": "Until",
				"dependsOn": [],
				"userProperties": [],
				"typeProperties": {
					"expression": {
						"value": "@bool(variables('plnVar_isGRCompleted'))",
						"type": "Expression"
					},
					"activities": [
						{
							"name": "lkp-Check GR_Last_run",
							"type": "Lookup",
							"dependsOn": [],
							"policy": {
								"timeout": "0.12:00:00",
								"retry": 0,
								"retryIntervalInSeconds": 30,
								"secureOutput": false,
								"secureInput": false
							},
							"userProperties": [],
							"typeProperties": {
								"source": {
									"type": "AzureSqlSource",
									"sqlReaderQuery": "select distinct t.dummy_cd,  cast(schedule_run_dt as date) as schedule_run_dt,schedule_run_status_cd as status_code,\r\niif(((cast(schedule_run_dt as date) = cast(getdate() as date))) OR (DATEPART(WEEKDAY, GETDATE())=2),1,0) as today_run\r\nfrom (select '1' as dummy_cd) t\r\nleft outer join\r\nmgmt.schedule_run sctr\r\non 1=1 \r\ninner join \r\nmgmt.schedule s\r\non s.schedule_sk =sctr.schedule_sk\r\nwhere   s.schedule_nm= 'EDW_Daily_GR'",
									"queryTimeout": "02:00:00",
									"partitionOption": "None"
								},
								"dataset": {
									"referenceName": "ds_asqldb_edw_table",
									"type": "DatasetReference",
									"parameters": {
										"dsPar_SchemaName": "mgmt",
										"dsPar_TableName": "schedule_run"
									}
								}
							}
						},
						{
							"name": "If ConditionGR",
							"type": "IfCondition",
							"dependsOn": [
								{
									"activity": "lkp-Check GR_Last_run",
									"dependencyConditions": [
										"Succeeded"
									]
								}
							],
							"userProperties": [],
							"typeProperties": {
								"expression": {
									"value": "@and(equals(activity('lkp-Check GR_Last_run').output.firstRow.today_run,1),equals(activity('lkp-Check GR_Last_run').output.firstRow.status_code,'COMPLETE'))\n",
									"type": "Expression"
								},
								"ifFalseActivities": [
									{
										"name": "WaitGRLoadComplete",
										"type": "Wait",
										"dependsOn": [],
										"userProperties": [],
										"typeProperties": {
											"waitTimeInSeconds": 300
										}
									}
								],
								"ifTrueActivities": [
									{
										"name": "Set variable_GR",
										"type": "SetVariable",
										"dependsOn": [],
										"policy": {
											"secureOutput": false,
											"secureInput": false
										},
										"userProperties": [],
										"typeProperties": {
											"variableName": "plnVar_isGRCompleted",
											"value": true
										}
									}
								]
							}
						}
					],
					"timeout": "0.06:00:00"
				}
			}
		],
		"parameters": {
			"plnPar_ScheduleName_GR": {
				"type": "string",
				"defaultValue": "EDW_Daily_GR"
			}
		},
		"variables": {
			"plnVar_isGRCompleted": {
				"type": "Boolean",
				"defaultValue": false
			},
			"pln_var_no_load": {
				"type": "String"
			},
			"pln_var_load": {
				"type": "String"
			}
		},
		"folder": {
			"name": "11 - Orchestration/schedule/04 - monthly"
		},
		"annotations": [],
		"lastPublishTime": "2024-08-13T10:10:42Z"
	},
	"type": "Microsoft.DataFactory/factories/pipelines"
}