{
	"name": "pln_load_src_to_raw_ncino",
	"properties": {
		"activities": [
			{
				"name": "set var - raw folder name",
				"description": "sets the variable for the raw folder name to the entity name and the date",
				"type": "SetVariable",
				"dependsOn": [
					{
						"activity": "set var - completed at str",
						"dependencyConditions": [
							"Succeeded"
						]
					}
				],
				"policy": {
					"secureOutput": false,
					"secureInput": false
				},
				"userProperties": [],
				"typeProperties": {
					"variableName": "plnVar_tgtRawFolderName",
					"value": {
						"value": "@concat(activity('lkp - get schedule task run details').output.firstRow.src_system_abbrv_cd,'\\',activity('lkp - get schedule task run details').output.firstRow.src_entity_nm,'\\',replace(variables('plnVar_ScheduleRunDt'),'-','\\'))",
						"type": "Expression"
					}
				}
			},
			{
				"name": "set var - completed at str",
				"description": "sets the variable for the raw file name to the entity name  + the date",
				"type": "SetVariable",
				"dependsOn": [
					{
						"activity": "lkp - get schedule task run details",
						"dependencyConditions": [
							"Succeeded"
						]
					}
				],
				"policy": {
					"secureOutput": false,
					"secureInput": false
				},
				"userProperties": [],
				"typeProperties": {
					"variableName": "plnVar_ScheduleRunDt",
					"value": {
						"value": "@activity('lkp - get schedule task run details').output.firstRow.schedule_task_run_dt",
						"type": "Expression"
					}
				}
			},
			{
				"name": "lkp - get schedule task run details",
				"type": "Lookup",
				"dependsOn": [],
				"policy": {
					"timeout": "7.00:00:00",
					"retry": 0,
					"retryIntervalInSeconds": 30,
					"secureOutput": false,
					"secureInput": false
				},
				"userProperties": [],
				"typeProperties": {
					"source": {
						"type": "AzureSqlSource",
						"sqlReaderStoredProcedureName": "[mgmt].[usp_get_schedule_task_run_details]",
						"storedProcedureParameters": {
							"in_ScheduleTaskRunSk": {
								"type": "Int64",
								"value": {
									"value": "@pipeline().parameters.plnPar_ScheduleTaskRunSk",
									"type": "Expression"
								}
							}
						},
						"queryTimeout": "02:00:00",
						"partitionOption": "None"
					},
					"dataset": {
						"referenceName": "ds_asqldb_edw_table",
						"type": "DatasetReference",
						"parameters": {
							"dsPar_SchemaName": "dbo",
							"dsPar_TableName": "schedule_task_run"
						}
					},
					"firstRowOnly": true
				}
			},
			{
				"name": "set var - raw file base name",
				"description": "sets the variable for the raw file name to the entity name  + the date",
				"type": "SetVariable",
				"dependsOn": [
					{
						"activity": "set var - raw folder name",
						"dependencyConditions": [
							"Succeeded"
						]
					}
				],
				"policy": {
					"secureOutput": false,
					"secureInput": false
				},
				"userProperties": [],
				"typeProperties": {
					"variableName": "plnVar_RawFileBaseName",
					"value": {
						"value": "@concat(activity('lkp - get schedule task run details').output.firstRow.tgt_entity_nm,'_',replace(variables('plnVar_ScheduleRunDt'),'-',''))",
						"type": "Expression"
					}
				}
			},
			{
				"name": "exec - proc - update row counts",
				"type": "SqlServerStoredProcedure",
				"dependsOn": [
					{
						"activity": "set var - actual row count - full extract",
						"dependencyConditions": [
							"Succeeded"
						]
					}
				],
				"policy": {
					"timeout": "7.00:00:00",
					"retry": 0,
					"retryIntervalInSeconds": 30,
					"secureOutput": false,
					"secureInput": false
				},
				"userProperties": [],
				"typeProperties": {
					"storedProcedureName": "[mgmt].[usp_update_row_counts]",
					"storedProcedureParameters": {
						"in_ScheduleTaskRunSk": {
							"value": {
								"value": "@pipeline().parameters.plnPar_ScheduleTaskRunSk",
								"type": "Expression"
							},
							"type": "Int64"
						},
						"in_SourceRowCount": {
							"value": {
								"value": "@activity('Copy files from raw to raw').output.rowsRead",
								"type": "Expression"
							},
							"type": "Int64"
						},
						"in_TargetRowCount": {
							"value": {
								"value": "@int(variables('plnVar_ActualRowCnt'))",
								"type": "Expression"
							},
							"type": "Int64"
						},
						"in_TaskApplicationRunIdTxt": {
							"value": {
								"value": "@pipeline().RunId",
								"type": "Expression"
							},
							"type": "String"
						}
					}
				},
				"linkedServiceName": {
					"referenceName": "lnks_edw_asqldb_nwedw",
					"type": "LinkedServiceReference"
				}
			},
			{
				"name": "get meta - raw folder details",
				"type": "GetMetadata",
				"dependsOn": [
					{
						"activity": "copy - download object file - removed recs",
						"dependencyConditions": [
							"Succeeded"
						]
					}
				],
				"policy": {
					"timeout": "7.00:00:00",
					"retry": 0,
					"retryIntervalInSeconds": 30,
					"secureOutput": false,
					"secureInput": false
				},
				"userProperties": [],
				"typeProperties": {
					"dataset": {
						"referenceName": "ds_adls_raw_folder_pipeDelim_ncino",
						"type": "DatasetReference",
						"parameters": {
							"dsPar_Container": {
								"value": "@pipeline().parameters.plnPar_ContainerName",
								"type": "Expression"
							},
							"dsPar_Folder": {
								"value": "@variables('plnVar_tgtRawFolderName')",
								"type": "Expression"
							}
						}
					},
					"fieldList": [
						"childItems",
						"exists"
					],
					"storeSettings": {
						"type": "AzureBlobFSReadSettings",
						"recursive": true,
						"enablePartitionDiscovery": false
					},
					"formatSettings": {
						"type": "DelimitedTextReadSettings"
					}
				}
			},
			{
				"name": "set var - childitems length",
				"type": "SetVariable",
				"dependsOn": [
					{
						"activity": "get meta - raw folder details",
						"dependencyConditions": [
							"Succeeded"
						]
					}
				],
				"policy": {
					"secureOutput": false,
					"secureInput": false
				},
				"userProperties": [],
				"typeProperties": {
					"variableName": "plnVar_ChildItemsLength",
					"value": {
						"value": "@if(contains(activity('get meta - raw folder details').output,'childItems'),string(length(activity('get meta - raw folder details').output.childItems)),'0')",
						"type": "Expression"
					}
				}
			},
			{
				"name": "ForEach",
				"type": "ForEach",
				"dependsOn": [
					{
						"activity": "Lookup columns from meta data",
						"dependencyConditions": [
							"Succeeded"
						]
					}
				],
				"userProperties": [],
				"typeProperties": {
					"items": {
						"value": "@if(activity('get meta - raw folder details').output.exists,activity('get meta - raw folder details').output.childItems,variables('plnVar_Empty_Arr'))",
						"type": "Expression"
					},
					"activities": [
						{
							"name": "If structure matches",
							"type": "IfCondition",
							"dependsOn": [
								{
									"activity": "Get the structure from the raw files",
									"dependencyConditions": [
										"Succeeded"
									]
								}
							],
							"userProperties": [],
							"typeProperties": {
								"expression": {
									"value": "@equals(activity('Lookup columns from meta data').output.value[0].name,activity('Get the structure from the raw files').output.structure[0].name)\n",
									"type": "Expression"
								},
								"ifFalseActivities": [
									{
										"name": "Discrepency in the structure",
										"type": "Fail",
										"dependsOn": [],
										"userProperties": [],
										"typeProperties": {
											"message": "failed",
											"errorCode": "99999"
										}
									}
								],
								"ifTrueActivities": [
									{
										"name": "Set compare",
										"type": "SetVariable",
										"dependsOn": [],
										"policy": {
											"secureOutput": false,
											"secureInput": false
										},
										"userProperties": [],
										"typeProperties": {
											"variableName": "plnVar_ColValidationStatus",
											"value": {
												"value": "Structure matches\n",
												"type": "Expression"
											}
										}
									}
								]
							}
						},
						{
							"name": "Get the structure from the raw files",
							"type": "GetMetadata",
							"dependsOn": [],
							"policy": {
								"timeout": "7.00:00:00",
								"retry": 0,
								"retryIntervalInSeconds": 30,
								"secureOutput": false,
								"secureInput": false
							},
							"userProperties": [],
							"typeProperties": {
								"dataset": {
									"referenceName": "ds_adls_raw_file",
									"type": "DatasetReference",
									"parameters": {
										"dsPar_Container": {
											"value": "@pipeline().parameters.plnPar_ContainerName",
											"type": "Expression"
										},
										"dsPar_Folder": {
											"value": "@variables('plnVar_tgtRawFolderName')",
											"type": "Expression"
										},
										"dsPar_File": {
											"value": "@item().name",
											"type": "Expression"
										},
										"dsPar_Delim": "|"
									}
								},
								"fieldList": [
									"structure"
								],
								"storeSettings": {
									"type": "AzureBlobFSReadSettings",
									"recursive": true,
									"enablePartitionDiscovery": false
								},
								"formatSettings": {
									"type": "DelimitedTextReadSettings"
								}
							}
						}
					]
				}
			},
			{
				"name": "Set var Column_List",
				"type": "SetVariable",
				"dependsOn": [
					{
						"activity": "Set var - raw file name",
						"dependencyConditions": [
							"Succeeded"
						]
					}
				],
				"policy": {
					"secureOutput": false,
					"secureInput": false
				},
				"userProperties": [],
				"typeProperties": {
					"variableName": "plnVar_srcColumnList",
					"value": {
						"value": "@concat('select string_agg(convert(NVARCHAR(MAX),t.attribute_nm), '','') within group (order by t.attribute_ordinal_nbr asc) as name \nfrom (\n\t\tselect en_attr.entity_sk, en_attr.attribute_nm, en_attr.attribute_ordinal_nbr\n\t\tfrom mgmt.vw_entity_attribute en_attr\n\t\twhere en_attr.entity_type_cd = ''File''\n\t\tand en_attr.entity_nm = ''',variables('plnVar_srcRawFileName'),'''\n) t \ngroup by t.entity_sk')",
						"type": "Expression"
					}
				}
			},
			{
				"name": "Set var - raw file name",
				"type": "SetVariable",
				"dependsOn": [
					{
						"activity": "set var - childitems length",
						"dependencyConditions": [
							"Succeeded"
						]
					}
				],
				"policy": {
					"secureOutput": false,
					"secureInput": false
				},
				"userProperties": [],
				"typeProperties": {
					"variableName": "plnVar_srcRawFileName",
					"value": {
						"value": "@activity('lkp - get schedule task run details').output.firstRow.tgt_entity_nm",
						"type": "Expression"
					}
				}
			},
			{
				"name": "Lookup columns from meta data",
				"type": "Lookup",
				"dependsOn": [
					{
						"activity": "Set var Column_List",
						"dependencyConditions": [
							"Succeeded"
						]
					}
				],
				"policy": {
					"timeout": "7.00:00:00",
					"retry": 0,
					"retryIntervalInSeconds": 30,
					"secureOutput": false,
					"secureInput": false
				},
				"userProperties": [],
				"typeProperties": {
					"source": {
						"type": "AzureSqlSource",
						"sqlReaderQuery": {
							"value": "@variables('plnVar_srcColumnList')",
							"type": "Expression"
						},
						"queryTimeout": "02:00:00",
						"partitionOption": "None"
					},
					"dataset": {
						"referenceName": "ds_asqldb_edw_table",
						"type": "DatasetReference",
						"parameters": {
							"dsPar_SchemaName": "mgmt",
							"dsPar_TableName": "vw_entity_attribute"
						}
					},
					"firstRowOnly": false
				}
			},
			{
				"name": "copy - download object file - removed recs",
				"type": "Copy",
				"dependsOn": [
					{
						"activity": "Filter specific file",
						"dependencyConditions": [
							"Succeeded"
						]
					},
					{
						"activity": "set var - raw file base name",
						"dependencyConditions": [
							"Succeeded"
						]
					}
				],
				"policy": {
					"timeout": "7.00:00:00",
					"retry": 3,
					"retryIntervalInSeconds": 30,
					"secureOutput": false,
					"secureInput": false
				},
				"userProperties": [],
				"typeProperties": {
					"source": {
						"type": "BinarySource",
						"storeSettings": {
							"type": "AzureBlobFSReadSettings",
							"recursive": true
						},
						"formatSettings": {
							"type": "BinaryReadSettings"
						}
					},
					"sink": {
						"type": "BinarySink",
						"storeSettings": {
							"type": "AzureBlobFSWriteSettings",
							"copyBehavior": "FlattenHierarchy"
						}
					},
					"enableStaging": false,
					"enableSkipIncompatibleRow": true
				},
				"inputs": [
					{
						"referenceName": "ds_adls_raw_ncino_binary",
						"type": "DatasetReference",
						"parameters": {
							"dsPar_Container": "ownbackup",
							"dsPar_Folder": {
								"value": "@concat(variables('plnVar_RawFolderName'),'/',activity('Specific run date').output.value[0].name,'/')",
								"type": "Expression"
							},
							"dsPar_file": {
								"value": "@activity('Filter specific file').output.Value[0].name",
								"type": "Expression"
							}
						}
					}
				],
				"outputs": [
					{
						"referenceName": "ds_adls_raw_file_ncino",
						"type": "DatasetReference",
						"parameters": {
							"dsPar_Container": {
								"value": "@pipeline().parameters.plnPar_ContainerName",
								"type": "Expression"
							},
							"dsPar_Folder": {
								"value": "@variables('plnVar_tgtRawFolderName')",
								"type": "Expression"
							},
							"dsPar_File": {
								"value": "@concat(variables('plnVar_RawFileBaseName'), '_inserted.csv')",
								"type": "Expression"
							}
						}
					}
				]
			},
			{
				"name": "Get sub folders in src folder",
				"type": "GetMetadata",
				"dependsOn": [
					{
						"activity": "lkp - get schedule task run details",
						"dependencyConditions": [
							"Succeeded"
						]
					}
				],
				"policy": {
					"timeout": "7.00:00:00",
					"retry": 0,
					"retryIntervalInSeconds": 30,
					"secureOutput": false,
					"secureInput": false
				},
				"userProperties": [],
				"typeProperties": {
					"dataset": {
						"referenceName": "ds_adls_raw_folder_ncino_binary",
						"type": "DatasetReference",
						"parameters": {
							"dsPar_Container": {
								"value": "ownbackup",
								"type": "Expression"
							},
							"dsPar_Folder": {
								"value": "@variables('plnVar_RawFolderName')",
								"type": "Expression"
							}
						}
					},
					"fieldList": [
						"childItems"
					],
					"storeSettings": {
						"type": "AzureBlobFSReadSettings",
						"recursive": true,
						"enablePartitionDiscovery": false
					},
					"formatSettings": {
						"type": "BinaryReadSettings"
					}
				}
			},
			{
				"name": "Specific run date",
				"type": "Filter",
				"dependsOn": [
					{
						"activity": "Get sub folders in src folder",
						"dependencyConditions": [
							"Succeeded"
						]
					}
				],
				"userProperties": [],
				"typeProperties": {
					"items": {
						"value": "@activity('Get sub folders in src folder').output.childItems",
						"type": "Expression"
					},
					"condition": {
						"value": "@startswith(item().name, concat('day_',replace(variables('plnVar_ScheduleRunDt'),'-','')))",
						"type": "Expression"
					}
				}
			},
			{
				"name": "Get Metadata Files",
				"type": "GetMetadata",
				"dependsOn": [
					{
						"activity": "Specific run date",
						"dependencyConditions": [
							"Succeeded"
						]
					}
				],
				"policy": {
					"timeout": "7.00:00:00",
					"retry": 0,
					"retryIntervalInSeconds": 30,
					"secureOutput": false,
					"secureInput": false
				},
				"userProperties": [],
				"typeProperties": {
					"dataset": {
						"referenceName": "ds_adls_raw_folder_ncino_binary",
						"type": "DatasetReference",
						"parameters": {
							"dsPar_Container": "ownbackup",
							"dsPar_Folder": {
								"value": "@concat(variables('plnVar_RawFolderName'),'/',activity('Specific run date').output.value[0].name)",
								"type": "Expression"
							}
						}
					},
					"fieldList": [
						"childItems"
					],
					"storeSettings": {
						"type": "AzureBlobFSReadSettings",
						"recursive": true,
						"enablePartitionDiscovery": false
					},
					"formatSettings": {
						"type": "BinaryReadSettings"
					}
				}
			},
			{
				"name": "Filter specific file",
				"type": "Filter",
				"dependsOn": [
					{
						"activity": "Get Metadata Files",
						"dependencyConditions": [
							"Succeeded"
						]
					}
				],
				"userProperties": [],
				"typeProperties": {
					"items": {
						"value": "@activity('Get Metadata Files').output.childItems",
						"type": "Expression"
					},
					"condition": {
						"value": "@equals(item().name,concat(activity('lkp - get schedule task run details').output.firstRow.src_entity_nm,'.csv.gz'))",
						"type": "Expression"
					}
				}
			},
			{
				"name": "Copy files from raw to raw",
				"description": "This copy activity provides the count of rowsRead and rowsCopied and will eventually gets deleted from the folder.",
				"type": "Copy",
				"dependsOn": [
					{
						"activity": "ForEach",
						"dependencyConditions": [
							"Succeeded"
						]
					}
				],
				"policy": {
					"timeout": "7.00:00:00",
					"retry": 3,
					"retryIntervalInSeconds": 30,
					"secureOutput": false,
					"secureInput": false
				},
				"userProperties": [],
				"typeProperties": {
					"source": {
						"type": "DelimitedTextSource",
						"storeSettings": {
							"type": "AzureBlobFSReadSettings",
							"recursive": true
						},
						"formatSettings": {
							"type": "DelimitedTextReadSettings"
						}
					},
					"sink": {
						"type": "DelimitedTextSink",
						"storeSettings": {
							"type": "AzureBlobFSWriteSettings"
						},
						"formatSettings": {
							"type": "DelimitedTextWriteSettings",
							"quoteAllText": true,
							"fileExtension": ".txt"
						}
					},
					"enableStaging": false,
					"enableSkipIncompatibleRow": false,
					"translator": {
						"type": "TabularTranslator",
						"typeConversion": true,
						"typeConversionSettings": {
							"allowDataTruncation": true,
							"treatBooleanAsNumber": false
						}
					}
				},
				"inputs": [
					{
						"referenceName": "ds_adls_raw_file_cd",
						"type": "DatasetReference",
						"parameters": {
							"dsPar_Container": {
								"value": "@pipeline().parameters.plnPar_ContainerName",
								"type": "Expression"
							},
							"dsPar_Folder": {
								"value": "@variables('plnVar_tgtRawFolderName')",
								"type": "Expression"
							},
							"dsPar_File": {
								"value": "@concat(variables('plnVar_RawFileBaseName'), '_inserted.csv')",
								"type": "Expression"
							},
							"dsPar_Delim": ","
						}
					}
				],
				"outputs": [
					{
						"referenceName": "ds_adls_raw_file",
						"type": "DatasetReference",
						"parameters": {
							"dsPar_Container": {
								"value": "@pipeline().parameters.plnPar_ContainerName",
								"type": "Expression"
							},
							"dsPar_Folder": {
								"value": "@variables('plnVar_tgtRawFolderName')",
								"type": "Expression"
							},
							"dsPar_File": {
								"value": "@concat(variables('plnVar_RawFileBaseName'), '_inserted_dlt.txt')",
								"type": "Expression"
							},
							"dsPar_Delim": ","
						}
					}
				]
			},
			{
				"name": "set var - actual row count temp - full extract",
				"type": "SetVariable",
				"dependsOn": [
					{
						"activity": "Copy files from raw to raw",
						"dependencyConditions": [
							"Succeeded"
						]
					}
				],
				"policy": {
					"secureOutput": false,
					"secureInput": false
				},
				"userProperties": [],
				"typeProperties": {
					"variableName": "plnVar_ActualRowCntTemp",
					"value": {
						"value": "@variables('plnVar_ActualRowCnt')",
						"type": "Expression"
					}
				}
			},
			{
				"name": "set var - actual row count - full extract",
				"type": "SetVariable",
				"dependsOn": [
					{
						"activity": "set var - actual row count temp - full extract",
						"dependencyConditions": [
							"Succeeded"
						]
					}
				],
				"policy": {
					"secureOutput": false,
					"secureInput": false
				},
				"userProperties": [],
				"typeProperties": {
					"variableName": "plnVar_ActualRowCnt",
					"value": {
						"value": "@string(add(int(variables('plnVar_ActualRowCntTemp')), activity('Copy files from raw to raw').output.rowsCopied))",
						"type": "Expression"
					}
				}
			},
			{
				"name": "Delete the row count file",
				"description": "Delete the file used to get the row count",
				"type": "Delete",
				"dependsOn": [
					{
						"activity": "exec - proc - update row counts",
						"dependencyConditions": [
							"Succeeded"
						]
					}
				],
				"policy": {
					"timeout": "0.12:00:00",
					"retry": 0,
					"retryIntervalInSeconds": 30,
					"secureOutput": false,
					"secureInput": false
				},
				"userProperties": [],
				"typeProperties": {
					"dataset": {
						"referenceName": "ds_adls_raw_file_cd",
						"type": "DatasetReference",
						"parameters": {
							"dsPar_Container": {
								"value": "@pipeline().parameters.plnPar_ContainerName",
								"type": "Expression"
							},
							"dsPar_Folder": {
								"value": "@variables('plnVar_tgtRawFolderName')",
								"type": "Expression"
							},
							"dsPar_File": {
								"value": "@concat(variables('plnVar_RawFileBaseName'), '_inserted_dlt.txt')",
								"type": "Expression"
							},
							"dsPar_Delim": ","
						}
					},
					"enableLogging": false,
					"storeSettings": {
						"type": "AzureBlobFSReadSettings",
						"recursive": true,
						"enablePartitionDiscovery": false
					}
				}
			}
		],
		"parameters": {
			"plnPar_ScheduleTaskRunSk": {
				"type": "string"
			},
			"plnPar_ContainerName": {
				"type": "string",
				"defaultValue": "raw-ncino"
			},
			"plnPar_parentScheduleTaskRunSk": {
				"type": "string",
				"defaultValue": "220819"
			},
			"plnPar_TgtRawFileNm": {
				"type": "string"
			},
			"plnPar_SrcFileDelim": {
				"type": "string",
				"defaultValue": "|"
			}
		},
		"variables": {
			"plnVar_nCinoBkpDetailsSql": {
				"type": "String"
			},
			"plnVar_RawFolderName": {
				"type": "String",
				"defaultValue": "export"
			},
			"plnVar_RawFileBaseName": {
				"type": "String"
			},
			"plnVar_ScheduleRunDt": {
				"type": "String"
			},
			"plnVar_ActualRowCnt": {
				"type": "String",
				"defaultValue": "0"
			},
			"plnVar_ActualRowCntTemp": {
				"type": "String",
				"defaultValue": "0"
			},
			"plnVar_srcColumnList": {
				"type": "String"
			},
			"plnVar_srcRawFileName": {
				"type": "String"
			},
			"plnVar_ColValidationStatus": {
				"type": "String"
			},
			"plnVar_ChildItemsLength": {
				"type": "String"
			},
			"pln_Var_file_exists": {
				"type": "String"
			},
			"plnVar_Empty_Arr": {
				"type": "Array"
			},
			"plnVar_tgtRawFolderName": {
				"type": "String"
			},
			"plnVar_schTaskRunDate": {
				"type": "String"
			}
		},
		"folder": {
			"name": "21 - Datalake"
		},
		"annotations": [],
		"lastPublishTime": "2024-05-08T16:46:30Z"
	},
	"type": "Microsoft.DataFactory/factories/pipelines"
}