{
	"name": "pln_orch_end_task_arcgis",
	"properties": {
		"description": "marks a specific task as ended in the abc metadata",
		"activities": [
			{
				"name": "sp End Task Run",
				"type": "SqlServerStoredProcedure",
				"dependsOn": [],
				"policy": {
					"timeout": "7.00:00:00",
					"retry": 0,
					"retryIntervalInSeconds": 30,
					"secureOutput": false,
					"secureInput": false
				},
				"userProperties": [],
				"typeProperties": {
					"storedProcedureName": "[meta_arcgis].[usp_end_task_run]",
					"storedProcedureParameters": {
						"in_ScheduleTaskRunSk": {
							"value": {
								"value": "@pipeline().parameters.plnPar_ScheduleTaskRunSk",
								"type": "Expression"
							},
							"type": "Int64"
						},
						"in_TaskApplicationRunIdTxt": {
							"value": {
								"value": "@pipeline().parameters.plnPar_TaskApplicationRunIdTxt",
								"type": "Expression"
							},
							"type": "String"
						},
						"in_TaskRunStatusCd": {
							"value": {
								"value": "@pipeline().parameters.plnPar_TaskRunStatusCd",
								"type": "Expression"
							},
							"type": "String"
						},
						"in_TaskRunStatusDesc": {
							"value": {
								"value": "@pipeline().parameters.plnPar_TaskRunStatusDesc",
								"type": "Expression"
							},
							"type": "String"
						}
					}
				},
				"linkedServiceName": {
					"referenceName": "lnks_arcgis_asqlmi_nwedw",
					"type": "LinkedServiceReference"
				}
			}
		],
		"parameters": {
			"plnPar_TaskApplicationRunIdTxt": {
				"type": "string",
				"defaultValue": "NA"
			},
			"plnPar_TaskRunStatusCd": {
				"type": "string",
				"defaultValue": "COMPLETE"
			},
			"plnPar_TaskRunStatusDesc": {
				"type": "string"
			},
			"plnPar_ScheduleTaskRunSk": {
				"type": "string",
				"defaultValue": "190"
			}
		},
		"folder": {
			"name": "ArcGIS Land and Stage/Orchestration"
		},
		"annotations": [],
		"lastPublishTime": "2024-01-10T16:52:05Z"
	},
	"type": "Microsoft.DataFactory/factories/pipelines"
}