{
	"name": "pln_sch_on-demand_edp",
	"properties": {
		"description": "this pipeline is a schedule pipeline that will be scheduled to load edp data into the edw. This includes raw and staging.",
		"activities": [
			{
				"name": "pln_run_schedule - edp - on-demand",
				"type": "ExecutePipeline",
				"dependsOn": [],
				"policy": {
					"secureInput": false
				},
				"userProperties": [],
				"typeProperties": {
					"pipeline": {
						"referenceName": "pln_run_schedule",
						"type": "PipelineReference"
					},
					"waitOnCompletion": true,
					"parameters": {
						"plnPar_ScheduleName": {
							"value": "@pipeline().parameters.plnPar_ScheduleName",
							"type": "Expression"
						}
					}
				}
			}
		],
		"parameters": {
			"plnPar_ScheduleName": {
				"type": "string",
				"defaultValue": "EDW_OnDemand_EDP"
			}
		},
		"folder": {
			"name": "11 - Orchestration/schedule/03 - on-demand"
		},
		"annotations": [],
		"lastPublishTime": "2022-09-06T14:47:25Z"
	},
	"type": "Microsoft.DataFactory/factories/pipelines"
}