{
	"name": "pln_load_photo_file",
	"properties": {
		"activities": [
			{
				"name": "Copy data1",
				"type": "Copy",
				"dependsOn": [],
				"policy": {
					"timeout": "0.12:00:00",
					"retry": 0,
					"retryIntervalInSeconds": 30,
					"secureOutput": false,
					"secureInput": false
				},
				"userProperties": [],
				"typeProperties": {
					"source": {
						"type": "DelimitedTextSource",
						"storeSettings": {
							"type": "AzureBlobFSReadSettings",
							"recursive": true,
							"enablePartitionDiscovery": false
						},
						"formatSettings": {
							"type": "DelimitedTextReadSettings"
						}
					},
					"sink": {
						"type": "SqlMISink",
						"writeBehavior": "insert",
						"sqlWriterUseTableLock": false,
						"tableOption": "autoCreate"
					},
					"enableStaging": false,
					"translator": {
						"type": "TabularTranslator",
						"mappings": [
							{
								"source": {
									"name": "MLSListingID",
									"type": "String",
									"physicalType": "String"
								},
								"sink": {
									"name": "MLSListingID",
									"type": "String",
									"physicalType": "nvarchar"
								}
							},
							{
								"source": {
									"name": "photo_1",
									"type": "String",
									"physicalType": "String"
								},
								"sink": {
									"name": "photo_1",
									"type": "String",
									"physicalType": "nvarchar"
								}
							},
							{
								"source": {
									"name": "photo_2",
									"type": "String",
									"physicalType": "String"
								},
								"sink": {
									"name": "photo_2",
									"type": "String",
									"physicalType": "nvarchar"
								}
							},
							{
								"source": {
									"name": "photo_3",
									"type": "String",
									"physicalType": "String"
								},
								"sink": {
									"name": "photo_3",
									"type": "String",
									"physicalType": "nvarchar"
								}
							},
							{
								"source": {
									"name": "photo_4",
									"type": "String",
									"physicalType": "String"
								},
								"sink": {
									"name": "photo_4",
									"type": "String",
									"physicalType": "nvarchar"
								}
							},
							{
								"source": {
									"name": "photo_5",
									"type": "String",
									"physicalType": "String"
								},
								"sink": {
									"name": "photo_5",
									"type": "String",
									"physicalType": "nvarchar"
								}
							},
							{
								"source": {
									"name": "photo_6",
									"type": "String",
									"physicalType": "String"
								},
								"sink": {
									"name": "photo_6",
									"type": "String",
									"physicalType": "nvarchar"
								}
							},
							{
								"source": {
									"name": "photo_7",
									"type": "String",
									"physicalType": "String"
								},
								"sink": {
									"name": "photo_7",
									"type": "String",
									"physicalType": "nvarchar"
								}
							},
							{
								"source": {
									"name": "photo_8",
									"type": "String",
									"physicalType": "String"
								},
								"sink": {
									"name": "photo_8",
									"type": "String",
									"physicalType": "nvarchar"
								}
							},
							{
								"source": {
									"name": "photo_9",
									"type": "String",
									"physicalType": "String"
								},
								"sink": {
									"name": "photo_9",
									"type": "String",
									"physicalType": "nvarchar"
								}
							},
							{
								"source": {
									"name": "photo_10",
									"type": "String",
									"physicalType": "String"
								},
								"sink": {
									"name": "photo_10",
									"type": "String",
									"physicalType": "nvarchar"
								}
							},
							{
								"source": {
									"name": "photo_11",
									"type": "String",
									"physicalType": "String"
								},
								"sink": {
									"name": "photo_11",
									"type": "String",
									"physicalType": "nvarchar"
								}
							},
							{
								"source": {
									"name": "photo_12",
									"type": "String",
									"physicalType": "String"
								},
								"sink": {
									"name": "photo_12",
									"type": "String",
									"physicalType": "nvarchar"
								}
							},
							{
								"source": {
									"name": "photo_13",
									"type": "String",
									"physicalType": "String"
								},
								"sink": {
									"name": "photo_13",
									"type": "String",
									"physicalType": "nvarchar"
								}
							},
							{
								"source": {
									"name": "photo_14",
									"type": "String",
									"physicalType": "String"
								},
								"sink": {
									"name": "photo_14",
									"type": "String",
									"physicalType": "nvarchar"
								}
							},
							{
								"source": {
									"name": "photo_15",
									"type": "String",
									"physicalType": "String"
								},
								"sink": {
									"name": "photo_15",
									"type": "String",
									"physicalType": "nvarchar"
								}
							},
							{
								"source": {
									"name": "photo_16",
									"type": "String",
									"physicalType": "String"
								},
								"sink": {
									"name": "photo_16",
									"type": "String",
									"physicalType": "nvarchar"
								}
							},
							{
								"source": {
									"name": "photo_17",
									"type": "String",
									"physicalType": "String"
								},
								"sink": {
									"name": "photo_17",
									"type": "String",
									"physicalType": "nvarchar"
								}
							},
							{
								"source": {
									"name": "photo_18",
									"type": "String",
									"physicalType": "String"
								},
								"sink": {
									"name": "photo_18",
									"type": "String",
									"physicalType": "nvarchar"
								}
							},
							{
								"source": {
									"name": "photo_19",
									"type": "String",
									"physicalType": "String"
								},
								"sink": {
									"name": "photo_19",
									"type": "String",
									"physicalType": "nvarchar"
								}
							},
							{
								"source": {
									"name": "photo_20",
									"type": "String",
									"physicalType": "String"
								},
								"sink": {
									"name": "photo_20",
									"type": "String",
									"physicalType": "nvarchar"
								}
							},
							{
								"source": {
									"name": "photo_21",
									"type": "String",
									"physicalType": "String"
								},
								"sink": {
									"name": "photo_21",
									"type": "String",
									"physicalType": "nvarchar"
								}
							},
							{
								"source": {
									"name": "photo_22",
									"type": "String",
									"physicalType": "String"
								},
								"sink": {
									"name": "photo_22",
									"type": "String",
									"physicalType": "nvarchar"
								}
							},
							{
								"source": {
									"name": "photo_23",
									"type": "String",
									"physicalType": "String"
								},
								"sink": {
									"name": "photo_23",
									"type": "String",
									"physicalType": "nvarchar"
								}
							},
							{
								"source": {
									"name": "photo_24",
									"type": "String",
									"physicalType": "String"
								},
								"sink": {
									"name": "photo_24",
									"type": "String",
									"physicalType": "nvarchar"
								}
							},
							{
								"source": {
									"name": "photo_25",
									"type": "String",
									"physicalType": "String"
								},
								"sink": {
									"name": "photo_25",
									"type": "String",
									"physicalType": "nvarchar"
								}
							},
							{
								"source": {
									"name": "photo_26",
									"type": "String",
									"physicalType": "String"
								},
								"sink": {
									"name": "photo_26",
									"type": "String",
									"physicalType": "nvarchar"
								}
							},
							{
								"source": {
									"name": "photo_27",
									"type": "String",
									"physicalType": "String"
								},
								"sink": {
									"name": "photo_27",
									"type": "String",
									"physicalType": "nvarchar"
								}
							},
							{
								"source": {
									"name": "photo_28",
									"type": "String",
									"physicalType": "String"
								},
								"sink": {
									"name": "photo_28",
									"type": "String",
									"physicalType": "nvarchar"
								}
							},
							{
								"source": {
									"name": "photo_29",
									"type": "String",
									"physicalType": "String"
								},
								"sink": {
									"name": "photo_29",
									"type": "String",
									"physicalType": "nvarchar"
								}
							},
							{
								"source": {
									"name": "photo_30",
									"type": "String",
									"physicalType": "String"
								},
								"sink": {
									"name": "photo_30",
									"type": "String",
									"physicalType": "nvarchar"
								}
							}
						],
						"typeConversion": true,
						"typeConversionSettings": {
							"allowDataTruncation": true,
							"treatBooleanAsNumber": false
						}
					}
				},
				"inputs": [
					{
						"referenceName": "ds_adls_raw_file_pipeDelim",
						"type": "DatasetReference",
						"parameters": {
							"dsPar_Container": "raw-arcgis",
							"dsPar_Folder": "photo_file",
							"dsPar_File": "Photo_Index_ListingAnalyticsCustom_PIPE.txt"
						}
					}
				],
				"outputs": [
					{
						"referenceName": "ds_asqlmi_arcgis_tables",
						"type": "DatasetReference",
						"parameters": {
							"dsPar_TableName": "Photo_Index_Listing",
							"dsPar_SchemaName": "work"
						}
					}
				]
			}
		],
		"folder": {
			"name": "90 - Helper"
		},
		"annotations": [],
		"lastPublishTime": "2025-04-29T08:23:50Z"
	},
	"type": "Microsoft.DataFactory/factories/pipelines"
}