{
	"name": "pln_sch_ongoing_mr_gr_00_set_run_windwow",
	"properties": {
		"description": "This pipeline gets the details of the files still in fpi mr triggers container & folder. It compares the max file ts stored in the table vs the the latest file dt of the files in the folder. It then replaces the file time stamp in the mr trigger params table with this value. It also sets the min and max file dt window",
		"activities": [
			{
				"name": "lkp - get mr trigger and schedule run details",
				"type": "Lookup",
				"dependsOn": [],
				"policy": {
					"timeout": "7.00:00:00",
					"retry": 0,
					"retryIntervalInSeconds": 30,
					"secureOutput": false,
					"secureInput": false
				},
				"userProperties": [],
				"typeProperties": {
					"source": {
						"type": "AzureSqlSource",
						"sqlReaderQuery": "SELECT mr_trigger_params_sk\n\t,mr_sch.schedule_nm as mr_schedule_nm\n\t,mr_sch.next_run_dt as mr_next_run_dt\n\t,convert(INT, convert(VARCHAR(10), mr_sch.next_run_dt, 112)) AS mr_run_dt_int\n\t,mr_sch.last_successful_run_dt as mr_last_successful_run_dt\n\t,convert(INT, convert(VARCHAR(10), mr_sch.last_successful_run_dt, 112)) as mr_last_successful_run_dt_int\n\t,convert(INT, convert(VARCHAR(10), mr_sch.last_successful_run_dt, 112)) gr_last_successful_run_dt_int\n\t,'inbound-fpi' AS container_nm\n\t,en_f.file_folder_name_txt AS folder_nm\n\t,en_f.file_name_pattern_txt\n\t,mrtrig.archive_after_load_flg\n\t,mrtrig.archive_rel_path_txt\n\t,(case when mrtrig.max_file_ts_txt is null then '19000101000001' else mrtrig.max_file_ts_txt end) as max_file_ts_txt\n\t,(case when mrtrig.min_run_window_ts is null then '1900-01-01 00:00:01' else  mrtrig.min_run_window_ts  end) as min_run_window_ts\n\t,(case when mrtrig.max_run_window_ts is null then '1900-01-01 16:30:00' else mrtrig.max_run_window_ts  end) as max_run_window_ts\nFROM mgmt.mr_trigger_params mrtrig\n\nJOIN mgmt.schedule mr_sch\n\tON mrtrig.schedule_sk = mr_sch.schedule_sk\n\tand mr_sch.schedule_nm = 'EDW_Daily_MR'\n\nJOIN mgmt.entity en\n\tON mrtrig.entity_sk = en.entity_sk\n\nJOIN mgmt.entity_details_file en_f\n\tON en.entity_sk = en_f.entity_sk\n\t",
						"queryTimeout": "02:00:00",
						"partitionOption": "None"
					},
					"dataset": {
						"referenceName": "ds_asqldb_edw_table",
						"type": "DatasetReference",
						"parameters": {
							"dsPar_SchemaName": {
								"value": "mgmt",
								"type": "Expression"
							},
							"dsPar_TableName": "mr_trigger_params "
						}
					}
				}
			},
			{
				"name": "Get Metadata - mr triggers folder details",
				"type": "GetMetadata",
				"dependsOn": [
					{
						"activity": "lkp - get mr trigger and schedule run details",
						"dependencyConditions": [
							"Succeeded"
						]
					}
				],
				"policy": {
					"timeout": "7.00:00:00",
					"retry": 0,
					"retryIntervalInSeconds": 30,
					"secureOutput": false,
					"secureInput": false
				},
				"userProperties": [],
				"typeProperties": {
					"dataset": {
						"referenceName": "ds_adls_ext_folder_edp",
						"type": "DatasetReference",
						"parameters": {
							"dsPar_EDP_Container_Name": {
								"value": "@activity('lkp - get mr trigger and schedule run details').output.firstRow.container_nm",
								"type": "Expression"
							},
							"dsPar_EDP_Folder_Name": {
								"value": "@activity('lkp - get mr trigger and schedule run details').output.firstRow.folder_nm",
								"type": "Expression"
							},
							"dsPar_QuoteChar": "\""
						}
					},
					"fieldList": [
						"childItems",
						"itemType"
					],
					"storeSettings": {
						"type": "AzureBlobFSReadSettings",
						"recursive": true,
						"enablePartitionDiscovery": false
					},
					"formatSettings": {
						"type": "DelimitedTextReadSettings"
					}
				}
			},
			{
				"name": "ForEach - trigger file - get latest file date",
				"type": "ForEach",
				"dependsOn": [
					{
						"activity": "fil - mr trigger files only",
						"dependencyConditions": [
							"Succeeded"
						]
					},
					{
						"activity": "set var - current latest file datetime",
						"dependencyConditions": [
							"Succeeded"
						]
					}
				],
				"userProperties": [],
				"typeProperties": {
					"items": {
						"value": "@activity('fil - mr trigger files only').output.value",
						"type": "Expression"
					},
					"isSequential": true,
					"activities": [
						{
							"name": "if - file dt gt prev latest file dt - upd latest dt",
							"type": "IfCondition",
							"dependsOn": [
								{
									"activity": "set var - file last modified date",
									"dependencyConditions": [
										"Succeeded"
									]
								}
							],
							"userProperties": [],
							"typeProperties": {
								"expression": {
									"value": "@greater(int(variables('plnVar_FileLastModified')),int(activity('lkp - get mr trigger and schedule run details').output.FirstRow.max_file_ts_txt))",
									"type": "Expression"
								},
								"ifTrueActivities": [
									{
										"name": "set var - new latest file datetime",
										"type": "SetVariable",
										"dependsOn": [],
										"policy": {
											"secureOutput": false,
											"secureInput": false
										},
										"userProperties": [],
										"typeProperties": {
											"variableName": "plnVar_LatestFileDate",
											"value": {
												"value": "@variables('plnVar_FileLastModified')",
												"type": "Expression"
											}
										}
									}
								]
							}
						},
						{
							"name": "set var - file last modified date",
							"type": "SetVariable",
							"dependsOn": [
								{
									"activity": "get meta - file details",
									"dependencyConditions": [
										"Succeeded"
									]
								}
							],
							"policy": {
								"secureOutput": false,
								"secureInput": false
							},
							"userProperties": [],
							"typeProperties": {
								"variableName": "plnVar_FileLastModified",
								"value": {
									"value": "@substring(replace(replace(replace(replace(convertTimeZone(activity('get meta - file details').output.lastModified,'UTC','Pacific Standard Time'),'T',''),':',''),'-',''),'+',''),0,14)",
									"type": "Expression"
								}
							}
						},
						{
							"name": "get meta - file details",
							"type": "GetMetadata",
							"dependsOn": [],
							"policy": {
								"timeout": "7.00:00:00",
								"retry": 0,
								"retryIntervalInSeconds": 30,
								"secureOutput": false,
								"secureInput": false
							},
							"userProperties": [],
							"typeProperties": {
								"dataset": {
									"referenceName": "ds_adls_ext_file_edp",
									"type": "DatasetReference",
									"parameters": {
										"dsPar_EDP_File_Name": "@item().name",
										"dsPar_EDP_Container_Name": {
											"value": "@activity('lkp - get mr trigger and schedule run details').output.firstRow.container_nm",
											"type": "Expression"
										},
										"dsPar_EDP_Folder_Name": {
											"value": "@activity('lkp - get mr trigger and schedule run details').output.firstRow.folder_nm",
											"type": "Expression"
										}
									}
								},
								"fieldList": [
									"itemName",
									"lastModified"
								],
								"storeSettings": {
									"type": "AzureBlobFSReadSettings",
									"recursive": true,
									"enablePartitionDiscovery": false
								},
								"formatSettings": {
									"type": "DelimitedTextReadSettings"
								}
							}
						}
					]
				}
			},
			{
				"name": "fil - mr trigger files only",
				"type": "Filter",
				"dependsOn": [
					{
						"activity": "Get Metadata - mr triggers folder details",
						"dependencyConditions": [
							"Succeeded"
						]
					}
				],
				"userProperties": [],
				"typeProperties": {
					"items": {
						"value": "@activity('Get Metadata - mr triggers folder details').output.childItems",
						"type": "Expression"
					},
					"condition": {
						"value": "@equals(item().type,'File')",
						"type": "Expression"
					}
				}
			},
			{
				"name": "set var - current latest file datetime",
				"type": "SetVariable",
				"dependsOn": [
					{
						"activity": "lkp - get mr trigger and schedule run details",
						"dependencyConditions": [
							"Succeeded"
						]
					}
				],
				"policy": {
					"secureOutput": false,
					"secureInput": false
				},
				"userProperties": [],
				"typeProperties": {
					"variableName": "plnVar_LatestFileDate",
					"value": {
						"value": "@activity('lkp - get mr trigger and schedule run details').output.firstRow.max_file_ts_txt",
						"type": "Expression"
					}
				}
			},
			{
				"name": "lkp - update max mr trigger file dt",
				"type": "Lookup",
				"dependsOn": [
					{
						"activity": "ForEach - trigger file - get latest file date",
						"dependencyConditions": [
							"Succeeded"
						]
					}
				],
				"policy": {
					"timeout": "7.00:00:00",
					"retry": 0,
					"retryIntervalInSeconds": 30,
					"secureOutput": false,
					"secureInput": false
				},
				"userProperties": [],
				"typeProperties": {
					"source": {
						"type": "AzureSqlSource",
						"sqlReaderQuery": {
							"value": "@concat('update mrtrig\nset max_file_ts_txt = ''',variables('plnVar_LatestFileDate'),''' '\n,',min_run_window_ts = convert(datetime, stuff(stuff(stuff(''',variables('plnVar_LatestFileDate'),''' , 9, 0, '' ''), 12, 0, '':''), 15, 0, '':''))'\n,',max_run_window_ts = convert(datetime, stuff(stuff(stuff(',' t.max_run_window+''',pipeline().parameters.plnPar_MaxRunTime_hhmmss,''' , 9, 0, '' ''), 12, 0, '':''), 15, 0, '':'')) ','\nfrom mgmt.mr_trigger_params mrtrig\njoin (select  convert(varchar(10),min(date_ymd_nbr)) as max_run_window\nfrom pres_gr.dim_date dd where dd.date_ymd_nbr >= substring(''',variables('plnVar_LatestFileDate'),''',1,8)\nand dd.day_of_week_nm in (''Tuesday'',''Wednesday'',''Thursday'',''Friday'',''Monday'')) t\non 1=1\nwhere mr_trigger_params_sk = ',activity('lkp - get mr trigger and schedule run details').output.firstRow.mr_trigger_params_sk, ';'\n,' select 1 as status_cd;'\n)",
							"type": "Expression"
						},
						"queryTimeout": "02:00:00",
						"partitionOption": "None"
					},
					"dataset": {
						"referenceName": "ds_asqldb_edw_table",
						"type": "DatasetReference",
						"parameters": {
							"dsPar_SchemaName": "mgmt",
							"dsPar_TableName": "mr_trigger_params "
						}
					}
				}
			},
			{
				"name": "pln_sch_ongoing_mr_gr_01_check",
				"type": "ExecutePipeline",
				"dependsOn": [
					{
						"activity": "lkp - update max mr trigger file dt",
						"dependencyConditions": [
							"Succeeded"
						]
					}
				],
				"policy": {
					"secureInput": false
				},
				"userProperties": [],
				"typeProperties": {
					"pipeline": {
						"referenceName": "pln_sch_ongoing_mr_gr_01_check_dependency",
						"type": "PipelineReference"
					},
					"waitOnCompletion": true
				}
			}
		],
		"parameters": {
			"plnPar_MaxRunTime_hhmmss": {
				"type": "string",
				"defaultValue": "193000"
			}
		},
		"variables": {
			"plnVar_LatestFileDate": {
				"type": "String",
				"defaultValue": "19000101000001"
			},
			"plnVar_FileLastModified": {
				"type": "String"
			}
		},
		"folder": {
			"name": "11 - Orchestration/schedule/02 - ongoing"
		},
		"annotations": [],
		"lastPublishTime": "2022-09-06T14:47:28Z"
	},
	"type": "Microsoft.DataFactory/factories/pipelines"
}