{
	"name": "pln_orch_start_batch",
	"properties": {
		"description": "marks a specific batch as started in the abc metadata",
		"activities": [
			{
				"name": "sp Start Batch Run",
				"type": "SqlServerStoredProcedure",
				"dependsOn": [],
				"policy": {
					"timeout": "7.00:00:00",
					"retry": 0,
					"retryIntervalInSeconds": 30,
					"secureOutput": false,
					"secureInput": false
				},
				"userProperties": [],
				"typeProperties": {
					"storedProcedureName": "[mgmt].[usp_start_batch_run]",
					"storedProcedureParameters": {
						"in_batchName": {
							"value": {
								"value": "@pipeline().parameters.plnPar_BatchName",
								"type": "Expression"
							},
							"type": "String"
						},
						"in_RunDateOffsetType": {
							"value": {
								"value": "@pipeline().parameters.plnPar_RunDateOffsetType",
								"type": "Expression"
							},
							"type": "String"
						},
						"in_RunDateOffsetValue": {
							"value": {
								"value": "@pipeline().parameters.plnPar_in_RunDateOffsetValue",
								"type": "Expression"
							},
							"type": "Int32"
						},
						"in_RunDateOverride": {
							"value": {
								"value": "@pipeline().parameters.plnPar_in_RunDateOverride",
								"type": "Expression"
							},
							"type": "String"
						}
					}
				},
				"linkedServiceName": {
					"referenceName": "lnks_edw_asqldb_nwedw",
					"type": "LinkedServiceReference"
				}
			}
		],
		"parameters": {
			"plnPar_BatchName": {
				"type": "string",
				"defaultValue": "MR_Integration_Daily"
			},
			"plnPar_RunDateOffsetType": {
				"type": "string",
				"defaultValue": "d"
			},
			"plnPar_in_RunDateOffsetValue": {
				"type": "string",
				"defaultValue": "1"
			},
			"plnPar_in_RunDateOverride": {
				"type": "string"
			}
		},
		"folder": {
			"name": "01 - ABC/Task"
		},
		"annotations": [],
		"lastPublishTime": "2022-09-06T14:47:13Z"
	},
	"type": "Microsoft.DataFactory/factories/pipelines"
}