{
	"name": "pln_rearchive_mr_trigger_files",
	"properties": {
		"activities": [
			{
				"name": "Get Metadata - mr triggers folder details",
				"type": "GetMetadata",
				"dependsOn": [],
				"policy": {
					"timeout": "7.00:00:00",
					"retry": 0,
					"retryIntervalInSeconds": 30,
					"secureOutput": false,
					"secureInput": false
				},
				"userProperties": [],
				"typeProperties": {
					"dataset": {
						"referenceName": "ds_adls_ext_folder_edp",
						"type": "DatasetReference",
						"parameters": {
							"dsPar_EDP_Container_Name": {
								"value": "@pipeline().parameters.plnPar_SrcContainerName",
								"type": "Expression"
							},
							"dsPar_EDP_Folder_Name": {
								"value": "@pipeline().parameters.plnPar_SrcFolderName",
								"type": "Expression"
							},
							"dsPar_QuoteChar": "\""
						}
					},
					"fieldList": [
						"childItems",
						"itemType"
					],
					"storeSettings": {
						"type": "AzureBlobFSReadSettings",
						"recursive": true,
						"enablePartitionDiscovery": false
					},
					"formatSettings": {
						"type": "DelimitedTextReadSettings"
					}
				}
			},
			{
				"name": "ForEach - trigger file - get latest file date",
				"type": "ForEach",
				"dependsOn": [
					{
						"activity": "fil - mr trigger files only",
						"dependencyConditions": [
							"Succeeded"
						]
					}
				],
				"userProperties": [],
				"typeProperties": {
					"items": {
						"value": "@activity('fil - mr trigger files only').output.value",
						"type": "Expression"
					},
					"isSequential": false,
					"batchCount": 50,
					"activities": [
						{
							"name": "copy - mr trigger file to new archive folder",
							"type": "Copy",
							"dependsOn": [],
							"policy": {
								"timeout": "7.00:00:00",
								"retry": 0,
								"retryIntervalInSeconds": 30,
								"secureOutput": false,
								"secureInput": false
							},
							"userProperties": [],
							"typeProperties": {
								"source": {
									"type": "DelimitedTextSource",
									"storeSettings": {
										"type": "AzureBlobFSReadSettings",
										"recursive": false,
										"enablePartitionDiscovery": false
									},
									"formatSettings": {
										"type": "DelimitedTextReadSettings"
									}
								},
								"sink": {
									"type": "DelimitedTextSink",
									"storeSettings": {
										"type": "AzureBlobFSWriteSettings"
									},
									"formatSettings": {
										"type": "DelimitedTextWriteSettings",
										"quoteAllText": true,
										"fileExtension": ".txt"
									}
								},
								"enableStaging": false,
								"dataIntegrationUnits": 32
							},
							"inputs": [
								{
									"referenceName": "ds_adls_ext_file_edp",
									"type": "DatasetReference",
									"parameters": {
										"dsPar_EDP_File_Name": {
											"value": "@item().name",
											"type": "Expression"
										},
										"dsPar_EDP_Container_Name": {
											"value": "@pipeline().parameters.plnPar_SrcContainerName",
											"type": "Expression"
										},
										"dsPar_EDP_Folder_Name": {
											"value": "@pipeline().parameters.plnPar_SrcFolderName",
											"type": "Expression"
										}
									}
								}
							],
							"outputs": [
								{
									"referenceName": "ds_adls_ext_folder_edp",
									"type": "DatasetReference",
									"parameters": {
										"dsPar_EDP_Container_Name": {
											"value": "@pipeline().parameters.plnPar_TgtContainerName",
											"type": "Expression"
										},
										"dsPar_EDP_Folder_Name": {
											"value": "@concat(pipeline().parameters.plnPar_TgtFolderName,IF(equals(pipeline().parameters.plnPar_TgtSubFolderOverride,1),'',concat('\\',substring(replace(item().name,'MRCycleComplete_',''),0,6))))",
											"type": "Expression"
										},
										"dsPar_QuoteChar": "\""
									}
								}
							]
						},
						{
							"name": "delete - trigger file from source folder_copy1",
							"type": "Delete",
							"dependsOn": [
								{
									"activity": "copy - mr trigger file to new archive folder",
									"dependencyConditions": [
										"Succeeded"
									]
								}
							],
							"policy": {
								"timeout": "7.00:00:00",
								"retry": 0,
								"retryIntervalInSeconds": 30,
								"secureOutput": false,
								"secureInput": false
							},
							"userProperties": [],
							"typeProperties": {
								"dataset": {
									"referenceName": "ds_adls_ext_file_edp",
									"type": "DatasetReference",
									"parameters": {
										"dsPar_EDP_File_Name": {
											"value": "@item().name",
											"type": "Expression"
										},
										"dsPar_EDP_Container_Name": {
											"value": "@pipeline().parameters.plnPar_SrcContainerName",
											"type": "Expression"
										},
										"dsPar_EDP_Folder_Name": {
											"value": "@pipeline().parameters.plnPar_SrcFolderName",
											"type": "Expression"
										}
									}
								},
								"enableLogging": false,
								"storeSettings": {
									"type": "AzureBlobFSReadSettings",
									"recursive": false,
									"enablePartitionDiscovery": false
								}
							}
						}
					]
				}
			},
			{
				"name": "fil - mr trigger files only",
				"type": "Filter",
				"dependsOn": [
					{
						"activity": "Get Metadata - mr triggers folder details",
						"dependencyConditions": [
							"Succeeded"
						]
					}
				],
				"userProperties": [],
				"typeProperties": {
					"items": {
						"value": "@activity('Get Metadata - mr triggers folder details').output.childItems",
						"type": "Expression"
					},
					"condition": {
						"value": "@and(equals(item().type,'File'), contains(item().name,'MRCycleComplete'))",
						"type": "Expression"
					}
				}
			}
		],
		"parameters": {
			"plnPar_SrcContainerName": {
				"type": "string",
				"defaultValue": "inbound-fpi"
			},
			"plnPar_SrcFolderName": {
				"type": "string",
				"defaultValue": "mr-triggers\\archive"
			},
			"plnPar_TgtContainerName": {
				"type": "string",
				"defaultValue": "inbound-fpi"
			},
			"plnPar_TgtFolderName": {
				"type": "string",
				"defaultValue": "mr-triggers\\archive"
			},
			"plnPar_TgtSubFolderOverride": {
				"type": "int",
				"defaultValue": 0
			}
		},
		"variables": {
			"plnVar_FileLastModified": {
				"type": "String"
			}
		},
		"folder": {
			"name": "90 - Helper"
		},
		"annotations": [],
		"lastPublishTime": "2022-09-06T14:47:16Z"
	},
	"type": "Microsoft.DataFactory/factories/pipelines"
}