{
	"name": "pln_load_arcgis_get_all_file_info",
	"properties": {
		"activities": [
			{
				"name": "Get Metadata ADLS Folder",
				"type": "GetMetadata",
				"dependsOn": [],
				"policy": {
					"timeout": "0.12:00:00",
					"retry": 0,
					"retryIntervalInSeconds": 30,
					"secureOutput": false,
					"secureInput": false
				},
				"userProperties": [],
				"typeProperties": {
					"dataset": {
						"referenceName": "ds_adls_raw_binary_folder",
						"type": "DatasetReference",
						"parameters": {
							"dsPar_Container": {
								"value": "@pipeline().parameters.plnPar_SrcContainer",
								"type": "Expression"
							},
							"dsPar_Folder": {
								"value": "@pipeline().parameters.plnPar_SrcFolder",
								"type": "Expression"
							}
						}
					},
					"fieldList": [
						"childItems"
					],
					"storeSettings": {
						"type": "AzureBlobFSReadSettings",
						"recursive": true,
						"enablePartitionDiscovery": false
					},
					"formatSettings": {
						"type": "BinaryReadSettings"
					}
				}
			},
			{
				"name": "Filter Files",
				"type": "Filter",
				"dependsOn": [
					{
						"activity": "Get Metadata ADLS Folder",
						"dependencyConditions": [
							"Succeeded"
						]
					}
				],
				"userProperties": [],
				"typeProperties": {
					"items": {
						"value": "@activity('Get Metadata ADLS Folder').output.childItems",
						"type": "Expression"
					},
					"condition": {
						"value": "@equals(item().type, 'File')",
						"type": "Expression"
					}
				}
			},
			{
				"name": "ForEach File",
				"type": "ForEach",
				"dependsOn": [
					{
						"activity": "Filter Files",
						"dependencyConditions": [
							"Succeeded"
						]
					}
				],
				"userProperties": [],
				"typeProperties": {
					"items": {
						"value": "@activity('Filter Files').output.value",
						"type": "Expression"
					},
					"isSequential": true,
					"activities": [
						{
							"name": "Set variable plnVar_FileName",
							"type": "SetVariable",
							"dependsOn": [],
							"policy": {
								"secureOutput": false,
								"secureInput": false
							},
							"userProperties": [],
							"typeProperties": {
								"variableName": "plnVar_FileName",
								"value": {
									"value": "@item().name",
									"type": "Expression"
								}
							}
						},
						{
							"name": "Lookup First Line",
							"type": "Lookup",
							"dependsOn": [
								{
									"activity": "Set variable plnVar_FileName",
									"dependencyConditions": [
										"Succeeded"
									]
								}
							],
							"policy": {
								"timeout": "0.12:00:00",
								"retry": 0,
								"retryIntervalInSeconds": 30,
								"secureOutput": false,
								"secureInput": false
							},
							"userProperties": [],
							"typeProperties": {
								"source": {
									"type": "DelimitedTextSource",
									"storeSettings": {
										"type": "AzureBlobFSReadSettings",
										"recursive": true,
										"enablePartitionDiscovery": false
									},
									"formatSettings": {
										"type": "DelimitedTextReadSettings"
									}
								},
								"dataset": {
									"referenceName": "ds_adls_raw_arcgis_file_no_header",
									"type": "DatasetReference",
									"parameters": {
										"dsPar_Container": {
											"value": "@pipeline().parameters.plnPar_SrcContainer",
											"type": "Expression"
										},
										"dsPar_Folder": {
											"value": "@pipeline().parameters.plnPar_SrcFolder",
											"type": "Expression"
										},
										"dsPar_File": {
											"value": "@variables('plnVar_FileName')",
											"type": "Expression"
										},
										"dsPar_Delim": "^"
									}
								}
							}
						},
						{
							"name": "Script load initial file info",
							"type": "Script",
							"dependsOn": [
								{
									"activity": "Lookup First Line",
									"dependencyConditions": [
										"Succeeded"
									]
								}
							],
							"policy": {
								"timeout": "0.12:00:00",
								"retry": 0,
								"retryIntervalInSeconds": 30,
								"secureOutput": false,
								"secureInput": false
							},
							"userProperties": [],
							"linkedServiceName": {
								"referenceName": "lnks_arcgis_asqldb_nwedw",
								"type": "LinkedServiceReference"
							},
							"typeProperties": {
								"scripts": [
									{
										"type": "Query",
										"text": {
											"value": "@concat('insert into ',\n    pipeline().parameters.plnPar_TgtSchema, '.', pipeline().parameters.plnPar_TgtTable, \n    '(file_type, file_name, container, folder, first_line) values (''',\n    pipeline().parameters.plnPar_SrcType,''',''',\n    variables('plnVar_FileName'),''',''',\n    pipeline().parameters.plnPar_SrcContainer,''',''',\n    pipeline().parameters.plnPar_SrcFolder,''',''',\n    activity('Lookup First Line').output.firstRow.Prop_0,\n    ''')'\n)",
											"type": "Expression"
										}
									}
								],
								"scriptBlockExecutionTimeout": "02:00:00"
							}
						}
					]
				}
			}
		],
		"parameters": {
			"plnPar_SrcContainer": {
				"type": "string"
			},
			"plnPar_SrcFolder": {
				"type": "string"
			},
			"plnPar_SrcType": {
				"type": "string"
			},
			"plnPar_TgtSchema": {
				"type": "string"
			},
			"plnPar_TgtTable": {
				"type": "string"
			}
		},
		"variables": {
			"plnVar_FileName": {
				"type": "String"
			}
		},
		"folder": {
			"name": "31 - Staging/ArcGIS"
		},
		"annotations": [],
		"lastPublishTime": "2023-12-04T22:03:25Z"
	},
	"type": "Microsoft.DataFactory/factories/pipelines"
}