{
	"name": "pln_sch_ongoing_q2eve_qa",
	"properties": {
		"description": "this pipeline is a schedule pipeline that will be scheduled to run goal reporting ongoing data.",
		"activities": [
			{
				"name": "pln_run_schedule - gr - ongoing",
				"type": "ExecutePipeline",
				"dependsOn": [],
				"policy": {
					"secureInput": false
				},
				"userProperties": [],
				"typeProperties": {
					"pipeline": {
						"referenceName": "pln_run_schedule",
						"type": "PipelineReference"
					},
					"waitOnCompletion": true,
					"parameters": {
						"plnPar_ScheduleName": {
							"value": "@pipeline().parameters.plnPar_ScheduleName",
							"type": "Expression"
						}
					}
				}
			}
		],
		"parameters": {
			"plnPar_ScheduleName": {
				"type": "string",
				"defaultValue": "EDW_Daily_Q2EVE_QA"
			}
		},
		"folder": {
			"name": "11 - Orchestration/schedule/02 - ongoing"
		},
		"annotations": [],
		"lastPublishTime": "2024-11-04T07:15:24Z"
	},
	"type": "Microsoft.DataFactory/factories/pipelines"
}