{
	"name": "pln_sch_ongoing_mr_gr_trigger",
	"properties": {
		"activities": [
			{
				"name": "UntilEDPloadComplete",
				"type": "Until",
				"dependsOn": [],
				"userProperties": [],
				"typeProperties": {
					"expression": {
						"value": "@bool(variables('plnVar_isEDPCompleted'))",
						"type": "Expression"
					},
					"activities": [
						{
							"name": "LookupEDPloadStatus",
							"type": "Lookup",
							"dependsOn": [],
							"policy": {
								"timeout": "0.12:00:00",
								"retry": 0,
								"retryIntervalInSeconds": 30,
								"secureOutput": false,
								"secureInput": false
							},
							"userProperties": [],
							"typeProperties": {
								"source": {
									"type": "AzureSqlSource",
									"sqlReaderQuery": "select a.schedule_run_status_cd, a.update_ts\r\nfrom mgmt.schedule_run a\r\ninner join mgmt.schedule b\r\non a.schedule_sk = b.schedule_sk\r\nwhere b.schedule_nm = 'EDW_OnDemand_EDP'",
									"queryTimeout": "02:00:00",
									"partitionOption": "None"
								},
								"dataset": {
									"referenceName": "ds_asqldb_edw_table",
									"type": "DatasetReference",
									"parameters": {
										"dsPar_SchemaName": "mgmt",
										"dsPar_TableName": "schedule_run"
									}
								}
							}
						},
						{
							"name": "If EDP load is completed",
							"type": "IfCondition",
							"dependsOn": [
								{
									"activity": "LookupEDPloadStatus",
									"dependencyConditions": [
										"Succeeded"
									]
								}
							],
							"userProperties": [],
							"typeProperties": {
								"expression": {
									"value": "@equals(activity('LookupEDPloadStatus').output.firstRow.schedule_run_status_cd, 'COMPLETE')\r\n",
									"type": "Expression"
								},
								"ifFalseActivities": [
									{
										"name": "WaitEDPLoadComplete",
										"type": "Wait",
										"dependsOn": [],
										"userProperties": [],
										"typeProperties": {
											"waitTimeInSeconds": 300
										}
									}
								],
								"ifTrueActivities": [
									{
										"name": "Set Status",
										"type": "SetVariable",
										"dependsOn": [],
										"policy": {
											"secureOutput": false,
											"secureInput": false
										},
										"userProperties": [],
										"typeProperties": {
											"variableName": "plnVar_isEDPCompleted",
											"value": true
										}
									}
								]
							}
						}
					],
					"timeout": "0.06:00:00"
				}
			},
			{
				"name": "UntilGRloadComplete",
				"type": "Until",
				"dependsOn": [
					{
						"activity": "Until_FWX_GR_loadComplete",
						"dependencyConditions": [
							"Succeeded"
						]
					}
				],
				"userProperties": [],
				"typeProperties": {
					"expression": {
						"value": "@bool(variables('plnVar_isGRCompleted'))",
						"type": "Expression"
					},
					"activities": [
						{
							"name": "lkp-Check GR_Last_run",
							"type": "Lookup",
							"dependsOn": [],
							"policy": {
								"timeout": "0.12:00:00",
								"retry": 0,
								"retryIntervalInSeconds": 30,
								"secureOutput": false,
								"secureInput": false
							},
							"userProperties": [],
							"typeProperties": {
								"source": {
									"type": "AzureSqlSource",
									"sqlReaderQuery": "select distinct t.dummy_cd,  cast(schedule_run_dt as date) as schedule_run_dt,schedule_run_status_cd as status_code,\r\niif(cast(schedule_run_dt as date) = cast(getdate() as date),1,0) as today_run\r\nfrom (select '1' as dummy_cd) t\r\nleft outer join\r\nmgmt.schedule_run sctr\r\non 1=1 \r\ninner join \r\nmgmt.schedule s\r\non s.schedule_sk =sctr.schedule_sk\r\nwhere   s.schedule_nm= 'EDW_Daily_GR'",
									"queryTimeout": "02:00:00",
									"partitionOption": "None"
								},
								"dataset": {
									"referenceName": "ds_asqldb_edw_table",
									"type": "DatasetReference",
									"parameters": {
										"dsPar_SchemaName": "mgmt",
										"dsPar_TableName": "schedule_run"
									}
								}
							}
						},
						{
							"name": "If ConditionGR",
							"type": "IfCondition",
							"dependsOn": [
								{
									"activity": "lkp-Check GR_Last_run",
									"dependencyConditions": [
										"Succeeded"
									]
								}
							],
							"userProperties": [],
							"typeProperties": {
								"expression": {
									"value": "@and(equals(activity('lkp-Check GR_Last_run').output.firstRow.today_run,0),equals(activity('lkp-Check GR_Last_run').output.firstRow.status_code,'COMPLETE'))\n",
									"type": "Expression"
								},
								"ifFalseActivities": [
									{
										"name": "WaitGRLoadComplete",
										"type": "Wait",
										"dependsOn": [],
										"userProperties": [],
										"typeProperties": {
											"waitTimeInSeconds": 300
										}
									}
								],
								"ifTrueActivities": [
									{
										"name": "Set variable_GR",
										"type": "SetVariable",
										"dependsOn": [],
										"policy": {
											"secureOutput": false,
											"secureInput": false
										},
										"userProperties": [],
										"typeProperties": {
											"variableName": "plnVar_isGRCompleted",
											"value": true
										}
									}
								]
							}
						}
					],
					"timeout": "0.06:00:00"
				}
			},
			{
				"name": "pln_run_schedule - gr - ongoing",
				"type": "ExecutePipeline",
				"dependsOn": [
					{
						"activity": "UntilGRloadComplete",
						"dependencyConditions": [
							"Succeeded"
						]
					}
				],
				"policy": {
					"secureInput": false
				},
				"userProperties": [],
				"typeProperties": {
					"pipeline": {
						"referenceName": "pln_sch_ongoing_gr",
						"type": "PipelineReference"
					},
					"waitOnCompletion": true,
					"parameters": {
						"plnPar_ScheduleName": {
							"value": "@pipeline().parameters.plnPar_ScheduleName_GR",
							"type": "Expression"
						}
					}
				}
			},
			{
				"name": "Get Metadata - MR triggers folder details",
				"type": "GetMetadata",
				"dependsOn": [
					{
						"activity": "pln_run_schedule - gr - ongoing",
						"dependencyConditions": [
							"Succeeded"
						]
					}
				],
				"policy": {
					"timeout": "0.12:00:00",
					"retry": 0,
					"retryIntervalInSeconds": 30,
					"secureOutput": false,
					"secureInput": false
				},
				"userProperties": [],
				"typeProperties": {
					"dataset": {
						"referenceName": "ds_adls_ext_folder_edp",
						"type": "DatasetReference",
						"parameters": {
							"dsPar_EDP_Container_Name": "inbound-fpi",
							"dsPar_EDP_Folder_Name": "mr-triggers",
							"dsPar_QuoteChar": "\""
						}
					},
					"fieldList": [
						"itemType",
						"itemName",
						"childItems"
					],
					"storeSettings": {
						"type": "AzureBlobFSReadSettings",
						"recursive": true,
						"enablePartitionDiscovery": false
					},
					"formatSettings": {
						"type": "DelimitedTextReadSettings"
					}
				}
			},
			{
				"name": "FilterMRFiles",
				"type": "Filter",
				"dependsOn": [
					{
						"activity": "Get Metadata - MR triggers folder details",
						"dependencyConditions": [
							"Succeeded"
						]
					}
				],
				"userProperties": [],
				"typeProperties": {
					"items": {
						"value": "@activity('Get Metadata - MR triggers folder details').output.childItems",
						"type": "Expression"
					},
					"condition": {
						"value": "@and(equals(item().type,'File'),\nstartswith(item().name, 'MRCycleComplete_'))",
						"type": "Expression"
					}
				}
			},
			{
				"name": "ForEachMRFiles",
				"type": "ForEach",
				"dependsOn": [
					{
						"activity": "FilterMRFiles",
						"dependencyConditions": [
							"Succeeded"
						]
					}
				],
				"userProperties": [],
				"typeProperties": {
					"items": {
						"value": "@activity('FilterMRFiles').output.value",
						"type": "Expression"
					},
					"isSequential": true,
					"activities": [
						{
							"name": "Copy MR Trigger File",
							"type": "Copy",
							"dependsOn": [],
							"policy": {
								"timeout": "0.12:00:00",
								"retry": 0,
								"retryIntervalInSeconds": 30,
								"secureOutput": false,
								"secureInput": false
							},
							"userProperties": [],
							"typeProperties": {
								"source": {
									"type": "DelimitedTextSource",
									"storeSettings": {
										"type": "AzureBlobFSReadSettings",
										"recursive": false,
										"enablePartitionDiscovery": false
									},
									"formatSettings": {
										"type": "DelimitedTextReadSettings"
									}
								},
								"sink": {
									"type": "DelimitedTextSink",
									"storeSettings": {
										"type": "AzureBlobFSWriteSettings"
									},
									"formatSettings": {
										"type": "DelimitedTextWriteSettings",
										"quoteAllText": true,
										"fileExtension": ".txt"
									}
								},
								"enableStaging": false,
								"translator": {
									"type": "TabularTranslator",
									"typeConversion": true,
									"typeConversionSettings": {
										"allowDataTruncation": true,
										"treatBooleanAsNumber": false
									}
								}
							},
							"inputs": [
								{
									"referenceName": "ds_adls_ext_file_edp",
									"type": "DatasetReference",
									"parameters": {
										"dsPar_EDP_File_Name": {
											"value": "@item().name",
											"type": "Expression"
										},
										"dsPar_EDP_Container_Name": "inbound-fpi",
										"dsPar_EDP_Folder_Name": "mr-triggers"
									}
								}
							],
							"outputs": [
								{
									"referenceName": "ds_adls_ext_file_edp",
									"type": "DatasetReference",
									"parameters": {
										"dsPar_EDP_File_Name": "@item().name",
										"dsPar_EDP_Container_Name": "inbound-fpi",
										"dsPar_EDP_Folder_Name": {
											"value": "@concat(\n\n\t'mr-triggers', '\\',\n\t'archive','\\',\n\tsubstring(replace(item().name,'MRCycleComplete_',''),0,6))",
											"type": "Expression"
										}
									}
								}
							]
						},
						{
							"name": "DeleteMR_SourceFile",
							"type": "Delete",
							"dependsOn": [
								{
									"activity": "Copy MR Trigger File",
									"dependencyConditions": [
										"Succeeded"
									]
								}
							],
							"policy": {
								"timeout": "0.12:00:00",
								"retry": 0,
								"retryIntervalInSeconds": 30,
								"secureOutput": false,
								"secureInput": false
							},
							"userProperties": [],
							"typeProperties": {
								"dataset": {
									"referenceName": "ds_adls_ext_file_edp",
									"type": "DatasetReference",
									"parameters": {
										"dsPar_EDP_File_Name": "@item().name",
										"dsPar_EDP_Container_Name": "inbound-fpi",
										"dsPar_EDP_Folder_Name": "mr-triggers"
									}
								},
								"enableLogging": false,
								"storeSettings": {
									"type": "AzureBlobFSReadSettings",
									"recursive": true,
									"enablePartitionDiscovery": false
								}
							}
						}
					]
				}
			},
			{
				"name": "lkp-Check MR_Last_run",
				"type": "Lookup",
				"dependsOn": [
					{
						"activity": "UntilEDPloadComplete",
						"dependencyConditions": [
							"Succeeded"
						]
					}
				],
				"policy": {
					"timeout": "0.12:00:00",
					"retry": 0,
					"retryIntervalInSeconds": 30,
					"secureOutput": false,
					"secureInput": false
				},
				"userProperties": [],
				"typeProperties": {
					"source": {
						"type": "AzureSqlSource",
						"sqlReaderQuery": "select distinct t.dummy_cd,  cast(schedule_run_dt as date) as schedule_run_dt,schedule_run_status_cd as status_code,\r\niif(cast(schedule_run_dt as date) = cast(getdate() as date),1,0) as today_run\r\nfrom (select '1' as dummy_cd) t\r\nleft outer join\r\nmgmt.schedule_run sctr\r\non 1=1 \r\ninner join \r\nmgmt.schedule s\r\non s.schedule_sk =sctr.schedule_sk\r\nwhere   s.schedule_nm= 'EDW_Daily_MR'",
						"queryTimeout": "02:00:00",
						"partitionOption": "None"
					},
					"dataset": {
						"referenceName": "ds_asqldb_edw_table",
						"type": "DatasetReference",
						"parameters": {
							"dsPar_SchemaName": "mgmt",
							"dsPar_TableName": "schedule_run"
						}
					}
				}
			},
			{
				"name": "If ConditionMR",
				"type": "IfCondition",
				"dependsOn": [
					{
						"activity": "lkp-Check MR_Last_run",
						"dependencyConditions": [
							"Succeeded"
						]
					}
				],
				"userProperties": [],
				"typeProperties": {
					"expression": {
						"value": "@and(equals(activity('lkp-Check MR_Last_run').output.firstRow.today_run,0),equals(activity('lkp-Check MR_Last_run').output.firstRow.status_code,'COMPLETE'))\n",
						"type": "Expression"
					},
					"ifFalseActivities": [
						{
							"name": "Failed",
							"type": "Fail",
							"dependsOn": [],
							"userProperties": [],
							"typeProperties": {
								"message": "MR Trigger scenario has not been satisfied",
								"errorCode": "500"
							}
						}
					],
					"ifTrueActivities": [
						{
							"name": "Set variable_MR",
							"type": "SetVariable",
							"dependsOn": [],
							"policy": {
								"secureOutput": false,
								"secureInput": false
							},
							"userProperties": [],
							"typeProperties": {
								"variableName": "plnVar_isMRCompleted",
								"value": true
							}
						}
					]
				}
			},
			{
				"name": "update_status",
				"type": "Script",
				"dependsOn": [
					{
						"activity": "ForEachMRFiles",
						"dependencyConditions": [
							"Succeeded"
						]
					}
				],
				"policy": {
					"timeout": "0.12:00:00",
					"retry": 0,
					"retryIntervalInSeconds": 30,
					"secureOutput": false,
					"secureInput": false
				},
				"userProperties": [],
				"linkedServiceName": {
					"referenceName": "lnks_edw_asqldb_nwedw",
					"type": "LinkedServiceReference"
				},
				"typeProperties": {
					"scripts": [
						{
							"type": "Query",
							"text": "update mrfl\r\nset mrfl.file_processed_status_cd ='PROCESSED'\r\nfrom mgmt.mr_trigger_file_log mrfl\r\nJOIN work.mgmt_mr_trigger_file_log wrk\r\non mrfl.file_nm =wrk.file_nm\r\nwhere wrk.mr_trigger_params_sk =1 "
						}
					],
					"scriptBlockExecutionTimeout": "02:00:00"
				}
			},
			{
				"name": "Until_FWX_GR_loadComplete",
				"type": "Until",
				"dependsOn": [
					{
						"activity": "pln_run_schedule - mr - ongoing",
						"dependencyConditions": [
							"Succeeded"
						]
					}
				],
				"userProperties": [],
				"typeProperties": {
					"expression": {
						"value": "@bool(variables('plnVar_isFWXGRCompleted'))",
						"type": "Expression"
					},
					"activities": [
						{
							"name": "lkp-Check FWX_GR_Last_run",
							"type": "Lookup",
							"dependsOn": [],
							"policy": {
								"timeout": "0.12:00:00",
								"retry": 0,
								"retryIntervalInSeconds": 30,
								"secureOutput": false,
								"secureInput": false
							},
							"userProperties": [],
							"typeProperties": {
								"source": {
									"type": "AzureSqlSource",
									"sqlReaderQuery": "select distinct t.dummy_cd,  cast(schedule_run_dt as date) as schedule_run_dt,schedule_run_status_cd as status_code,\r\niif(cast(schedule_run_dt as date) = cast(getdate() as date),1,0) as today_run\r\nfrom (select '1' as dummy_cd) t\r\nleft outer join\r\nmgmt.schedule_run sctr\r\non 1=1 \r\ninner join \r\nmgmt.schedule s\r\non s.schedule_sk =sctr.schedule_sk\r\nwhere   s.schedule_nm= 'EDW_Daily_FWX_GR'",
									"queryTimeout": "02:00:00",
									"partitionOption": "None"
								},
								"dataset": {
									"referenceName": "ds_asqldb_edw_table",
									"type": "DatasetReference",
									"parameters": {
										"dsPar_SchemaName": "mgmt",
										"dsPar_TableName": "schedule_run"
									}
								}
							}
						},
						{
							"name": "If Condition_FWX_GR",
							"type": "IfCondition",
							"dependsOn": [
								{
									"activity": "lkp-Check FWX_GR_Last_run",
									"dependencyConditions": [
										"Succeeded"
									]
								}
							],
							"userProperties": [],
							"typeProperties": {
								"expression": {
									"value": "@and(equals(activity('lkp-Check FWX_GR_Last_run').output.firstRow.today_run,1),equals(activity('lkp-Check FWX_GR_Last_run').output.firstRow.status_code,'COMPLETE'))\n",
									"type": "Expression"
								},
								"ifFalseActivities": [
									{
										"name": "WaitFWXGRLoadComplete",
										"type": "Wait",
										"dependsOn": [],
										"userProperties": [],
										"typeProperties": {
											"waitTimeInSeconds": 300
										}
									}
								],
								"ifTrueActivities": [
									{
										"name": "Set variable_FWX_GR",
										"type": "SetVariable",
										"dependsOn": [],
										"policy": {
											"secureOutput": false,
											"secureInput": false
										},
										"userProperties": [],
										"typeProperties": {
											"variableName": "plnVar_isFWXGRCompleted",
											"value": true
										}
									}
								]
							}
						}
					],
					"timeout": "0.06:00:00"
				}
			},
			{
				"name": "lkp-update next rundate",
				"type": "Lookup",
				"dependsOn": [
					{
						"activity": "If ConditionMR",
						"dependencyConditions": [
							"Succeeded"
						]
					}
				],
				"policy": {
					"timeout": "0.12:00:00",
					"retry": 0,
					"retryIntervalInSeconds": 30,
					"secureOutput": false,
					"secureInput": false
				},
				"userProperties": [],
				"typeProperties": {
					"source": {
						"type": "AzureSqlSource",
						"sqlReaderQuery": "DECLARE @DATE DATE;\r\nSET @DATE = getdate() AT TIME ZONE 'Pacific Standard Time';\r\n\r\nUPDATE mgmt.schedule set next_run_dt = @DATE\r\nWHERE schedule_nm in ('EDW_Daily_MR', 'EDW_Daily_GR');\r\n\r\nSELECT next_run_dt,schedule_nm\r\nFROM mgmt.schedule\r\nWHERE schedule_nm in ('EDW_Daily_MR', 'EDW_Daily_GR');",
						"queryTimeout": "02:00:00",
						"partitionOption": "None"
					},
					"dataset": {
						"referenceName": "ds_asqldb_edw_table",
						"type": "DatasetReference",
						"parameters": {
							"dsPar_SchemaName": "mgmt",
							"dsPar_TableName": "schedule"
						}
					}
				}
			},
			{
				"name": "pln_run_schedule - mr - ongoing",
				"type": "ExecutePipeline",
				"dependsOn": [
					{
						"activity": "lkp-update next rundate",
						"dependencyConditions": [
							"Succeeded"
						]
					}
				],
				"policy": {
					"secureInput": false
				},
				"userProperties": [],
				"typeProperties": {
					"pipeline": {
						"referenceName": "pln_sch_ongoing_mr",
						"type": "PipelineReference"
					},
					"waitOnCompletion": true,
					"parameters": {
						"plnPar_ScheduleName": {
							"value": "@pipeline().parameters.plnPar_ScheduleName_MR",
							"type": "Expression"
						}
					}
				}
			}
		],
		"parameters": {
			"plnPar_ScheduleName_MR": {
				"type": "string",
				"defaultValue": "EDW_Daily_MR"
			},
			"plnPar_ScheduleName_GR": {
				"type": "string",
				"defaultValue": "EDW_Daily_GR"
			},
			"plnPar_ScheduleName_FWX_MR": {
				"type": "string",
				"defaultValue": "EDW_Daily_FWX_MR"
			},
			"plnPar_ScheduleName_FWX_GR": {
				"type": "string",
				"defaultValue": "EDW_Daily_FWX_GR"
			}
		},
		"variables": {
			"plnVar_isEDPCompleted": {
				"type": "Boolean",
				"defaultValue": false
			},
			"plnVar_isMRCompleted": {
				"type": "Boolean",
				"defaultValue": false
			},
			"plnVar_isGRCompleted": {
				"type": "Boolean",
				"defaultValue": false
			},
			"plnVar_isFWXMRCompleted": {
				"type": "Boolean",
				"defaultValue": false
			},
			"plnVar_isFWXGRCompleted": {
				"type": "Boolean",
				"defaultValue": false
			}
		},
		"folder": {
			"name": "11 - Orchestration/schedule/02 - ongoing"
		},
		"annotations": [],
		"lastPublishTime": "2024-09-10T16:14:04Z"
	},
	"type": "Microsoft.DataFactory/factories/pipelines"
}