{
	"name": "pln_sch_ongoing_mls_trigger",
	"properties": {
		"activities": [
			{
				"name": "Until current day mls file arrives",
				"type": "Until",
				"dependsOn": [],
				"userProperties": [],
				"typeProperties": {
					"expression": {
						"value": "@equals(activity('Get Metadata1').output.exists,true)",
						"type": "Expression"
					},
					"activities": [
						{
							"name": "set current date",
							"type": "SetVariable",
							"dependsOn": [],
							"policy": {
								"secureOutput": false,
								"secureInput": false
							},
							"userProperties": [],
							"typeProperties": {
								"variableName": "currentdate",
								"value": {
									"value": "@formatDateTime(utcnow(),'yyyyMMdd')\n",
									"type": "Expression"
								}
							}
						},
						{
							"name": "Get Metadata1",
							"type": "GetMetadata",
							"dependsOn": [
								{
									"activity": "set current date",
									"dependencyConditions": [
										"Succeeded"
									]
								}
							],
							"policy": {
								"timeout": "0.12:00:00",
								"retry": 0,
								"retryIntervalInSeconds": 30,
								"secureOutput": false,
								"secureInput": false
							},
							"userProperties": [],
							"typeProperties": {
								"dataset": {
									"referenceName": "ds_ftp_mls",
									"type": "DatasetReference",
									"parameters": {
										"Folder_Name": {
											"value": "@pipeline().parameters.plnPar_SrcFolderName",
											"type": "Expression"
										},
										"File_Name": {
											"value": "@concat('AGWEST_',variables('currentdate'),'.zip')\n",
											"type": "Expression"
										}
									}
								},
								"fieldList": [
									"exists"
								],
								"storeSettings": {
									"type": "FtpReadSettings",
									"recursive": true,
									"enablePartitionDiscovery": false,
									"useBinaryTransfer": true,
									"disableChunking": false
								},
								"formatSettings": {
									"type": "BinaryReadSettings"
								}
							}
						}
					],
					"timeout": "0.06:00:00"
				}
			},
			{
				"name": "Execute MLS ongoing load",
				"type": "ExecutePipeline",
				"dependsOn": [
					{
						"activity": "Until current day mls file arrives",
						"dependencyConditions": [
							"Succeeded"
						]
					}
				],
				"policy": {
					"secureInput": false
				},
				"userProperties": [],
				"typeProperties": {
					"pipeline": {
						"referenceName": "pln_sch_ongoing_arcgis_mls",
						"type": "PipelineReference"
					},
					"waitOnCompletion": true
				}
			}
		],
		"parameters": {
			"plnPar_SrcFolderName": {
				"type": "string",
				"defaultValue": "Outgoing/Listinganalyticscustom"
			}
		},
		"variables": {
			"currentdate": {
				"type": "String"
			},
			"plnVar_isMLSfile": {
				"type": "Boolean"
			}
		},
		"folder": {
			"name": "11 - Orchestration/schedule/02 - ongoing"
		},
		"annotations": [],
		"lastPublishTime": "2024-11-05T12:33:29Z"
	},
	"type": "Microsoft.DataFactory/factories/pipelines"
}