{
	"name": "pln_run_phase_arcgis",
	"properties": {
		"activities": [
			{
				"name": "lkp - tasks to run ordered by priority",
				"type": "Lookup",
				"dependsOn": [],
				"policy": {
					"timeout": "7.00:00:00",
					"retry": 0,
					"retryIntervalInSeconds": 30,
					"secureOutput": false,
					"secureInput": false
				},
				"userProperties": [],
				"typeProperties": {
					"source": {
						"type": "SqlMISource",
						"sqlReaderStoredProcedureName": "[meta_arcgis].[usp_get_tasks_to_run]",
						"storedProcedureParameters": {
							"in_BatchName": {
								"type": "String",
								"value": {
									"value": "@pipeline().parameters.plnPar_BatchName",
									"type": "Expression"
								}
							},
							"in_PhaseName": {
								"type": "String",
								"value": {
									"value": "@pipeline().parameters.plnPar_PhaseName",
									"type": "Expression"
								}
							},
							"in_ScheduleName": {
								"type": "String",
								"value": {
									"value": "@pipeline().parameters.plnPar_ScheduleName",
									"type": "Expression"
								}
							}
						},
						"queryTimeout": "02:00:00",
						"partitionOption": "None"
					},
					"dataset": {
						"referenceName": "ds_asqlmi_arcgis_tables",
						"type": "DatasetReference",
						"parameters": {
							"dsPar_TableName": {
								"value": "batch",
								"type": "Expression"
							},
							"dsPar_SchemaName": {
								"value": "meta_arcgis",
								"type": "Expression"
							}
						}
					}
				}
			},
			{
				"name": "Set var - remaining task priorities",
				"type": "SetVariable",
				"dependsOn": [
					{
						"activity": "lkp - tasks to run ordered by priority",
						"dependencyConditions": [
							"Succeeded"
						]
					}
				],
				"policy": {
					"secureOutput": false,
					"secureInput": false
				},
				"userProperties": [],
				"typeProperties": {
					"variableName": "plnVar_RemainingTaskPriorities",
					"value": {
						"value": "@split(activity('lkp - tasks to run ordered by priority').output.firstRow.ActiveTasksTxt,';')",
						"type": "Expression"
					}
				}
			},
			{
				"name": "ForEach Task Priority",
				"type": "ForEach",
				"dependsOn": [
					{
						"activity": "Set var - remaining task priorities",
						"dependencyConditions": [
							"Succeeded"
						]
					},
					{
						"activity": "Set var Schedule Run Date",
						"dependencyConditions": [
							"Succeeded"
						]
					}
				],
				"userProperties": [],
				"typeProperties": {
					"items": {
						"value": "@variables('plnVar_RemainingTaskPriorities')",
						"type": "Expression"
					},
					"isSequential": true,
					"activities": [
						{
							"name": "set var - current priority task names",
							"type": "SetVariable",
							"dependsOn": [],
							"policy": {
								"secureOutput": false,
								"secureInput": false
							},
							"userProperties": [],
							"typeProperties": {
								"variableName": "PlnVar_CurrentPriorityTaskNames",
								"value": {
									"value": "@split(item(),'{')[1]",
									"type": "Expression"
								}
							}
						},
						{
							"name": "exec - run task priority",
							"type": "ExecutePipeline",
							"dependsOn": [
								{
									"activity": "set var - current priority task names",
									"dependencyConditions": [
										"Succeeded"
									]
								}
							],
							"policy": {
								"secureInput": false
							},
							"userProperties": [],
							"typeProperties": {
								"pipeline": {
									"referenceName": "pln_run_task_priority_arcgis",
									"type": "PipelineReference"
								},
								"waitOnCompletion": true,
								"parameters": {
									"plnPar_ScheduleName": {
										"value": "@pipeline().parameters.plnPar_ScheduleName",
										"type": "Expression"
									},
									"plnPar_Tasks": {
										"value": "@variables('PlnVar_CurrentPriorityTaskNames')",
										"type": "Expression"
									},
									"plnPar_ScheduleRunDate": {
										"value": "@variables('plnVar_ScheduleRunDate')",
										"type": "Expression"
									},
									"plnPar_PhaseName": {
										"value": "@pipeline().parameters.plnPar_PhaseName",
										"type": "Expression"
									},
									"plnPar_BatchName": {
										"value": "@pipeline().parameters.plnPar_BatchName",
										"type": "Expression"
									}
								}
							}
						}
					]
				}
			},
			{
				"name": "If Phase Run Status is still not FAILED",
				"type": "IfCondition",
				"dependsOn": [
					{
						"activity": "set var - current phase status",
						"dependencyConditions": [
							"Succeeded"
						]
					}
				],
				"userProperties": [],
				"typeProperties": {
					"expression": {
						"value": "@if(equals(variables('PlnVar_BatchRunStatus'),'FAILED'), False, True)",
						"type": "Expression"
					},
					"ifFalseActivities": [
						{
							"name": "exec - end batch - failed",
							"type": "ExecutePipeline",
							"dependsOn": [],
							"policy": {
								"secureInput": false
							},
							"userProperties": [],
							"typeProperties": {
								"pipeline": {
									"referenceName": "pln_orch_end_batch_arcgis",
									"type": "PipelineReference"
								},
								"waitOnCompletion": true,
								"parameters": {
									"plnPar_BatchName": {
										"value": "@pipeline().parameters.plnPar_BatchName",
										"type": "Expression"
									},
									"plnPar_BatchRunStatusCd": {
										"value": "FAILED",
										"type": "Expression"
									}
								}
							}
						},
						{
							"name": "exec - fail pipeline - stop batch due to phase failure",
							"type": "ExecutePipeline",
							"dependsOn": [
								{
									"activity": "exec - end batch - failed",
									"dependencyConditions": [
										"Succeeded"
									]
								}
							],
							"policy": {
								"secureInput": false
							},
							"userProperties": [],
							"typeProperties": {
								"pipeline": {
									"referenceName": "pln_fail_pipeline_template_arcgis",
									"type": "PipelineReference"
								},
								"waitOnCompletion": true
							}
						}
					],
					"ifTrueActivities": [
						{
							"name": "exec - end phase - complete",
							"type": "ExecutePipeline",
							"dependsOn": [],
							"policy": {
								"secureInput": false
							},
							"userProperties": [],
							"typeProperties": {
								"pipeline": {
									"referenceName": "pln_orch_end_phase_arcgis",
									"type": "PipelineReference"
								},
								"waitOnCompletion": true,
								"parameters": {
									"plnPar_BatchName": {
										"value": "@pipeline().parameters.plnPar_BatchName",
										"type": "Expression"
									},
									"plnPar_PhaseName": {
										"value": "@pipeline().parameters.plnPar_PhaseName",
										"type": "Expression"
									}
								}
							}
						}
					]
				}
			},
			{
				"name": "Set var Schedule Run Date",
				"type": "SetVariable",
				"dependsOn": [
					{
						"activity": "lkp - tasks to run ordered by priority",
						"dependencyConditions": [
							"Succeeded"
						]
					}
				],
				"policy": {
					"secureOutput": false,
					"secureInput": false
				},
				"userProperties": [],
				"typeProperties": {
					"variableName": "plnVar_ScheduleRunDate",
					"value": {
						"value": "@split(activity('lkp - tasks to run ordered by priority').output.firstRow.ActiveTasksTxt,'|||')[0]",
						"type": "Expression"
					}
				}
			},
			{
				"name": "lkp - get current phase status",
				"type": "Lookup",
				"dependsOn": [
					{
						"activity": "ForEach Task Priority",
						"dependencyConditions": [
							"Succeeded"
						]
					}
				],
				"policy": {
					"timeout": "7.00:00:00",
					"retry": 0,
					"retryIntervalInSeconds": 30,
					"secureOutput": false,
					"secureInput": false
				},
				"userProperties": [],
				"typeProperties": {
					"source": {
						"type": "SqlMISource",
						"sqlReaderStoredProcedureName": "[meta_arcgis].[usp_get_phase_run_details]",
						"storedProcedureParameters": {
							"in_BatchName": {
								"type": "String",
								"value": {
									"value": "@pipeline().parameters.plnPar_BatchName",
									"type": "Expression"
								}
							},
							"in_PhaseName": {
								"type": "String",
								"value": {
									"value": "@pipeline().parameters.plnPar_PhaseName",
									"type": "Expression"
								}
							},
							"in_ScheduleName": {
								"type": "String",
								"value": {
									"value": "@pipeline().parameters.plnPar_ScheduleName",
									"type": "Expression"
								}
							}
						},
						"queryTimeout": "02:00:00",
						"partitionOption": "None"
					},
					"dataset": {
						"referenceName": "ds_asqlmi_arcgis_tables",
						"type": "DatasetReference",
						"parameters": {
							"dsPar_TableName": {
								"value": "batch",
								"type": "Expression"
							},
							"dsPar_SchemaName": {
								"value": "meta_arcgis",
								"type": "Expression"
							}
						}
					}
				}
			},
			{
				"name": "set var - current phase status",
				"type": "SetVariable",
				"dependsOn": [
					{
						"activity": "lkp - get current phase status",
						"dependencyConditions": [
							"Succeeded"
						]
					}
				],
				"policy": {
					"secureOutput": false,
					"secureInput": false
				},
				"userProperties": [],
				"typeProperties": {
					"variableName": "plnVar_PhaseRunStatus",
					"value": {
						"value": "@activity('lkp - get current phase status').output.firstRow.phase_run_status_cd",
						"type": "Expression"
					}
				}
			},
			{
				"name": "exec - end batch - failed - for each task priorty",
				"type": "ExecutePipeline",
				"dependsOn": [
					{
						"activity": "exec - end phase - failed",
						"dependencyConditions": [
							"Succeeded"
						]
					}
				],
				"policy": {
					"secureInput": false
				},
				"userProperties": [],
				"typeProperties": {
					"pipeline": {
						"referenceName": "pln_orch_end_batch_arcgis",
						"type": "PipelineReference"
					},
					"waitOnCompletion": true,
					"parameters": {
						"plnPar_BatchName": {
							"value": "@pipeline().parameters.plnPar_BatchName",
							"type": "Expression"
						},
						"plnPar_BatchRunStatusCd": {
							"value": "FAILED",
							"type": "Expression"
						}
					}
				}
			},
			{
				"name": "exec - end phase - failed",
				"type": "ExecutePipeline",
				"dependsOn": [
					{
						"activity": "ForEach Task Priority",
						"dependencyConditions": [
							"Failed"
						]
					}
				],
				"policy": {
					"secureInput": false
				},
				"userProperties": [],
				"typeProperties": {
					"pipeline": {
						"referenceName": "pln_orch_end_phase_arcgis",
						"type": "PipelineReference"
					},
					"waitOnCompletion": true,
					"parameters": {
						"plnPar_BatchName": {
							"value": "@pipeline().parameters.plnPar_BatchName",
							"type": "Expression"
						},
						"plnPar_PhaseName": {
							"value": "@pipeline().parameters.plnPar_PhaseName",
							"type": "Expression"
						},
						"plnPar_PhaseRunStatusCd": "FAILED"
					}
				}
			},
			{
				"name": "exec - fail pipeline - stop - foreach task pri failed",
				"type": "Fail",
				"dependsOn": [
					{
						"activity": "exec - end batch - failed - for each task priorty",
						"dependencyConditions": [
							"Succeeded"
						]
					}
				],
				"userProperties": [],
				"typeProperties": {
					"message": "Failed to run phase",
					"errorCode": "100"
				}
			}
		],
		"parameters": {
			"plnPar_BatchName": {
				"type": "string",
				"defaultValue": "nCino_Staging_Daily"
			},
			"plnPar_PhaseName": {
				"type": "string",
				"defaultValue": "Land"
			},
			"plnPar_ScheduleName": {
				"type": "string",
				"defaultValue": "EDW_Daily"
			}
		},
		"variables": {
			"plnVar_RemainingTaskPriorities": {
				"type": "Array"
			},
			"plnVar_PhaseRunStatus": {
				"type": "String",
				"defaultValue": "SUCCEEDED"
			},
			"PlnVar_BatchRunStatus": {
				"type": "String"
			},
			"plnVar_ScheduleRunDate": {
				"type": "String"
			},
			"PlnVar_CurrentPriorityTaskNames": {
				"type": "String"
			}
		},
		"folder": {
			"name": "ArcGIS Land and Stage/Orchestration"
		},
		"annotations": [],
		"lastPublishTime": "2024-01-10T16:52:09Z"
	},
	"type": "Microsoft.DataFactory/factories/pipelines"
}