{
	"name": "pln_create_staging_tables",
	"properties": {
		"activities": [
			{
				"name": "lkp - entity names",
				"type": "Lookup",
				"dependsOn": [],
				"policy": {
					"timeout": "7.00:00:00",
					"retry": 0,
					"retryIntervalInSeconds": 30,
					"secureOutput": false,
					"secureInput": false
				},
				"userProperties": [],
				"typeProperties": {
					"source": {
						"type": "AzureSqlSource",
						"sqlReaderQuery": {
							"value": "@concat('select en.entity_nm,en.source_system_sk,en.entity_sk  from mgmt.vw_entity en join mgmt.entity_details_db_table en_tbl on en.entity_sk = en_tbl.entity_sk and en_tbl.table_prefix_txt = ''', pipeline().parameters.plnPar_TgtSchema, ''' where\nsource_system_abbrv_cd=''',pipeline().parameters.plnPar_TgtSysAbbrvCd,''' order by  entity_nm')",
							"type": "Expression"
						},
						"queryTimeout": "02:00:00",
						"partitionOption": "None"
					},
					"dataset": {
						"referenceName": "ds_asqldb_edw_table",
						"type": "DatasetReference",
						"parameters": {
							"dsPar_SchemaName": "mgmt",
							"dsPar_TableName": "entity"
						}
					},
					"firstRowOnly": false
				}
			},
			{
				"name": "for each - entity name",
				"type": "ForEach",
				"dependsOn": [
					{
						"activity": "lkp - entity names",
						"dependencyConditions": [
							"Succeeded"
						]
					}
				],
				"userProperties": [],
				"typeProperties": {
					"items": {
						"value": "@activity('lkp - entity names').output.value",
						"type": "Expression"
					},
					"isSequential": true,
					"activities": [
						{
							"name": "exec proc - create staging tables",
							"type": "SqlServerStoredProcedure",
							"dependsOn": [],
							"policy": {
								"timeout": "7.00:00:00",
								"retry": 0,
								"retryIntervalInSeconds": 30,
								"secureOutput": false,
								"secureInput": false
							},
							"userProperties": [],
							"typeProperties": {
								"storedProcedureName": "[mgmt].[usp_create_staging_tables]",
								"storedProcedureParameters": {
									"in_entity_nm": {
										"value": {
											"value": "@item().entity_nm",
											"type": "Expression"
										},
										"type": "String"
									},
									"in_source_system_abbrv_cd": {
										"value": {
											"value": "@pipeline().parameters.plnPar_TgtSysAbbrvCd",
											"type": "Expression"
										},
										"type": "String"
									},
									"in_stg_layer_nm": {
										"value": {
											"value": "@pipeline().parameters.plnPar_TgtSchema",
											"type": "Expression"
										},
										"type": "String"
									}
								}
							},
							"linkedServiceName": {
								"referenceName": "lnks_edw_asqldb_nwedw",
								"type": "LinkedServiceReference"
							}
						}
					]
				}
			}
		],
		"parameters": {
			"plnPar_TgtSchema": {
				"type": "string",
				"defaultValue": "stg_mr"
			},
			"plnPar_TgtSysAbbrvCd": {
				"type": "string",
				"defaultValue": "EDWStaging"
			}
		},
		"folder": {
			"name": "90 - Helper"
		},
		"annotations": [],
		"lastPublishTime": "2022-09-06T14:47:14Z"
	},
	"type": "Microsoft.DataFactory/factories/pipelines"
}