{
	"name": "pln_bal_chk_emp_mr_ncino_rs",
	"properties": {
		"description": "Compares data elements between Source DNA and Target MDP",
		"activities": [
			{
				"name": "Set Acct Num List",
				"type": "SetVariable",
				"dependsOn": [
					{
						"activity": "If random account exists",
						"dependencyConditions": [
							"Succeeded"
						]
					}
				],
				"policy": {
					"secureOutput": false,
					"secureInput": false
				},
				"userProperties": [],
				"typeProperties": {
					"variableName": "plnVar_AcctNumList",
					"value": {
						"value": "@concat('''',\nreplace(variables('plnVar_RandomAcctStr'),',',''','''),\n''''\n)",
						"type": "Expression"
					}
				}
			},
			{
				"name": "LookupSrcResult",
				"type": "Lookup",
				"dependsOn": [
					{
						"activity": "Copy Src to Temp",
						"dependencyConditions": [
							"Succeeded"
						]
					}
				],
				"policy": {
					"timeout": "0.12:00:00",
					"retry": 0,
					"retryIntervalInSeconds": 30,
					"secureOutput": false,
					"secureInput": false
				},
				"userProperties": [],
				"typeProperties": {
					"source": {
						"type": "SqlMISource",
						"sqlReaderQuery": {
							"value": "@concat(\n    'SELECT (SELECT * FROM work.[',\n    variables('plnVar_WorkSrcTable'),\n    '] FOR JSON AUTO',\n    ') as RESULT'\n)",
							"type": "Expression"
						},
						"partitionOption": "None"
					},
					"dataset": {
						"referenceName": "ds_asqlmi_table_dynmc",
						"type": "DatasetReference",
						"parameters": {
							"dsPar_SchemaName": {
								"value": "work",
								"type": "Expression"
							},
							"dsPar_TableName": {
								"value": "@variables('plnVar_WorkSrcTable')",
								"type": "Expression"
							},
							"dsPar_ServerConnection": {
								"value": "@pipeline().parameters.plnPar_BalChkDBConnection",
								"type": "Expression"
							},
							"dsPar_DatabaseName": {
								"value": "@pipeline().parameters.plnPar_BalChkDBName",
								"type": "Expression"
							}
						}
					}
				}
			},
			{
				"name": "LookupTgtResult",
				"type": "Lookup",
				"dependsOn": [
					{
						"activity": "Copy Tgt to Temp",
						"dependencyConditions": [
							"Succeeded"
						]
					}
				],
				"policy": {
					"timeout": "0.12:00:00",
					"retry": 0,
					"retryIntervalInSeconds": 30,
					"secureOutput": false,
					"secureInput": false
				},
				"userProperties": [],
				"typeProperties": {
					"source": {
						"type": "SqlMISource",
						"sqlReaderQuery": {
							"value": "@concat(\n    'SELECT (SELECT * FROM work.[',\n    variables('plnVar_WorkTgtTable'),\n    '] FOR JSON AUTO',\n    ') as RESULT'\n)",
							"type": "Expression"
						},
						"partitionOption": "None"
					},
					"dataset": {
						"referenceName": "ds_asqlmi_table_dynmc",
						"type": "DatasetReference",
						"parameters": {
							"dsPar_SchemaName": "work",
							"dsPar_TableName": {
								"value": "@variables('plnVar_WorkTgtTable')",
								"type": "Expression"
							},
							"dsPar_ServerConnection": {
								"value": "@pipeline().parameters.plnPar_BalChkDBConnection",
								"type": "Expression"
							},
							"dsPar_DatabaseName": {
								"value": "@pipeline().parameters.plnPar_BalChkDBName",
								"type": "Expression"
							}
						}
					}
				}
			},
			{
				"name": "Set variable Src Result",
				"type": "SetVariable",
				"dependsOn": [
					{
						"activity": "LookupSrcResult",
						"dependencyConditions": [
							"Succeeded"
						]
					}
				],
				"policy": {
					"secureOutput": false,
					"secureInput": false
				},
				"userProperties": [],
				"typeProperties": {
					"variableName": "plnVar_SrcResult",
					"value": {
						"value": "@toUpper(coalesce(activity('LookupSrcResult').output.firstRow.RESULT,'NA'))",
						"type": "Expression"
					}
				}
			},
			{
				"name": "Set variable Tgt Result",
				"type": "SetVariable",
				"dependsOn": [
					{
						"activity": "LookupTgtResult",
						"dependencyConditions": [
							"Succeeded"
						]
					}
				],
				"policy": {
					"secureOutput": false,
					"secureInput": false
				},
				"userProperties": [],
				"typeProperties": {
					"variableName": "plnVar_TgtResult",
					"value": {
						"value": "@toUpper(coalesce(activity('LookupTgtResult').output.firstRow.RESULT, 'NA'))",
						"type": "Expression"
					}
				}
			},
			{
				"name": "ScriptSaveResults",
				"type": "Script",
				"dependsOn": [
					{
						"activity": "If Src eq Tgt",
						"dependencyConditions": [
							"Succeeded"
						]
					}
				],
				"policy": {
					"timeout": "0.12:00:00",
					"retry": 0,
					"retryIntervalInSeconds": 30,
					"secureOutput": false,
					"secureInput": false
				},
				"userProperties": [],
				"linkedServiceName": {
					"referenceName": "lnks_asqlmi_db",
					"type": "LinkedServiceReference",
					"parameters": {
						"lnksPar_SqlMI_Server": {
							"value": "@pipeline().parameters.plnPar_BalChkDBConnection",
							"type": "Expression"
						},
						"lnksPar_Database": {
							"value": "@pipeline().parameters.plnPar_BalChkDBName",
							"type": "Expression"
						}
					}
				},
				"typeProperties": {
					"scripts": [
						{
							"type": "Query",
							"text": {
								"value": "@concat(\n    'insert into ',\n    pipeline().parameters.plnPar_BalChkSchema,\n    '.[balance_random_sample_result] ',\n    '(balance_check_sk,balance_random_sample_result_ts,balance_random_sample_source_result_txt,balance_random_sample_target_result_txt,balance_check_status_cd) ',\n    'values (',\n    variables('plnVar_CheckSK'), ',',\n    'getdate(),',\n    '''',variables('plnVar_SrcResult'), ''',''',\n    variables('plnVar_TgtResult'), ''',''',\n    variables('plnVar_BalanceCheckStatus'), \n    ''')'\n)",
								"type": "Expression"
							}
						}
					],
					"scriptBlockExecutionTimeout": "02:00:00"
				}
			},
			{
				"name": "If Src eq Tgt",
				"type": "IfCondition",
				"dependsOn": [
					{
						"activity": "Set variable Src Result",
						"dependencyConditions": [
							"Succeeded"
						]
					},
					{
						"activity": "Set variable Tgt Result",
						"dependencyConditions": [
							"Succeeded"
						]
					},
					{
						"activity": "Set balance check SK",
						"dependencyConditions": [
							"Succeeded"
						]
					}
				],
				"userProperties": [],
				"typeProperties": {
					"expression": {
						"value": "@equals(variables('plnVar_SrcResult'),variables('plnVar_TgtResult'))",
						"type": "Expression"
					},
					"ifTrueActivities": [
						{
							"name": "Set variable Status R",
							"type": "SetVariable",
							"dependsOn": [],
							"policy": {
								"secureOutput": false,
								"secureInput": false
							},
							"userProperties": [],
							"typeProperties": {
								"variableName": "plnVar_BalanceCheckStatus",
								"value": "R"
							}
						}
					]
				}
			},
			{
				"name": "Get Src Tgt Queries",
				"type": "Lookup",
				"dependsOn": [
					{
						"activity": "Set Acct Num List",
						"dependencyConditions": [
							"Succeeded"
						]
					}
				],
				"policy": {
					"timeout": "0.12:00:00",
					"retry": 0,
					"retryIntervalInSeconds": 30,
					"secureOutput": false,
					"secureInput": false
				},
				"userProperties": [],
				"typeProperties": {
					"source": {
						"type": "SqlMISource",
						"sqlReaderQuery": {
							"value": "@concat(\n    'SELECT balance_check_sk, ',\n    'replace(replace(source_query_txt, CHAR(10), '' ''), CHAR(09), '' '') as source_query_txt, ',\n    'replace(replace(target_query_txt, CHAR(10), '' ''), CHAR(09), '' '') as target_query_txt ',\n    'FROM ',\n    pipeline().parameters.plnPar_BalChkSchema, '.balance_check ',\n    'WHERE balance_check_run_YN_ind = ''Y'' AND balance_check_nm = ''',\n    pipeline().parameters.plnPar_BalanceCheckNM,\n    ''''\n)",
							"type": "Expression"
						},
						"partitionOption": "None"
					},
					"dataset": {
						"referenceName": "ds_asqlmi_table_dynmc",
						"type": "DatasetReference",
						"parameters": {
							"dsPar_SchemaName": {
								"value": "@pipeline().parameters.plnPar_BalChkSchema",
								"type": "Expression"
							},
							"dsPar_TableName": "balance_check",
							"dsPar_ServerConnection": {
								"value": "@pipeline().parameters.plnPar_BalChkDBConnection",
								"type": "Expression"
							},
							"dsPar_DatabaseName": {
								"value": "@pipeline().parameters.plnPar_BalChkDBName",
								"type": "Expression"
							}
						}
					}
				}
			},
			{
				"name": "Set src query",
				"type": "SetVariable",
				"dependsOn": [
					{
						"activity": "Set Src Work Table",
						"dependencyConditions": [
							"Succeeded"
						]
					}
				],
				"policy": {
					"secureOutput": false,
					"secureInput": false
				},
				"userProperties": [],
				"typeProperties": {
					"variableName": "plnVar_SrcQuery",
					"value": {
						"value": "@replace(activity('Get Src Tgt Queries').output.firstRow.source_query_txt,'#AccountNumber#',variables('plnVar_AcctNumList'))",
						"type": "Expression"
					}
				}
			},
			{
				"name": "Set tgt query",
				"type": "SetVariable",
				"dependsOn": [
					{
						"activity": "Set Tgt Work Table",
						"dependencyConditions": [
							"Succeeded"
						]
					}
				],
				"policy": {
					"secureOutput": false,
					"secureInput": false
				},
				"userProperties": [],
				"typeProperties": {
					"variableName": "plnVar_TgtQuery",
					"value": {
						"value": "@replace(replace(activity('Get Src Tgt Queries').output.firstRow.target_query_txt,'#AccountNumber#',variables('plnVar_AcctNumList')),'#CurrentBusinessDate#',variables('plnVar_CurrBusinessDate'))",
						"type": "Expression"
					}
				}
			},
			{
				"name": "Copy Src to Temp",
				"type": "Copy",
				"dependsOn": [
					{
						"activity": "Set src query",
						"dependencyConditions": [
							"Succeeded"
						]
					}
				],
				"policy": {
					"timeout": "0.12:00:00",
					"retry": 0,
					"retryIntervalInSeconds": 30,
					"secureOutput": false,
					"secureInput": false
				},
				"userProperties": [],
				"typeProperties": {
					"source": {
						"type": "SqlServerSource",
						"sqlReaderQuery": {
							"value": "@variables('plnVar_SrcQuery')",
							"type": "Expression"
						},
						"queryTimeout": "02:00:00",
						"partitionOption": "None"
					},
					"sink": {
						"type": "SqlMISink",
						"writeBehavior": "insert",
						"sqlWriterUseTableLock": false,
						"tableOption": "autoCreate"
					},
					"enableStaging": false,
					"translator": {
						"type": "TabularTranslator",
						"typeConversion": true,
						"typeConversionSettings": {
							"allowDataTruncation": true,
							"treatBooleanAsNumber": false
						}
					}
				},
				"inputs": [
					{
						"referenceName": "ds_sqlsvr_table_dynmc",
						"type": "DatasetReference",
						"parameters": {
							"dsPar_Schema": "dbo",
							"dsPar_Table": "any",
							"dsPar_ConnStr": {
								"value": "@pipeline().parameters.plnPar_SrcKVSConnection",
								"type": "Expression"
							}
						}
					}
				],
				"outputs": [
					{
						"referenceName": "ds_asqlmi_table_dynmc",
						"type": "DatasetReference",
						"parameters": {
							"dsPar_SchemaName": "work",
							"dsPar_TableName": {
								"value": "@variables('plnVar_WorkSrcTable')",
								"type": "Expression"
							},
							"dsPar_ServerConnection": {
								"value": "@pipeline().parameters.plnPar_BalChkDBConnection",
								"type": "Expression"
							},
							"dsPar_DatabaseName": {
								"value": "@pipeline().parameters.plnPar_BalChkDBName",
								"type": "Expression"
							}
						}
					}
				]
			},
			{
				"name": "Set Src Work Table",
				"type": "SetVariable",
				"dependsOn": [
					{
						"activity": "Get Src Tgt Queries",
						"dependencyConditions": [
							"Succeeded"
						]
					}
				],
				"policy": {
					"secureOutput": false,
					"secureInput": false
				},
				"userProperties": [],
				"typeProperties": {
					"variableName": "plnVar_WorkSrcTable",
					"value": {
						"value": "@concat(\n    'work_src_tmp_', pipeline().RunId\n)",
						"type": "Expression"
					}
				}
			},
			{
				"name": "Set Tgt Work Table",
				"type": "SetVariable",
				"dependsOn": [
					{
						"activity": "Get Src Tgt Queries",
						"dependencyConditions": [
							"Succeeded"
						]
					}
				],
				"policy": {
					"secureOutput": false,
					"secureInput": false
				},
				"userProperties": [],
				"typeProperties": {
					"variableName": "plnVar_WorkTgtTable",
					"value": {
						"value": "@concat(\n    'work_tgt_tmp_', pipeline().RunId\n)",
						"type": "Expression"
					}
				}
			},
			{
				"name": "Copy Tgt to Temp",
				"type": "Copy",
				"dependsOn": [
					{
						"activity": "Set tgt query",
						"dependencyConditions": [
							"Succeeded"
						]
					}
				],
				"policy": {
					"timeout": "0.12:00:00",
					"retry": 0,
					"retryIntervalInSeconds": 30,
					"secureOutput": false,
					"secureInput": false
				},
				"userProperties": [],
				"typeProperties": {
					"source": {
						"type": "SqlServerSource",
						"sqlReaderQuery": {
							"value": "@variables('plnVar_TgtQuery')",
							"type": "Expression"
						},
						"queryTimeout": "02:00:00",
						"partitionOption": "None"
					},
					"sink": {
						"type": "SqlMISink",
						"writeBehavior": "insert",
						"sqlWriterUseTableLock": false,
						"tableOption": "autoCreate"
					},
					"enableStaging": false,
					"translator": {
						"type": "TabularTranslator",
						"typeConversion": true,
						"typeConversionSettings": {
							"allowDataTruncation": true,
							"treatBooleanAsNumber": false
						}
					}
				},
				"inputs": [
					{
						"referenceName": "ds_sqlsvr_table_dynmc",
						"type": "DatasetReference",
						"parameters": {
							"dsPar_Schema": "dbo",
							"dsPar_Table": "any",
							"dsPar_ConnStr": {
								"value": "@pipeline().parameters.plnPar_TgtConnStr",
								"type": "Expression"
							}
						}
					}
				],
				"outputs": [
					{
						"referenceName": "ds_asqlmi_table_dynmc",
						"type": "DatasetReference",
						"parameters": {
							"dsPar_SchemaName": "work",
							"dsPar_TableName": {
								"value": "@variables('plnVar_WorkTgtTable')",
								"type": "Expression"
							},
							"dsPar_ServerConnection": {
								"value": "@pipeline().parameters.plnPar_BalChkDBConnection",
								"type": "Expression"
							},
							"dsPar_DatabaseName": {
								"value": "@pipeline().parameters.plnPar_BalChkDBName",
								"type": "Expression"
							}
						}
					}
				]
			},
			{
				"name": "ScriptDropTempTables",
				"type": "Script",
				"dependsOn": [
					{
						"activity": "ScriptSaveResults",
						"dependencyConditions": [
							"Succeeded"
						]
					}
				],
				"policy": {
					"timeout": "0.12:00:00",
					"retry": 0,
					"retryIntervalInSeconds": 30,
					"secureOutput": false,
					"secureInput": false
				},
				"userProperties": [],
				"linkedServiceName": {
					"referenceName": "lnks_asqlmi_db",
					"type": "LinkedServiceReference",
					"parameters": {
						"lnksPar_SqlMI_Server": {
							"value": "@pipeline().parameters.plnPar_BalChkDBConnection",
							"type": "Expression"
						},
						"lnksPar_Database": {
							"value": "@pipeline().parameters.plnPar_BalChkDBName",
							"type": "Expression"
						}
					}
				},
				"typeProperties": {
					"scripts": [
						{
							"type": "Query",
							"text": {
								"value": "@concat(\n'DROP TABLE work.[', variables('plnVar_WorkSrcTable'),\n']; ',\n'DROP TABLE work.[', variables('plnVar_WorkTgtTable'),\n'];'\n)",
								"type": "Expression"
							}
						}
					],
					"scriptBlockExecutionTimeout": "02:00:00"
				}
			},
			{
				"name": "Lookup curr business date",
				"type": "Lookup",
				"dependsOn": [],
				"policy": {
					"timeout": "0.12:00:00",
					"retry": 0,
					"retryIntervalInSeconds": 30,
					"secureOutput": false,
					"secureInput": false
				},
				"userProperties": [],
				"typeProperties": {
					"source": {
						"type": "SqlServerSource",
						"sqlReaderQuery": "SELECT DateIDInternal, convert(varchar(20),Date,23) AS CurrentBusinessDate \r\nfrom dbo.Dates_XRef where LiteralDate =  'Current Business Day'",
						"queryTimeout": "02:00:00",
						"partitionOption": "None"
					},
					"dataset": {
						"referenceName": "ds_sqldb_mr_table",
						"type": "DatasetReference",
						"parameters": {
							"dsPar_dbSchemaName": "dbo",
							"dsPar_dbTableName": "any",
							"dsPar_dbAKVConnectionName": {
								"value": "@pipeline().parameters.plnPar_SrcKVSConnection",
								"type": "Expression"
							}
						}
					}
				}
			},
			{
				"name": "Set variable curr business date ID",
				"type": "SetVariable",
				"dependsOn": [
					{
						"activity": "Lookup curr business date",
						"dependencyConditions": [
							"Succeeded"
						]
					}
				],
				"policy": {
					"secureOutput": false,
					"secureInput": false
				},
				"userProperties": [],
				"typeProperties": {
					"variableName": "plnVar_CurrBusinessDateID",
					"value": {
						"value": "@activity('Lookup curr business date').output.firstRow.DateIDInternal",
						"type": "Expression"
					}
				}
			},
			{
				"name": "Lookup random accounts",
				"type": "Lookup",
				"dependsOn": [
					{
						"activity": "Set variable curr business date ID",
						"dependencyConditions": [
							"Succeeded"
						]
					},
					{
						"activity": "Set variable curr business date",
						"dependencyConditions": [
							"Succeeded"
						]
					}
				],
				"policy": {
					"timeout": "0.12:00:00",
					"retry": 0,
					"retryIntervalInSeconds": 30,
					"secureOutput": false,
					"secureInput": false
				},
				"userProperties": [],
				"typeProperties": {
					"source": {
						"type": "SqlMISource",
						"sqlReaderQuery": {
							"value": "@concat(\n    'select RandomSamples from mgmt.balance_check_daily_random_samples where DateIDInternal = ',variables('plnVar_CurrBusinessDateID'), ' and SampleType = ''North Random Account Numbers'' ',\n    ' union select ''NA'''\n)",
							"type": "Expression"
						},
						"partitionOption": "None"
					},
					"dataset": {
						"referenceName": "ds_asqlmi_table_dynmc",
						"type": "DatasetReference",
						"parameters": {
							"dsPar_SchemaName": {
								"value": "@pipeline().parameters.plnPar_BalChkSchema",
								"type": "Expression"
							},
							"dsPar_TableName": "any",
							"dsPar_ServerConnection": {
								"value": "@pipeline().parameters.plnPar_BalChkDBConnection",
								"type": "Expression"
							},
							"dsPar_DatabaseName": {
								"value": "@pipeline().parameters.plnPar_BalChkDBName",
								"type": "Expression"
							}
						}
					}
				}
			},
			{
				"name": "If random account exists",
				"type": "IfCondition",
				"dependsOn": [
					{
						"activity": "Lookup random accounts",
						"dependencyConditions": [
							"Succeeded"
						]
					}
				],
				"userProperties": [],
				"typeProperties": {
					"expression": {
						"value": "@equals(activity('Lookup random accounts').output.firstRow.RandomSamples, 'NA')",
						"type": "Expression"
					},
					"ifFalseActivities": [
						{
							"name": "Set variable random account string 2",
							"type": "SetVariable",
							"dependsOn": [],
							"policy": {
								"secureOutput": false,
								"secureInput": false
							},
							"userProperties": [],
							"typeProperties": {
								"variableName": "plnVar_RandomAcctStr",
								"value": {
									"value": "@activity('Lookup random accounts').output.firstRow.RandomSamples",
									"type": "Expression"
								}
							}
						}
					],
					"ifTrueActivities": [
						{
							"name": "Execute get random accounts pipeline",
							"type": "ExecutePipeline",
							"dependsOn": [],
							"policy": {
								"secureInput": false
							},
							"userProperties": [],
							"typeProperties": {
								"pipeline": {
									"referenceName": "pln_bal_chk_get_acct_random_samples",
									"type": "PipelineReference"
								},
								"waitOnCompletion": true,
								"parameters": {
									"plnPar_BalChkDBConnection": {
										"value": "@pipeline().parameters.plnPar_BalChkDBConnection",
										"type": "Expression"
									},
									"plnPar_BalChkDBName": {
										"value": "@pipeline().parameters.plnPar_BalChkDBName",
										"type": "Expression"
									},
									"plnPar_BalChkSchema": {
										"value": "@pipeline().parameters.plnPar_BalChkSchema",
										"type": "Expression"
									}
								}
							}
						},
						{
							"name": "Lookup random samples again",
							"type": "Lookup",
							"dependsOn": [
								{
									"activity": "Execute get random accounts pipeline",
									"dependencyConditions": [
										"Succeeded"
									]
								}
							],
							"policy": {
								"timeout": "0.12:00:00",
								"retry": 0,
								"retryIntervalInSeconds": 30,
								"secureOutput": false,
								"secureInput": false
							},
							"userProperties": [],
							"typeProperties": {
								"source": {
									"type": "SqlMISource",
									"sqlReaderQuery": {
										"value": "@concat(\n    'select RandomSamples from mgmt.balance_check_daily_random_samples where DateIDInternal = ',variables('plnVar_CurrBusinessDateID'), ' and SampleType = ''North Random Account Numbers'' '\n)",
										"type": "Expression"
									},
									"partitionOption": "None"
								},
								"dataset": {
									"referenceName": "ds_asqlmi_table_dynmc",
									"type": "DatasetReference",
									"parameters": {
										"dsPar_SchemaName": {
											"value": "@pipeline().parameters.plnPar_BalChkSchema",
											"type": "Expression"
										},
										"dsPar_TableName": "any",
										"dsPar_ServerConnection": {
											"value": "@pipeline().parameters.plnPar_BalChkDBConnection",
											"type": "Expression"
										},
										"dsPar_DatabaseName": {
											"value": "@pipeline().parameters.plnPar_BalChkDBName",
											"type": "Expression"
										}
									}
								}
							}
						},
						{
							"name": "Set variable random account string 1",
							"type": "SetVariable",
							"dependsOn": [
								{
									"activity": "Lookup random samples again",
									"dependencyConditions": [
										"Succeeded"
									]
								}
							],
							"policy": {
								"secureOutput": false,
								"secureInput": false
							},
							"userProperties": [],
							"typeProperties": {
								"variableName": "plnVar_RandomAcctStr",
								"value": {
									"value": "@activity('Lookup random samples again').output.firstRow.RandomSamples",
									"type": "Expression"
								}
							}
						}
					]
				}
			},
			{
				"name": "Set variable curr business date",
				"type": "SetVariable",
				"dependsOn": [
					{
						"activity": "Lookup curr business date",
						"dependencyConditions": [
							"Succeeded"
						]
					}
				],
				"policy": {
					"secureOutput": false,
					"secureInput": false
				},
				"userProperties": [],
				"typeProperties": {
					"variableName": "plnVar_CurrBusinessDate",
					"value": {
						"value": "@activity('Lookup curr business date').output.firstRow.CurrentBusinessDate",
						"type": "Expression"
					}
				}
			},
			{
				"name": "Set balance check SK",
				"type": "SetVariable",
				"dependsOn": [
					{
						"activity": "Get Src Tgt Queries",
						"dependencyConditions": [
							"Succeeded"
						]
					}
				],
				"policy": {
					"secureOutput": false,
					"secureInput": false
				},
				"userProperties": [],
				"typeProperties": {
					"variableName": "plnVar_CheckSK",
					"value": {
						"value": "@activity('Get Src Tgt Queries').output.firstRow.balance_check_sk",
						"type": "Expression"
					}
				}
			}
		],
		"parameters": {
			"plnPar_BalanceCheckNM": {
				"type": "string",
				"defaultValue": "EmPOWER MR to nCino KeyFieldsVerification"
			},
			"plnPar_SrcKVSConnection": {
				"type": "string",
				"defaultValue": "KVS-EDW-SQLDB-PROD-CONNSTR-MRDATAMART"
			},
			"plnPar_BalChkSchema": {
				"type": "string",
				"defaultValue": "mgmt"
			},
			"plnPar_BalChkDBConnection": {
				"type": "string",
				"defaultValue": "nw-edw-d-usw-mi.public.3dbc2ecfe1bf.database.windows.net,3342"
			},
			"plnPar_BalChkDBName": {
				"type": "string",
				"defaultValue": "aw-validation-d-usw-sqldb"
			},
			"plnPar_TgtConnStr": {
				"type": "string",
				"defaultValue": "KVS-EDW-SALESFORCE-NCINO-CONNSTR"
			},
			"plnPar_TgtDBName": {
				"type": "string",
				"defaultValue": "SFRepDB_NW"
			}
		},
		"variables": {
			"plnVar_AcctNumList": {
				"type": "String"
			},
			"plnVar_SrcQuery": {
				"type": "String"
			},
			"plnVar_TgtQuery": {
				"type": "String"
			},
			"plnVar_BalanceCheckStatus": {
				"type": "String",
				"defaultValue": "S"
			},
			"plnVar_SrcResult": {
				"type": "String"
			},
			"plnVar_TgtResult": {
				"type": "String"
			},
			"plnVar_CheckSK": {
				"type": "Integer"
			},
			"plnVar_WorkSrcTable": {
				"type": "String"
			},
			"plnVar_WorkTgtTable": {
				"type": "String"
			},
			"plnVar_CurrBusinessDateID": {
				"type": "Integer"
			},
			"plnVar_RandomAcctStr": {
				"type": "String"
			},
			"plnVar_CurrBusinessDate": {
				"type": "String"
			}
		},
		"folder": {
			"name": "Validation"
		},
		"annotations": [],
		"lastPublishTime": "2025-01-10T16:07:50Z"
	},
	"type": "Microsoft.DataFactory/factories/pipelines"
}