{
	"name": "pln_copy_adlsToAsqldb",
	"properties": {
		"activities": [
			{
				"name": "Copy From ADLS Gen2 to ASQLDB",
				"type": "Copy",
				"dependsOn": [],
				"policy": {
					"timeout": "7.00:00:00",
					"retry": 0,
					"retryIntervalInSeconds": 30,
					"secureOutput": false,
					"secureInput": false
				},
				"userProperties": [],
				"typeProperties": {
					"source": {
						"type": "DelimitedTextSource",
						"storeSettings": {
							"type": "AzureBlobFSReadSettings",
							"recursive": true,
							"enablePartitionDiscovery": false
						},
						"formatSettings": {
							"type": "DelimitedTextReadSettings"
						}
					},
					"sink": {
						"type": "AzureSqlSink",
						"tableOption": "autoCreate"
					},
					"enableStaging": false,
					"translator": {
						"type": "TabularTranslator",
						"typeConversion": true,
						"typeConversionSettings": {
							"allowDataTruncation": true,
							"treatBooleanAsNumber": false
						}
					}
				},
				"inputs": [
					{
						"referenceName": "ds_adls_raw_file",
						"type": "DatasetReference",
						"parameters": {
							"dsPar_Container": {
								"value": "@pipeline().parameters.plnPar_Container",
								"type": "Expression"
							},
							"dsPar_Folder": {
								"value": "@pipeline().parameters.plnPar_Folder",
								"type": "Expression"
							},
							"dsPar_File": {
								"value": "@pipeline().parameters.plnPar_Filename",
								"type": "Expression"
							}
						}
					}
				],
				"outputs": [
					{
						"referenceName": "ds_asqldb_edwTmpnCino",
						"type": "DatasetReference",
						"parameters": {
							"dsPar_tableName": {
								"value": "@pipeline().parameters.plnPar_TableName",
								"type": "Expression"
							}
						}
					}
				]
			}
		],
		"parameters": {
			"plnPar_Container": {
				"type": "string",
				"defaultValue": "tmp-ncino"
			},
			"plnPar_Folder": {
				"type": "string",
				"defaultValue": "/"
			},
			"plnPar_Filename": {
				"type": "string"
			},
			"plnPar_TableName": {
				"type": "string"
			}
		},
		"folder": {
			"name": "90 - Helper"
		},
		"annotations": [],
		"lastPublishTime": "2022-09-06T14:47:14Z"
	},
	"type": "Microsoft.DataFactory/factories/pipelines"
}