{
	"name": "pln_sch_initial_mr_additional",
	"properties": {
		"description": "this pipeline is a schedule pipeline that will be scheduled to run mr initial 'additiona' data. this only includes mr staging long running jobs which require parallel processing. All others are in the mr initial schedule.",
		"activities": [
			{
				"name": "pln_run_schedule - mr additional - initial",
				"type": "ExecutePipeline",
				"dependsOn": [],
				"policy": {
					"secureInput": false
				},
				"userProperties": [],
				"typeProperties": {
					"pipeline": {
						"referenceName": "pln_run_schedule",
						"type": "PipelineReference"
					},
					"waitOnCompletion": true,
					"parameters": {
						"plnPar_ScheduleName": {
							"value": "@pipeline().parameters.plnPar_ScheduleName",
							"type": "Expression"
						}
					}
				}
			}
		],
		"parameters": {
			"plnPar_ScheduleName": {
				"type": "string",
				"defaultValue": "EDW_Initial_MR_adtnl"
			}
		},
		"folder": {
			"name": "11 - Orchestration/schedule/01 - initial"
		},
		"annotations": [],
		"lastPublishTime": "2022-09-06T14:47:25Z"
	},
	"type": "Microsoft.DataFactory/factories/pipelines"
}