{
	"name": "pln_land_mr_entity_01_details",
	"properties": {
		"activities": [
			{
				"name": "lkp - get MR connections",
				"type": "Lookup",
				"dependsOn": [],
				"policy": {
					"timeout": "7.00:00:00",
					"retry": 0,
					"retryIntervalInSeconds": 30,
					"secureOutput": false,
					"secureInput": false
				},
				"userProperties": [],
				"typeProperties": {
					"source": {
						"type": "AzureSqlSource",
						"sqlReaderQuery": "select src_sys_det.source_system_akv_connection_txt\nfrom mgmt.source_system src_sys\n\njoin mgmt.source_system_details_db src_sys_det\non src_sys.source_system_sk = src_sys_det.source_system_sk\n\nwhere source_system_group_cd = 'MR'",
						"queryTimeout": "02:00:00",
						"partitionOption": "None"
					},
					"dataset": {
						"referenceName": "ds_asqldb_edw_table",
						"type": "DatasetReference",
						"parameters": {
							"dsPar_SchemaName": "mgmt",
							"dsPar_TableName": "source_system_details_db"
						}
					},
					"firstRowOnly": false
				}
			},
			{
				"name": "ForEach - connection - load land entity dets",
				"type": "ForEach",
				"dependsOn": [
					{
						"activity": "lkp - get MR connections",
						"dependencyConditions": [
							"Succeeded"
						]
					}
				],
				"userProperties": [],
				"typeProperties": {
					"items": {
						"value": "@activity('lkp - get MR connections').output.value",
						"type": "Expression"
					},
					"isSequential": true,
					"activities": [
						{
							"name": "Copy MR Entity Details to landing",
							"type": "Copy",
							"dependsOn": [],
							"policy": {
								"timeout": "7.00:00:00",
								"retry": 0,
								"retryIntervalInSeconds": 30,
								"secureOutput": false,
								"secureInput": false
							},
							"userProperties": [],
							"typeProperties": {
								"source": {
									"type": "SqlServerSource",
									"sqlReaderQuery": "SELECT D.detail_business_hk\n\t,D.detail_checksum_hk\n\t,D.entity_type_cd\n\t,D.src_sys_abbrv_cd\n\t,D.sch_nm\n\t,(case when D.entity_type_cd ='File' then DB_NAME() + '_' + D.sch_nm + '_' +D.tbl_nm else D.tbl_nm end) as tbl_nm\n\t,D.col_nm\n\t,D.col_id\n\t,D.data_type\n\t,D.max_length\n\t,D.precision\n\t,D.scale\n\t,D.is_nullable\n\t,D.is_identity\n\t,D.is_pk\n\t,D.pk_ordinal_nbr\nFROM (\n\tSELECT s.name AS src_schema_nm\n\t\t,t.name AS src_tbl_nm\n\t\t,p.[permission_name]\n\tFROM sys.tables AS t\n\tINNER JOIN sys.schemas AS s ON t.[schema_id] = s.[schema_id] and s.name = (case when DB_NAME() = 'eReviewMR' then 'rpt' else 'dbo' end)\n\tCROSS APPLY sys.fn_my_permissions(QUOTENAME(s.name) + N'.' + QUOTENAME(t.name), N'OBJECT') AS p\n\tWHERE t.[type] IN (N'U') -- tables and views\n\t\tAND p.subentity_name = N'' -- ignore column permissions\n\t\tAND p.permission_name = 'SELECT'\n\t\tAND NOT (\n\t\t\tlower(t.name) LIKE '%temp%'\n\t\t\tOR lower(t.name) LIKE '%temp%'\n\t\t\tOR lower(t.name) LIKE '%tmp%'\n\t\t\tOR lower(t.name) LIKE '%tmp%'\n\t\t\tOR lower(t.name) LIKE '%extract%'\n\t\t\tOR lower(t.name) LIKE '%tbl%log%'\n\t\t\tOR lower(t.name) LIKE '%BLT%'\n\t\t\tOR lower(t.name) LIKE '%AM'\n\t\t\t)\n\t) C -- ignore view permissions\nLEFT JOIN (\n\tSELECT src_sys_group_cd\n\t\t\t\t\t,src_sys_abbrv_cd\n\t\t,entity_type_cd\n\t\t,CONVERT(NVARCHAR(32), HashBytes('MD5', src_sys_group_cd + '~' + src_sys_abbrv_cd + '~' + tbl_nm + '~' + col_nm), 2) detail_business_hk\n\t\t,CONVERT(NVARCHAR(32), HashBytes('MD5', convert(VARCHAR(10), col_id) + '~' + data_type + '~' + convert(VARCHAR(10), max_length) + '~' \n\t\t\t\t+ convert(VARCHAR(10), precision) + '~' + convert(VARCHAR(10), scale) + '~' + convert(VARCHAR(10), is_nullable) + '~' \n\t\t\t\t+ convert(VARCHAR(10), is_identity) + '~' + convert(varchar(1),is_pk) + '~' + convert(VARCHAR(10), pk_ordinal_nbr)), 2) detail_checksum_hk\n\t\t,is_pk\n\t\t,pk_ordinal_nbr\n\t\t,sch_nm\n\t\t,tbl_nm\n\t\t,col_nm\n\t\t,col_id\n\t\t,max_length\n\t\t,precision\n\t\t,scale\n\t\t,is_nullable\n\t\t,is_identity\n\t\t,data_type\n\tFROM (\n\t\tSELECT src_sys_group_cd\n\t\t\t\t\t,src_sys_abbrv_cd\n\t\t\t,entity_type_cd\n\t\t\t,CASE \n\t\t\t\tWHEN pk_col_nm IS NULL\n\t\t\t\t\tTHEN convert(bit,0)\n\t\t\t\tELSE convert(bit,1)\n\t\t\t\tEND AS is_pk\n\t\t\t,CASE \n\t\t\t\tWHEN pk_ordinal_nbr IS NULL\n\t\t\t\t\tTHEN 0\n\t\t\t\tELSE pk_ordinal_nbr\n\t\t\t\tEND AS pk_ordinal_nbr\n\t\t\t,sch_nm\n\t\t\t,tbl_nm\n\t\t\t,col_nm\n\t\t\t,col_id\n\t\t\t,max_length\n\t\t\t,precision\n\t\t\t,scale\n\t\t\t,is_nullable\n\t\t\t,is_identity\n\t\t\t,data_type\n\t\tFROM (\n\t\t\tSELECT src_sys_group_cd\n\t\t\t\t\t,src_sys_abbrv_cd\n\t\t\t\t,entity_type_cd\n\t\t\t\t,sch_nm\n\t\t\t\t,tbl_nm\n\t\t\t\t,col_nm\n\t\t\t\t,T2.pk_col_nm\n\t\t\t\t,T2.pk_ordinal_nbr\n\t\t\t\t,col_id\n\t\t\t\t,max_length\n\t\t\t\t,precision\n\t\t\t\t,scale\n\t\t\t\t,is_nullable\n\t\t\t\t,is_identity\n\t\t\t\t,data_type\n\t\t\tFROM (\n\t\t\t\tSELECT src_sys_group_cd\n\t\t\t\t\t,src_sys_abbrv_cd\n\t\t\t\t\t,entity_type_cd\n\t\t\t\t\t,sch_nm\n\t\t\t\t\t,tbl_nm\n\t\t\t\t\t,col_nm\n\t\t\t\t\t,col_id\n\t\t\t\t\t,max_length\n\t\t\t\t\t,precision\n\t\t\t\t\t,scale\n\t\t\t\t\t,is_nullable\n\t\t\t\t\t,is_identity\n\t\t\t\t\t,data_type\n\t\t\t\tFROM (\n\t\t\t\t\tSELECT 'MR' as src_sys_group_cd\n\t\t\t\t\t\t,DB_NAME() AS src_sys_abbrv_cd\n\t\t\t\t\t\t,'Table' AS entity_type_cd\n\t\t\t\t\t\t,sch.name as sch_nm\n\t\t\t\t\t\t,tbl.name AS tbl_nm\n\t\t\t\t\t\t,col.name AS col_nm\n\t\t\t\t\t\t,col.column_id AS col_id\n\t\t\t\t\t\t,col.max_length\n\t\t\t\t\t\t,col.precision\n\t\t\t\t\t\t,col.scale\n\t\t\t\t\t\t,col.is_nullable\n\t\t\t\t\t\t,col.is_identity\n\t\t\t\t\t\t,typ.name AS data_type\n\t\t\t\t\tFROM sys.all_columns col\n\t\t\t\t\tJOIN sys.tables tbl ON col.object_id = tbl.object_id\n\t\t\t\t\t\tAND tbl.type = 'U'\n\t\t\t\t\tJOIN sys.schemas sch ON tbl.schema_id = sch.schema_id\n\t\t\t\t\t\tAND sch.name = (case when DB_NAME() = 'eReviewMR' then 'rpt' else 'dbo' end)\n\t\t\t\t\tJOIN sys.types typ ON col.system_type_id = typ.system_type_id\n\t\t\t\t\t\tAND col.user_type_id = typ.user_type_id\n\t\t\t\t\t\n\t\t\t\t\tUNION ALL\n\t\t\t\t\t\n\t\t\t\t\tSELECT 'Datalake' as src_sys_group_cd\n\t\t\t\t\t\t,'EDWRaw' AS src_sys_abbrv_cd\n\t\t\t\t\t\t,'File' AS entity_type_cd\n\t\t\t\t\t\t,sch.name as sch_nm\n\t\t\t\t\t\t,tbl.name AS tbl_nm\n\t\t\t\t\t\t,col.name AS col_nm\n\t\t\t\t\t\t,col.column_id AS col_id\n\t\t\t\t\t\t,col.max_length\n\t\t\t\t\t\t,col.precision\n\t\t\t\t\t\t,col.scale\n\t\t\t\t\t\t,col.is_nullable\n\t\t\t\t\t\t,col.is_identity\n\t\t\t\t\t\t,typ.name AS data_type\n\t\t\t\t\tFROM sys.all_columns col\n\t\t\t\t\tJOIN sys.tables tbl ON col.object_id = tbl.object_id\n\t\t\t\t\t\tAND tbl.type = 'U'\n\t\t\t\t\tJOIN sys.schemas sch ON tbl.schema_id = sch.schema_id\n\t\t\t\t\t\tAND sch.name =  (case when DB_NAME() = 'eReviewMR' then 'rpt' else 'dbo' end)\n\t\t\t\t\tJOIN sys.types typ ON col.system_type_id = typ.system_type_id\n\t\t\t\t\t\tAND col.user_type_id = typ.user_type_id\n\t\n\t\t\t\t\tUNION ALL\n\t\t\t\n\t\t\t\t\tSELECT 'Datalake' as src_sys_group_cd\n\t\t\t\t\t\t,'EDWRaw' AS src_sys_abbrv_cd\n\t\t\t\t\t\t,'File' AS entity_type_cd\n\t\t\t\t\t\t,sch.name as sch_nm\n\t\t\t\t\t\t,tbl.name AS tbl_nm\n\t\t\t\t\t\t,'src_file_line_nbr' AS col_nm\n\t\t\t\t\t\t,MAX(col.column_id)+1 AS col_id\n\t\t\t\t\t\t,8 as max_length\n\t\t\t\t\t\t,19 as precision\n\t\t\t\t\t\t,0 as scale\n\t\t\t\t\t\t,convert(bit,0) as is_nullable\n\t\t\t\t\t\t,convert(bit,0) as is_identity\n\t\t\t\t\t\t,'BIGINT' AS data_type\n\t\t\t\t\tFROM sys.all_columns col\n\t\t\t\t\tJOIN sys.tables tbl ON col.object_id = tbl.object_id\n\t\t\t\t\t\tAND tbl.type = 'U'\n\t\t\t\t\tJOIN sys.schemas sch ON tbl.schema_id = sch.schema_id\n\t\t\t\t\t\tAND sch.name =  (case when DB_NAME() = 'eReviewMR' then 'rpt' else 'dbo' end)\n\t\t\t\t\tJOIN sys.types typ ON col.system_type_id = typ.system_type_id\n\t\t\t\t\t\tAND col.user_type_id = typ.user_type_id\n\t\t\t\t\tgroup by tbl.name, sch.name\n\t\t\t\t\t) AS A \n\t\t\t\t) T1\n\t\t\tLEFT JOIN (\n\t\t\t\tSELECT s.name AS SchemaName\n\t\t\t\t\t,t.name AS TableName\n\t\t\t\t\t,tc.name AS pk_col_nm\n\t\t\t\t\t,ic.key_ordinal AS pk_ordinal_nbr\n\t\t\t\tFROM sys.schemas s\n\t\t\t\tINNER JOIN sys.tables t ON s.schema_id = t.schema_id\n\t\t\t\tINNER JOIN sys.indexes i ON t.object_id = i.object_id\n\t\t\t\tINNER JOIN sys.index_columns ic ON i.object_id = ic.object_id\n\t\t\t\t\tAND i.index_id = ic.index_id\n\t\t\t\tINNER JOIN sys.columns tc ON ic.object_id = tc.object_id\n\t\t\t\t\tAND ic.column_id = tc.column_id\n\t\t\t\tWHERE i.is_primary_key = 1 and s.name = (case when DB_NAME() = 'eReviewMR' then 'rpt' else 'dbo' end)\n\t\t\t\t) T2 ON T1.col_nm = T2.pk_col_nm\n\t\t\t\tAND T1.tbl_nm = T2.TableName\n\t\t\t) A\n\t\t) B\n\t) D ON D.tbl_nm = C.src_tbl_nm\n\n\n\torder by D.src_sys_abbrv_cd desc, d.tbl_nm, d.col_id;",
									"queryTimeout": "02:00:00",
									"partitionOption": "None"
								},
								"sink": {
									"type": "AzureSqlSink",
									"preCopyScript": {
										"value": "@{variables('plnVar_entDetsTruncSql')}",
										"type": "Expression"
									},
									"disableMetricsCollection": false
								},
								"enableStaging": false,
								"translator": {
									"type": "TabularTranslator",
									"mappings": [
										{
											"source": {
												"name": "detail_business_hk",
												"type": "String",
												"physicalType": "nvarchar"
											},
											"sink": {
												"name": "detail_business_hk",
												"type": "String",
												"physicalType": "varchar"
											}
										},
										{
											"source": {
												"name": "detail_checksum_hk",
												"type": "String",
												"physicalType": "nvarchar"
											},
											"sink": {
												"name": "detail_checksum_hk",
												"type": "String",
												"physicalType": "varchar"
											}
										},
										{
											"source": {
												"name": "entity_type_cd",
												"type": "String",
												"physicalType": "varchar"
											},
											"sink": {
												"name": "entity_type_cd",
												"type": "String",
												"physicalType": "varchar"
											}
										},
										{
											"source": {
												"name": "src_sys_abbrv_cd",
												"type": "String",
												"physicalType": "nvarchar"
											},
											"sink": {
												"name": "src_sys_abbrv_cd",
												"type": "String",
												"physicalType": "varchar"
											}
										},
										{
											"source": {
												"name": "sch_nm",
												"type": "String",
												"physicalType": "nvarchar"
											},
											"sink": {
												"name": "sch_nm",
												"type": "String",
												"physicalType": "nvarchar"
											}
										},
										{
											"source": {
												"name": "tbl_nm",
												"type": "String",
												"physicalType": "nvarchar"
											},
											"sink": {
												"name": "tbl_nm",
												"type": "String",
												"physicalType": "nvarchar"
											}
										},
										{
											"source": {
												"name": "col_nm",
												"type": "String",
												"physicalType": "nvarchar"
											},
											"sink": {
												"name": "col_nm",
												"type": "String",
												"physicalType": "nvarchar"
											}
										},
										{
											"source": {
												"name": "col_id",
												"type": "Int32",
												"physicalType": "int"
											},
											"sink": {
												"name": "col_id",
												"type": "Int32",
												"physicalType": "int"
											}
										},
										{
											"source": {
												"name": "data_type",
												"type": "String",
												"physicalType": "nvarchar"
											},
											"sink": {
												"name": "data_type",
												"type": "String",
												"physicalType": "nvarchar"
											}
										},
										{
											"source": {
												"name": "max_length",
												"type": "Int32",
												"physicalType": "int"
											},
											"sink": {
												"name": "max_length",
												"type": "Int16",
												"physicalType": "smallint"
											}
										},
										{
											"source": {
												"name": "precision",
												"type": "Int32",
												"physicalType": "int"
											},
											"sink": {
												"name": "precision",
												"type": "Byte",
												"physicalType": "tinyint"
											}
										},
										{
											"source": {
												"name": "scale",
												"type": "Int32",
												"physicalType": "int"
											},
											"sink": {
												"name": "scale",
												"type": "Byte",
												"physicalType": "tinyint"
											}
										},
										{
											"source": {
												"name": "is_nullable",
												"type": "Boolean",
												"physicalType": "bit"
											},
											"sink": {
												"name": "is_nullable",
												"type": "Boolean",
												"physicalType": "bit"
											}
										},
										{
											"source": {
												"name": "is_identity",
												"type": "Boolean",
												"physicalType": "bit"
											},
											"sink": {
												"name": "is_identity",
												"type": "Boolean",
												"physicalType": "bit"
											}
										},
										{
											"source": {
												"name": "is_pk",
												"type": "Boolean",
												"physicalType": "bit"
											},
											"sink": {
												"name": "is_pk",
												"type": "Boolean",
												"physicalType": "bit"
											}
										},
										{
											"source": {
												"name": "pk_ordinal_nbr",
												"type": "Int32",
												"physicalType": "int"
											},
											"sink": {
												"name": "pk_ordinal_nbr",
												"type": "Int32",
												"physicalType": "int"
											}
										}
									],
									"typeConversion": true,
									"typeConversionSettings": {
										"allowDataTruncation": true,
										"treatBooleanAsNumber": false
									}
								}
							},
							"inputs": [
								{
									"referenceName": "ds_sqldb_mr_table",
									"type": "DatasetReference",
									"parameters": {
										"dsPar_dbSchemaName": "sys",
										"dsPar_dbTableName": "tables",
										"dsPar_dbAKVConnectionName": {
											"value": "@item().source_system_akv_connection_txt",
											"type": "Expression"
										}
									}
								}
							],
							"outputs": [
								{
									"referenceName": "ds_asqldb_edw_table",
									"type": "DatasetReference",
									"parameters": {
										"dsPar_SchemaName": "land_mr",
										"dsPar_TableName": "entity_details"
									}
								}
							]
						},
						{
							"name": "Set var - remove truncate sql",
							"description": "unsets this variable so that it no longer truncates on the subsequent runs",
							"type": "SetVariable",
							"dependsOn": [
								{
									"activity": "Copy MR Entity Details to landing",
									"dependencyConditions": [
										"Succeeded"
									]
								}
							],
							"policy": {
								"secureOutput": false,
								"secureInput": false
							},
							"userProperties": [],
							"typeProperties": {
								"variableName": "plnVar_entDetsTruncSql",
								"value": {
									"value": "@trim('')",
									"type": "Expression"
								}
							}
						}
					]
				}
			}
		],
		"variables": {
			"plnVar_entDetsTruncSql": {
				"type": "String",
				"defaultValue": "truncate table land_mr.entity_details"
			}
		},
		"folder": {
			"name": "90 - Helper/Entity"
		},
		"annotations": [],
		"lastPublishTime": "2022-09-06T14:47:18Z"
	},
	"type": "Microsoft.DataFactory/factories/pipelines"
}