{
	"name": "pln_run_batch_arcgis",
	"properties": {
		"activities": [
			{
				"name": "lkp - phases to run ordered by priority",
				"type": "Lookup",
				"dependsOn": [],
				"policy": {
					"timeout": "7.00:00:00",
					"retry": 0,
					"retryIntervalInSeconds": 30,
					"secureOutput": false,
					"secureInput": false
				},
				"userProperties": [],
				"typeProperties": {
					"source": {
						"type": "SqlMISource",
						"sqlReaderStoredProcedureName": "[meta_arcgis].[usp_get_phases_to_run]",
						"storedProcedureParameters": {
							"in_BatchName": {
								"type": "String",
								"value": {
									"value": "@pipeline().parameters.plnPar_BatchName",
									"type": "Expression"
								}
							},
							"in_ScheduleName": {
								"type": "String",
								"value": {
									"value": "@pipeline().parameters.plnPar_SchedulName",
									"type": "Expression"
								}
							}
						},
						"queryTimeout": "02:00:00",
						"partitionOption": "None"
					},
					"dataset": {
						"referenceName": "ds_asqlmi_arcgis_tables",
						"type": "DatasetReference",
						"parameters": {
							"dsPar_TableName": {
								"value": "batch",
								"type": "Expression"
							},
							"dsPar_SchemaName": {
								"value": "meta_arcgis",
								"type": "Expression"
							}
						}
					}
				}
			},
			{
				"name": "set var - phases to run",
				"type": "SetVariable",
				"dependsOn": [
					{
						"activity": "lkp - phases to run ordered by priority",
						"dependencyConditions": [
							"Succeeded"
						]
					}
				],
				"policy": {
					"secureOutput": false,
					"secureInput": false
				},
				"userProperties": [],
				"typeProperties": {
					"variableName": "plnVar_PhasesToRun",
					"value": {
						"value": "@split(activity('lkp - phases to run ordered by priority').output.firstRow.ActivePhasesTxt,';')",
						"type": "Expression"
					}
				}
			},
			{
				"name": "ForEach - Phase - run the phase",
				"type": "ForEach",
				"dependsOn": [
					{
						"activity": "set var - phases to run",
						"dependencyConditions": [
							"Succeeded"
						]
					}
				],
				"userProperties": [],
				"typeProperties": {
					"items": {
						"value": "@variables('plnVar_PhasesToRun')",
						"type": "Expression"
					},
					"isSequential": true,
					"activities": [
						{
							"name": "set var - current phase",
							"type": "SetVariable",
							"dependsOn": [],
							"policy": {
								"secureOutput": false,
								"secureInput": false
							},
							"userProperties": [],
							"typeProperties": {
								"variableName": "plnVar_CurrentPhase",
								"value": {
									"value": "@split(item(),'{')[1]",
									"type": "Expression"
								}
							}
						},
						{
							"name": "If current Batch Run Status is NOT FAILED",
							"type": "IfCondition",
							"dependsOn": [
								{
									"activity": "set var - current phase",
									"dependencyConditions": [
										"Succeeded"
									]
								}
							],
							"userProperties": [],
							"typeProperties": {
								"expression": {
									"value": "@if(equals(variables('plnVar_BatchRunStatus'),'FAILED'),False,True)",
									"type": "Expression"
								},
								"ifTrueActivities": [
									{
										"name": "lkp - get current phase status",
										"type": "Lookup",
										"dependsOn": [
											{
												"activity": "exec - pln run - phase",
												"dependencyConditions": [
													"Succeeded"
												]
											}
										],
										"policy": {
											"timeout": "7.00:00:00",
											"retry": 0,
											"retryIntervalInSeconds": 30,
											"secureOutput": false,
											"secureInput": false
										},
										"userProperties": [],
										"typeProperties": {
											"source": {
												"type": "SqlMISource",
												"sqlReaderStoredProcedureName": "[meta_arcgis].[usp_get_phase_run_details]",
												"storedProcedureParameters": {
													"in_BatchName": {
														"type": "String",
														"value": {
															"value": "@pipeline().parameters.plnPar_BatchName",
															"type": "Expression"
														}
													},
													"in_PhaseName": {
														"type": "String",
														"value": {
															"value": "@variables('plnVar_CurrentPhase')",
															"type": "Expression"
														}
													},
													"in_ScheduleName": {
														"type": "String",
														"value": {
															"value": "@pipeline().parameters.plnPar_SchedulName",
															"type": "Expression"
														}
													}
												},
												"queryTimeout": "02:00:00",
												"partitionOption": "None"
											},
											"dataset": {
												"referenceName": "ds_asqlmi_arcgis_tables",
												"type": "DatasetReference",
												"parameters": {
													"dsPar_TableName": {
														"value": "batch",
														"type": "Expression"
													},
													"dsPar_SchemaName": {
														"value": "meta_arcgis",
														"type": "Expression"
													}
												}
											}
										}
									},
									{
										"name": "Set var - Current Batch Run Status",
										"type": "SetVariable",
										"dependsOn": [
											{
												"activity": "lkp - get current phase status",
												"dependencyConditions": [
													"Succeeded"
												]
											}
										],
										"policy": {
											"secureOutput": false,
											"secureInput": false
										},
										"userProperties": [],
										"typeProperties": {
											"variableName": "plnVar_BatchRunStatus",
											"value": {
												"value": "@activity('lkp - get current phase status').output.firstRow.PHASE_RUN_STATUS_CD",
												"type": "Expression"
											}
										}
									},
									{
										"name": "exec - start phase",
										"type": "ExecutePipeline",
										"dependsOn": [],
										"policy": {
											"secureInput": false
										},
										"userProperties": [],
										"typeProperties": {
											"pipeline": {
												"referenceName": "pln_orch_start_phase_arcgis",
												"type": "PipelineReference"
											},
											"waitOnCompletion": true,
											"parameters": {
												"plnPar_BatchName": {
													"value": "@pipeline().parameters.plnPar_BatchName",
													"type": "Expression"
												},
												"plnPar_PhaseName": {
													"value": "@variables('plnVar_CurrentPhase')",
													"type": "Expression"
												}
											}
										}
									},
									{
										"name": "exec - pln run - phase",
										"type": "ExecutePipeline",
										"dependsOn": [
											{
												"activity": "exec - start phase",
												"dependencyConditions": [
													"Succeeded"
												]
											}
										],
										"policy": {
											"secureInput": false
										},
										"userProperties": [],
										"typeProperties": {
											"pipeline": {
												"referenceName": "pln_run_phase_arcgis",
												"type": "PipelineReference"
											},
											"waitOnCompletion": true,
											"parameters": {
												"plnPar_BatchName": {
													"value": "@pipeline().parameters.plnPar_BatchName",
													"type": "Expression"
												},
												"plnPar_PhaseName": {
													"value": "@variables('plnVar_CurrentPhase')",
													"type": "Expression"
												},
												"plnPar_ScheduleName": {
													"value": "@pipeline().parameters.plnPar_SchedulName",
													"type": "Expression"
												}
											}
										}
									},
									{
										"name": "Set var - Current Batch Run Status - FAILED",
										"type": "SetVariable",
										"dependsOn": [
											{
												"activity": "exec - pln run - phase",
												"dependencyConditions": [
													"Failed"
												]
											}
										],
										"policy": {
											"secureOutput": false,
											"secureInput": false
										},
										"userProperties": [],
										"typeProperties": {
											"variableName": "plnVar_BatchRunStatus",
											"value": {
												"value": "FAILED",
												"type": "Expression"
											}
										}
									},
									{
										"name": "fail - batch",
										"type": "Fail",
										"dependsOn": [
											{
												"activity": "exec - fail - schedule",
												"dependencyConditions": [
													"Succeeded"
												]
											}
										],
										"userProperties": [],
										"typeProperties": {
											"message": "Batch Failed to Run. Check the ADF monitor",
											"errorCode": "100"
										}
									},
									{
										"name": "exec - fail - schedule",
										"type": "ExecutePipeline",
										"dependsOn": [
											{
												"activity": "Set var - Current Batch Run Status - FAILED",
												"dependencyConditions": [
													"Succeeded"
												]
											}
										],
										"policy": {
											"secureInput": false
										},
										"userProperties": [],
										"typeProperties": {
											"pipeline": {
												"referenceName": "pln_orch_end_schedule_arcgis",
												"type": "PipelineReference"
											},
											"waitOnCompletion": true,
											"parameters": {
												"plnPar_ScheduleName": {
													"value": "@pipeline().parameters.plnPar_SchedulName",
													"type": "Expression"
												},
												"plnPar_SchedulRunStatusCd": "FAILED"
											}
										}
									}
								]
							}
						}
					]
				}
			},
			{
				"name": "If Batch Run Status is still NOT FAILED",
				"type": "IfCondition",
				"dependsOn": [
					{
						"activity": "ForEach - Phase - run the phase",
						"dependencyConditions": [
							"Succeeded"
						]
					}
				],
				"userProperties": [],
				"typeProperties": {
					"expression": {
						"value": "@if(equals(variables('PlnVar_BatchRunStatus'),'FAILED'), False, True)",
						"type": "Expression"
					},
					"ifFalseActivities": [
						{
							"name": "Exec - End Batch - FAILED",
							"type": "ExecutePipeline",
							"dependsOn": [],
							"policy": {
								"secureInput": false
							},
							"userProperties": [],
							"typeProperties": {
								"pipeline": {
									"referenceName": "pln_orch_end_batch_arcgis",
									"type": "PipelineReference"
								},
								"waitOnCompletion": true,
								"parameters": {
									"plnPar_BatchName": {
										"value": "@pipeline().parameters.plnPar_BatchName",
										"type": "Expression"
									},
									"plnPar_BatchRunStatusCd": {
										"value": "FAILED",
										"type": "Expression"
									}
								}
							}
						},
						{
							"name": "Exec - End Schedule - FAILED",
							"type": "ExecutePipeline",
							"dependsOn": [
								{
									"activity": "Exec - End Batch - FAILED",
									"dependencyConditions": [
										"Succeeded"
									]
								}
							],
							"policy": {
								"secureInput": false
							},
							"userProperties": [],
							"typeProperties": {
								"pipeline": {
									"referenceName": "pln_orch_end_schedule_arcgis",
									"type": "PipelineReference"
								},
								"waitOnCompletion": true,
								"parameters": {
									"plnPar_ScheduleName": {
										"value": "@pipeline().parameters.plnPar_SchedulName",
										"type": "Expression"
									},
									"plnPar_SchedulRunStatusCd": "FAILED"
								}
							}
						}
					],
					"ifTrueActivities": [
						{
							"name": "exec - end batch - complete",
							"type": "ExecutePipeline",
							"dependsOn": [],
							"policy": {
								"secureInput": false
							},
							"userProperties": [],
							"typeProperties": {
								"pipeline": {
									"referenceName": "pln_orch_end_batch_arcgis",
									"type": "PipelineReference"
								},
								"waitOnCompletion": true,
								"parameters": {
									"plnPar_BatchName": {
										"value": "@pipeline().parameters.plnPar_BatchName",
										"type": "Expression"
									},
									"plnPar_BatchRunStatusCd": "COMPLETE"
								}
							}
						}
					]
				}
			}
		],
		"parameters": {
			"plnPar_BatchName": {
				"type": "string",
				"defaultValue": "nCino_Staging_Daily"
			},
			"plnPar_SchedulName": {
				"type": "string",
				"defaultValue": "EDW_Daily"
			},
			"plnPar_ScheduleRunDate": {
				"type": "string",
				"defaultValue": "2021-06-03"
			}
		},
		"variables": {
			"plnVar_PhasesToRun": {
				"type": "Array"
			},
			"plnVar_CurrentPhase": {
				"type": "String"
			},
			"plnVar_BatchRunStatus": {
				"type": "String",
				"defaultValue": "SUCCEEEDED"
			}
		},
		"folder": {
			"name": "ArcGIS Land and Stage/Orchestration"
		},
		"annotations": [],
		"lastPublishTime": "2024-01-10T16:52:11Z"
	},
	"type": "Microsoft.DataFactory/factories/pipelines"
}