{
	"name": "pln_load_dim_date",
	"properties": {
		"activities": [
			{
				"name": "exec - load pres - dim_date",
				"type": "SqlServerStoredProcedure",
				"dependsOn": [],
				"policy": {
					"timeout": "7.00:00:00",
					"retry": 0,
					"retryIntervalInSeconds": 30,
					"secureOutput": false,
					"secureInput": false
				},
				"userProperties": [],
				"typeProperties": {
					"storedProcedureName": "[pres_gr].[usp_load_dim_date]",
					"storedProcedureParameters": {
						"in_ScheduleTaskRunSk": {
							"value": {
								"value": "@pipeline().parameters.plnPar_ScheduleTaskRunSk",
								"type": "Expression"
							},
							"type": "Int64"
						}
					}
				},
				"linkedServiceName": {
					"referenceName": "lnks_edw_asqldb_nwedw",
					"type": "LinkedServiceReference"
				}
			}
		],
		"parameters": {
			"plnPar_ScheduleTaskRunSk": {
				"type": "string"
			}
		},
		"folder": {
			"name": "41 - Presentation/Common"
		},
		"annotations": [],
		"lastPublishTime": "2022-09-06T14:47:13Z"
	},
	"type": "Microsoft.DataFactory/factories/pipelines"
}