{
	"name": "pln_load_arcgis_mls_ongoing_src_to_raw",
	"properties": {
		"activities": [
			{
				"name": "Get Metadata1",
				"type": "GetMetadata",
				"dependsOn": [],
				"policy": {
					"timeout": "0.12:00:00",
					"retry": 0,
					"retryIntervalInSeconds": 30,
					"secureOutput": false,
					"secureInput": false
				},
				"userProperties": [],
				"typeProperties": {
					"dataset": {
						"referenceName": "ds_ftp_mls",
						"type": "DatasetReference",
						"parameters": {
							"Folder_Name": {
								"value": "@pipeline().parameters.plnPar_FTP_Folder",
								"type": "Expression"
							},
							"File_Name": {
								"value": "@pipeline().parameters.plnPar_FTP_File",
								"type": "Expression"
							}
						}
					},
					"fieldList": [
						"childItems"
					],
					"storeSettings": {
						"type": "FtpReadSettings",
						"recursive": true,
						"enablePartitionDiscovery": false,
						"useBinaryTransfer": true,
						"disableChunking": false
					},
					"formatSettings": {
						"type": "BinaryReadSettings"
					}
				}
			},
			{
				"name": "Filter1_copy1",
				"type": "Filter",
				"dependsOn": [
					{
						"activity": "Get Metadata1",
						"dependencyConditions": [
							"Succeeded"
						]
					}
				],
				"userProperties": [],
				"typeProperties": {
					"items": {
						"value": "@activity('Get Metadata1').output.childItems",
						"type": "Expression"
					},
					"condition": {
						"value": "@contains(item().name,formatDateTime(pipeline().parameters.plnPar_ScheduleTaskRunDt,'yyyyMMdd'))",
						"type": "Expression"
					}
				}
			},
			{
				"name": "ForEach zip file",
				"type": "ForEach",
				"dependsOn": [
					{
						"activity": "Filter1_copy1",
						"dependencyConditions": [
							"Succeeded"
						]
					}
				],
				"userProperties": [],
				"typeProperties": {
					"items": {
						"value": "@activity('Filter1_copy1').output.value",
						"type": "Expression"
					},
					"isSequential": true,
					"activities": [
						{
							"name": "Set plnVar_zipFileName",
							"type": "SetVariable",
							"dependsOn": [],
							"policy": {
								"secureOutput": false,
								"secureInput": false
							},
							"userProperties": [],
							"typeProperties": {
								"variableName": "plnVar_zipFileName",
								"value": {
									"value": "@item().name",
									"type": "Expression"
								}
							}
						},
						{
							"name": "Copy Attom MLS Data File",
							"type": "Copy",
							"dependsOn": [
								{
									"activity": "Set plnVar_zipFileName",
									"dependencyConditions": [
										"Succeeded"
									]
								}
							],
							"policy": {
								"timeout": "0.12:00:00",
								"retry": 0,
								"retryIntervalInSeconds": 30,
								"secureOutput": false,
								"secureInput": false
							},
							"userProperties": [],
							"typeProperties": {
								"source": {
									"type": "BinarySource",
									"storeSettings": {
										"type": "FtpReadSettings",
										"recursive": true,
										"useBinaryTransfer": true,
										"deleteFilesAfterCompletion": false,
										"disableChunking": false
									},
									"formatSettings": {
										"type": "BinaryReadSettings",
										"compressionProperties": {
											"type": "ZipDeflateReadSettings"
										}
									}
								},
								"sink": {
									"type": "BinarySink",
									"storeSettings": {
										"type": "AzureBlobFSWriteSettings"
									}
								},
								"enableStaging": false
							},
							"inputs": [
								{
									"referenceName": "ds_ftp_mls",
									"type": "DatasetReference",
									"parameters": {
										"Folder_Name": {
											"value": "@pipeline().parameters.plnPar_FTP_Folder",
											"type": "Expression"
										},
										"File_Name": {
											"value": "@variables('plnVar_zipFileName')",
											"type": "Expression"
										}
									}
								}
							],
							"outputs": [
								{
									"referenceName": "ds_adls_raw_binary_folder",
									"type": "DatasetReference",
									"parameters": {
										"dsPar_Container": {
											"value": "@pipeline().parameters.plnPar_TgtContainer",
											"type": "Expression"
										},
										"dsPar_Folder": {
											"value": "@pipeline().parameters.plnPar_TgtFolder",
											"type": "Expression"
										}
									}
								}
							]
						}
					]
				}
			}
		],
		"parameters": {
			"plnPar_FTP_Folder": {
				"type": "string",
				"defaultValue": "Outgoing/Listinganalyticscustom"
			},
			"plnPar_FTP_File": {
				"type": "string",
				"defaultValue": "*.zip"
			},
			"plnPar_TgtContainer": {
				"type": "string",
				"defaultValue": "raw-arcgis"
			},
			"plnPar_TgtFolder": {
				"type": "string",
				"defaultValue": "mls"
			},
			"plnPar_TgtSchema": {
				"type": "string",
				"defaultValue": "work_arcgis"
			},
			"plnPar_TgtFileInfoTable": {
				"type": "string",
				"defaultValue": "initial_data_files"
			},
			"plnPar_ScheduleTaskRunDt": {
				"type": "string",
				"defaultValue": "2024-03-07"
			}
		},
		"variables": {
			"plnVar_zipFileName": {
				"type": "String"
			}
		},
		"folder": {
			"name": "21 - Datalake/ArcGIS/Ongoing"
		},
		"annotations": [],
		"lastPublishTime": "2024-03-18T10:37:06Z"
	},
	"type": "Microsoft.DataFactory/factories/pipelines"
}