{
	"name": "pln_load_src_to_raw_AgencyRoot",
	"properties": {
		"activities": [
			{
				"name": "ForEach1",
				"type": "ForEach",
				"dependsOn": [
					{
						"activity": "Set variable4_copy1",
						"dependencyConditions": [
							"Succeeded"
						]
					}
				],
				"userProperties": [],
				"typeProperties": {
					"items": {
						"value": "@if(contains(pipeline().parameters.plnPar_ScheduleTaskRunDt,'1900-01-01'),variables('list_of_years_array_full'),variables('list_of_years_array'))",
						"type": "Expression"
					},
					"isSequential": true,
					"activities": [
						{
							"name": "Set variable2",
							"type": "SetVariable",
							"dependsOn": [],
							"policy": {
								"secureOutput": false,
								"secureInput": false
							},
							"userProperties": [],
							"typeProperties": {
								"variableName": "reinsuranceYear",
								"value": {
									"value": "@string(item())",
									"type": "Expression"
								}
							}
						},
						{
							"name": "Execute Pipeline1",
							"type": "ExecutePipeline",
							"dependsOn": [
								{
									"activity": "Set variable2",
									"dependencyConditions": [
										"Succeeded"
									]
								}
							],
							"policy": {
								"secureInput": false
							},
							"userProperties": [],
							"typeProperties": {
								"pipeline": {
									"referenceName": "pln_AR_src_raw",
									"type": "PipelineReference"
								},
								"waitOnCompletion": true,
								"parameters": {
									"plnPar_RecordName": {
										"value": "@pipeline().parameters.plnPar_RecordName",
										"type": "Expression"
									},
									"plnPar_ReInsuranceYear": {
										"value": "@variables('reinsuranceYear')",
										"type": "Expression"
									},
									"plnPar_FirstNumber": {
										"value": "@pipeline().parameters.plnPar_FirstNumber",
										"type": "Expression"
									},
									"plnPar_RecordOrder": {
										"value": "@pipeline().parameters.plnPar_RecordOrder",
										"type": "Expression"
									},
									"plnPar_PageInfo": {
										"value": "@pipeline().parameters.plnPar_PageInfo",
										"type": "Expression"
									},
									"plnPar_ADLS_URL": {
										"value": "@pipeline().globalParameters.ADLS_URL_AgencyRoot",
										"type": "Expression"
									},
									"plnPar_Container": {
										"value": "@pipeline().parameters.plnPar_Container",
										"type": "Expression"
									},
									"plnPar_ScheduleTaskRunDt": {
										"value": "@pipeline().parameters.plnPar_ScheduleTaskRunDt",
										"type": "Expression"
									},
									"plnPar_Nodes": {
										"value": "@variables('nodes')",
										"type": "Expression"
									}
								}
							}
						}
					]
				}
			},
			{
				"name": "Delete1",
				"type": "Delete",
				"dependsOn": [],
				"policy": {
					"timeout": "0.12:00:00",
					"retry": 0,
					"retryIntervalInSeconds": 30,
					"secureOutput": false,
					"secureInput": false
				},
				"userProperties": [],
				"typeProperties": {
					"dataset": {
						"referenceName": "ds_adls_raw_json_common",
						"type": "DatasetReference",
						"parameters": {
							"dsPar_ADLS_URL": {
								"value": "@pipeline().parameters.plnPar_ADLS_URL",
								"type": "Expression"
							},
							"dsPar_Container": {
								"value": "@pipeline().parameters.plnPar_Container",
								"type": "Expression"
							},
							"dsPar_Filename": "*.json",
							"dsPar_Folder": {
								"value": "@concat(pipeline().parameters.plnPar_RecordName,'/','temp')",
								"type": "Expression"
							}
						}
					},
					"enableLogging": false,
					"storeSettings": {
						"type": "AzureBlobFSReadSettings",
						"recursive": true,
						"wildcardFileName": "*.json",
						"enablePartitionDiscovery": false
					}
				}
			},
			{
				"name": "Set variable3",
				"type": "SetVariable",
				"dependsOn": [
					{
						"activity": "ForEach1",
						"dependencyConditions": [
							"Succeeded"
						]
					}
				],
				"policy": {
					"secureOutput": false,
					"secureInput": false
				},
				"userProperties": [],
				"typeProperties": {
					"variableName": "file_date",
					"value": {
						"value": "@if(contains(pipeline().parameters.plnPar_ScheduleTaskRunDt,'1900-01-01'),formatDateTime(utcNow(),'yyyy/MM/dd'),formatDateTime(pipeline().parameters.plnPar_ScheduleTaskRunDt,'yyyy/MM/dd'))",
						"type": "Expression"
					}
				}
			},
			{
				"name": "Set variable4",
				"type": "SetVariable",
				"dependsOn": [
					{
						"activity": "Script1",
						"dependencyConditions": [
							"Succeeded"
						]
					}
				],
				"policy": {
					"secureOutput": false,
					"secureInput": false
				},
				"userProperties": [],
				"typeProperties": {
					"variableName": "nodes",
					"value": {
						"value": "@activity('Script1').output.resultSets[0].rows[0].required_columns",
						"type": "Expression"
					}
				}
			},
			{
				"name": "Script1",
				"type": "Script",
				"dependsOn": [
					{
						"activity": "Delete1",
						"dependencyConditions": [
							"Succeeded"
						]
					}
				],
				"policy": {
					"timeout": "0.12:00:00",
					"retry": 0,
					"retryIntervalInSeconds": 30,
					"secureOutput": false,
					"secureInput": false
				},
				"userProperties": [],
				"linkedServiceName": {
					"referenceName": "lnks_edw_asqldb_nwedw",
					"type": "LinkedServiceReference"
				},
				"typeProperties": {
					"scripts": [
						{
							"type": "Query",
							"text": {
								"value": "@if(or(contains(pipeline().parameters.plnPar_RecordName,'p11'),or(contains(pipeline().parameters.plnPar_RecordName,'p13'),or(contains(pipeline().parameters.plnPar_RecordName,'p16'),or(contains(pipeline().parameters.plnPar_RecordName,'p17'),or(contains(pipeline().parameters.plnPar_RecordName,'p18'),contains(pipeline().parameters.plnPar_RecordName,'p19')))))),concat('SELECT CONCAT(a.name, b.name, c.name, d.name) AS required_columns\nFROM \n(SELECT ','''aipInsuranceInForceKey aipPolicyProducerKey reinsuranceYear aipCode''',' AS name ) AS a\nCROSS JOIN \n(SELECT ''' ,' ',pipeline().parameters.plnPar_RecordName,' {'' AS name) As b\nCROSS JOIN\n(SELECT STRING_AGG (CONVERT(NVARCHAR(max),attribute_nm), ',''' ''',') AS name FROM mgmt.vw_entity_attribute where entity_nm = ','''',pipeline().parameters.plnPar_RecordName,''') AS c\nCROSS JOIN\n(SELECT  ','''}''',' AS name) AS d'),concat('SELECT STRING_AGG (CONVERT(NVARCHAR(max),attribute_nm), ',''' ''',') AS required_columns FROM mgmt.vw_entity_attribute where entity_nm = ','''',pipeline().parameters.plnPar_RecordName,''''))",
								"type": "Expression"
							}
						}
					],
					"scriptBlockExecutionTimeout": "02:00:00"
				}
			},
			{
				"name": "Set variable5",
				"type": "SetVariable",
				"dependsOn": [
					{
						"activity": "Set variable4",
						"dependencyConditions": [
							"Succeeded"
						]
					}
				],
				"policy": {
					"secureOutput": false,
					"secureInput": false
				},
				"userProperties": [],
				"typeProperties": {
					"variableName": "list_of_years",
					"value": {
						"value": "@if(contains(pipeline().parameters.plnPar_ScheduleTaskRunDt,'1900-01-01'),concat(formatDateTime(addToTime(utcnow(), -2, 'Year'), 'yyyy'),',',formatDateTime(addToTime(utcnow(), -1, 'Year'), 'yyyy'),',',formatDateTime(utcnow(),'yyyy')),concat(formatDateTime(addToTime(pipeline().parameters.plnPar_ScheduleTaskRunDt, -2, 'Year'), 'yyyy'),',',formatDateTime(addToTime(pipeline().parameters.plnPar_ScheduleTaskRunDt, -1, 'Year'), 'yyyy'),',',formatDateTime(pipeline().parameters.plnPar_ScheduleTaskRunDt,'yyyy')))",
						"type": "Expression"
					}
				}
			},
			{
				"name": "Set variable6",
				"type": "SetVariable",
				"dependsOn": [
					{
						"activity": "Set variable5",
						"dependencyConditions": [
							"Succeeded"
						]
					}
				],
				"policy": {
					"secureOutput": false,
					"secureInput": false
				},
				"userProperties": [],
				"typeProperties": {
					"variableName": "list_of_years_array",
					"value": {
						"value": "@split(variables('list_of_years'), ',')",
						"type": "Expression"
					}
				}
			},
			{
				"name": "Set variable1",
				"type": "SetVariable",
				"dependsOn": [
					{
						"activity": "Set variable6",
						"dependencyConditions": [
							"Succeeded"
						]
					}
				],
				"policy": {
					"secureOutput": false,
					"secureInput": false
				},
				"userProperties": [],
				"typeProperties": {
					"variableName": "currentYear",
					"value": {
						"value": "@if(contains(pipeline().parameters.plnPar_ScheduleTaskRunDt,'1900-01-01'),formatDateTime(utcNow(), 'yyyy'),formatDateTime(pipeline().parameters.plnPar_ScheduleTaskRunDt, 'yyyy'))",
						"type": "Expression"
					}
				}
			},
			{
				"name": "Set variable2_copy1",
				"type": "SetVariable",
				"dependsOn": [
					{
						"activity": "Set variable1",
						"dependencyConditions": [
							"Succeeded"
						]
					}
				],
				"policy": {
					"secureOutput": false,
					"secureInput": false
				},
				"userProperties": [],
				"typeProperties": {
					"variableName": "years_array",
					"value": {
						"value": "@createarray('2017','2018','2019','2020','2021','2022','2023')\n",
						"type": "Expression"
					}
				}
			},
			{
				"name": "ForEach1_copy1",
				"type": "ForEach",
				"dependsOn": [
					{
						"activity": "Set variable2_copy1",
						"dependencyConditions": [
							"Succeeded"
						]
					}
				],
				"userProperties": [],
				"typeProperties": {
					"items": {
						"value": "@range(2024, sub(int(variables('currentYear')), 2023))\n",
						"type": "Expression"
					},
					"isSequential": true,
					"activities": [
						{
							"name": "Append variable1_copy1",
							"type": "AppendVariable",
							"dependsOn": [],
							"userProperties": [],
							"typeProperties": {
								"variableName": "years_array",
								"value": {
									"value": "@string(item())",
									"type": "Expression"
								}
							}
						}
					]
				}
			},
			{
				"name": "Set variable3_copy2",
				"type": "SetVariable",
				"dependsOn": [
					{
						"activity": "ForEach1_copy1",
						"dependencyConditions": [
							"Succeeded"
						]
					}
				],
				"policy": {
					"secureOutput": false,
					"secureInput": false
				},
				"userProperties": [],
				"typeProperties": {
					"variableName": "list_of_years_full",
					"value": {
						"value": "@join(variables('years_array'), ',')",
						"type": "Expression"
					}
				}
			},
			{
				"name": "Set variable4_copy1",
				"type": "SetVariable",
				"dependsOn": [
					{
						"activity": "Set variable3_copy2",
						"dependencyConditions": [
							"Succeeded"
						]
					}
				],
				"policy": {
					"secureOutput": false,
					"secureInput": false
				},
				"userProperties": [],
				"typeProperties": {
					"variableName": "list_of_years_array_full",
					"value": {
						"value": "@split(variables('list_of_years_full'), ',')",
						"type": "Expression"
					}
				}
			},
			{
				"name": "Copy data1_copy1",
				"type": "Copy",
				"dependsOn": [
					{
						"activity": "Set variable3",
						"dependencyConditions": [
							"Succeeded"
						]
					}
				],
				"policy": {
					"timeout": "0.12:00:00",
					"retry": 0,
					"retryIntervalInSeconds": 30,
					"secureOutput": false,
					"secureInput": false
				},
				"userProperties": [],
				"typeProperties": {
					"source": {
						"type": "JsonSource",
						"storeSettings": {
							"type": "AzureBlobFSReadSettings",
							"recursive": true,
							"wildcardFolderPath": {
								"value": "@concat(pipeline().parameters.plnPar_RecordName,'/','temp')",
								"type": "Expression"
							},
							"wildcardFileName": "*.json",
							"enablePartitionDiscovery": false
						},
						"formatSettings": {
							"type": "JsonReadSettings"
						}
					},
					"sink": {
						"type": "JsonSink",
						"storeSettings": {
							"type": "AzureBlobFSWriteSettings",
							"copyBehavior": "MergeFiles"
						},
						"formatSettings": {
							"type": "JsonWriteSettings"
						}
					},
					"enableStaging": false,
					"translator": {
						"type": "TabularTranslator",
						"mappings": [
							{
								"source": {
									"path": "['aipInsuranceInForceKey']"
								},
								"sink": {
									"name": "aipInsuranceInForceKey",
									"type": "String"
								}
							},
							{
								"source": {
									"path": "['aipPolicyProducerKey']"
								},
								"sink": {
									"name": "aipPolicyProducerKey",
									"type": "String"
								}
							},
							{
								"source": {
									"path": "['reinsuranceYear']"
								},
								"sink": {
									"name": "reinsuranceYear",
									"type": "String"
								}
							},
							{
								"source": {
									"path": "['aipCode']"
								},
								"sink": {
									"name": "aipCode",
									"type": "String"
								}
							},
							{
								"source": {
									"path": "['p11AcreageRecords'][0]['aipAcreageKey']"
								},
								"sink": {
									"name": "aipAcreageKey",
									"type": "String"
								}
							},
							{
								"source": {
									"path": "['p11AcreageRecords'][0]['aipLiabilityAmount']"
								},
								"sink": {
									"name": "aipLiabilityAmount",
									"type": "String"
								}
							},
							{
								"source": {
									"path": "['p11AcreageRecords'][0]['aipSubsidyAmount']"
								},
								"sink": {
									"name": "aipSubsidyAmount",
									"type": "String"
								}
							},
							{
								"source": {
									"path": "['p11AcreageRecords'][0]['aipTotalPremiumAmount']"
								},
								"sink": {
									"name": "aipTotalPremiumAmount",
									"type": "String"
								}
							},
							{
								"source": {
									"path": "$['data']['p14InsuranceInForceRecords']['pageInfo']['startCursor']"
								},
								"sink": {
									"name": "startCursor",
									"type": "String"
								}
							},
							{
								"source": {
									"path": "$['data']['p14InsuranceInForceRecords']['pageInfo']['endCursor']"
								},
								"sink": {
									"name": "endCursor",
									"type": "String"
								}
							},
							{
								"source": {
									"path": "$['data']['p14InsuranceInForceRecords']['pageInfo']['hasNextPage']"
								},
								"sink": {
									"name": "hasNextPage",
									"type": "String"
								}
							}
						],
						"collectionReference": "$['data']['p14InsuranceInForceRecords']['nodes']"
					}
				},
				"inputs": [
					{
						"referenceName": "ds_adls_raw_json_common",
						"type": "DatasetReference",
						"parameters": {
							"dsPar_ADLS_URL": {
								"value": "@pipeline().parameters.plnPar_ADLS_URL",
								"type": "Expression"
							},
							"dsPar_Container": {
								"value": "@pipeline().parameters.plnPar_Container",
								"type": "Expression"
							},
							"dsPar_Filename": "*.json",
							"dsPar_Folder": {
								"value": "@concat(pipeline().parameters.plnPar_RecordName,'/','temp')",
								"type": "Expression"
							}
						}
					}
				],
				"outputs": [
					{
						"referenceName": "ds_adls_raw_json_common",
						"type": "DatasetReference",
						"parameters": {
							"dsPar_ADLS_URL": {
								"value": "@pipeline().parameters.plnPar_ADLS_URL",
								"type": "Expression"
							},
							"dsPar_Container": {
								"value": "@pipeline().parameters.plnPar_Container",
								"type": "Expression"
							},
							"dsPar_Filename": {
								"value": "@concat(pipeline().parameters.plnPar_RecordName,'_',formatDateTime(utcnow(),'yyyyMMddHHmmss'),'.json')",
								"type": "Expression"
							},
							"dsPar_Folder": {
								"value": "@concat(pipeline().parameters.plnPar_RecordName,'/',variables('file_date'),'/','full')",
								"type": "Expression"
							}
						}
					}
				]
			}
		],
		"parameters": {
			"plnPar_RecordName": {
				"type": "string",
				"defaultValue": "p14InsuranceInForceRecords"
			},
			"plnPar_FirstNumber": {
				"type": "string",
				"defaultValue": "7000"
			},
			"plnPar_RecordOrder": {
				"type": "string",
				"defaultValue": "ASC"
			},
			"plnPar_PageInfo": {
				"type": "string",
				"defaultValue": "startCursor endCursor hasNextPage"
			},
			"plnPar_ADLS_URL": {
				"type": "string",
				"defaultValue": "https://nwedwdusw01stor.dfs.core.windows.net"
			},
			"plnPar_Container": {
				"type": "string",
				"defaultValue": "agency-root"
			},
			"plnPar_ScheduleTaskRunDt": {
				"type": "string",
				"defaultValue": "2024-09-27"
			},
			"plnPar_ScheduleTaskRunSk": {
				"type": "string",
				"defaultValue": "100"
			},
			"plnPar_ScheduleName": {
				"type": "string",
				"defaultValue": "EDW_Daily_AgencyRoot"
			},
			"plnPar_BatchName": {
				"type": "string",
				"defaultValue": "AgencyRoot_Staging_Daily"
			},
			"plnPar_PhaseName": {
				"type": "string",
				"defaultValue": "Raw"
			}
		},
		"variables": {
			"reinsuranceYear": {
				"type": "String"
			},
			"file_date": {
				"type": "String"
			},
			"nodes": {
				"type": "String"
			},
			"list_of_years": {
				"type": "String"
			},
			"list_of_years_array": {
				"type": "Array"
			},
			"currentYear": {
				"type": "String"
			},
			"years_array": {
				"type": "Array"
			},
			"list_of_years_full": {
				"type": "String"
			},
			"list_of_years_array_full": {
				"type": "Array"
			}
		},
		"folder": {
			"name": "21 - Datalake/AgencyRoot"
		},
		"annotations": [],
		"lastPublishTime": "2024-10-23T19:17:55Z"
	},
	"type": "Microsoft.DataFactory/factories/pipelines"
}