{
	"name": "pln_load_raw_to_land_AgencyRoot_MPCIPolicyProducer",
	"properties": {
		"activities": [
			{
				"name": "Get Metadata1",
				"type": "GetMetadata",
				"dependsOn": [
					{
						"activity": "Set variable3",
						"dependencyConditions": [
							"Succeeded"
						]
					}
				],
				"policy": {
					"timeout": "0.12:00:00",
					"retry": 0,
					"retryIntervalInSeconds": 30,
					"secureOutput": false,
					"secureInput": false
				},
				"userProperties": [],
				"typeProperties": {
					"dataset": {
						"referenceName": "ds_adls_raw_json_common",
						"type": "DatasetReference",
						"parameters": {
							"dsPar_ADLS_URL": {
								"value": "@pipeline().parameters.plnPar_ADLS_URL",
								"type": "Expression"
							},
							"dsPar_Container": {
								"value": "@pipeline().parameters.plnPar_Container",
								"type": "Expression"
							},
							"dsPar_Filename": "*.json",
							"dsPar_Folder": {
								"value": "@concat(pipeline().parameters.plnPar_RecordName,'/',variables('file_date'),'/','full')",
								"type": "Expression"
							}
						}
					},
					"fieldList": [
						"childItems"
					],
					"storeSettings": {
						"type": "AzureBlobFSReadSettings",
						"recursive": true,
						"enablePartitionDiscovery": false
					},
					"formatSettings": {
						"type": "JsonReadSettings"
					}
				}
			},
			{
				"name": "ForEach1",
				"type": "ForEach",
				"dependsOn": [
					{
						"activity": "Get Metadata1",
						"dependencyConditions": [
							"Succeeded"
						]
					}
				],
				"userProperties": [],
				"typeProperties": {
					"items": {
						"value": "@activity('Get Metadata1').output.childItems",
						"type": "Expression"
					},
					"isSequential": true,
					"activities": [
						{
							"name": "Get Metadata3",
							"type": "GetMetadata",
							"dependsOn": [],
							"policy": {
								"timeout": "0.12:00:00",
								"retry": 0,
								"retryIntervalInSeconds": 30,
								"secureOutput": false,
								"secureInput": false
							},
							"userProperties": [],
							"typeProperties": {
								"dataset": {
									"referenceName": "DelimitedText_AgencyRoot",
									"type": "DatasetReference",
									"parameters": {
										"file_name": {
											"value": "@item().name",
											"type": "Expression"
										},
										"folder_name": {
											"value": "@concat(pipeline().parameters.plnPar_RecordName,'/',variables('file_date'),'/','full')",
											"type": "Expression"
										}
									}
								},
								"fieldList": [
									"lastModified",
									"itemName"
								],
								"storeSettings": {
									"type": "AzureBlobFSReadSettings",
									"recursive": true,
									"enablePartitionDiscovery": false
								},
								"formatSettings": {
									"type": "DelimitedTextReadSettings"
								}
							}
						},
						{
							"name": "If Condition1",
							"type": "IfCondition",
							"dependsOn": [
								{
									"activity": "Get Metadata3",
									"dependencyConditions": [
										"Succeeded"
									]
								}
							],
							"userProperties": [],
							"typeProperties": {
								"expression": {
									"value": "@greater(activity('Get Metadata3').output.lastModified, variables('recent_datetime'))",
									"type": "Expression"
								},
								"ifTrueActivities": [
									{
										"name": "Set variable1",
										"type": "SetVariable",
										"dependsOn": [],
										"policy": {
											"secureOutput": false,
											"secureInput": false
										},
										"userProperties": [],
										"typeProperties": {
											"variableName": "recent_datetime",
											"value": {
												"value": "@activity('Get Metadata3').output.lastModified",
												"type": "Expression"
											}
										}
									},
									{
										"name": "Set variable2",
										"type": "SetVariable",
										"dependsOn": [
											{
												"activity": "Set variable1",
												"dependencyConditions": [
													"Succeeded"
												]
											}
										],
										"policy": {
											"secureOutput": false,
											"secureInput": false
										},
										"userProperties": [],
										"typeProperties": {
											"variableName": "latest_file",
											"value": {
												"value": "@activity('Get Metadata3').output.itemName",
												"type": "Expression"
											}
										}
									}
								]
							}
						}
					]
				}
			},
			{
				"name": "Set variable3",
				"type": "SetVariable",
				"dependsOn": [],
				"policy": {
					"secureOutput": false,
					"secureInput": false
				},
				"userProperties": [],
				"typeProperties": {
					"variableName": "file_date",
					"value": {
						"value": "@if(contains(pipeline().parameters.plnPar_ScheduleTaskRunDt,'1900-01-01'),formatDateTime(utcNow(),'yyyy/MM/dd'),formatDateTime(pipeline().parameters.plnPar_ScheduleTaskRunDt,'yyyy/MM/dd'))",
						"type": "Expression"
					}
				}
			},
			{
				"name": "Copy data1",
				"type": "Copy",
				"dependsOn": [
					{
						"activity": "ForEach1",
						"dependencyConditions": [
							"Succeeded"
						]
					}
				],
				"policy": {
					"timeout": "0.12:00:00",
					"retry": 0,
					"retryIntervalInSeconds": 30,
					"secureOutput": false,
					"secureInput": false
				},
				"userProperties": [],
				"typeProperties": {
					"source": {
						"type": "JsonSource",
						"additionalColumns": [
							{
								"name": "record_create_process_run_sk",
								"value": {
									"value": "@pipeline().parameters.plnPar_ScheduleTaskRunSk",
									"type": "Expression"
								}
							},
							{
								"name": "record_create_ts",
								"value": {
									"value": "@utcnow()",
									"type": "Expression"
								}
							},
							{
								"name": "src_file_nm",
								"value": "$$FILEPATH"
							}
						],
						"storeSettings": {
							"type": "AzureBlobFSReadSettings",
							"recursive": true,
							"enablePartitionDiscovery": false
						},
						"formatSettings": {
							"type": "JsonReadSettings"
						}
					},
					"sink": {
						"type": "AzureSqlSink",
						"preCopyScript": "truncate table land_AgencyRoot.MPCI_PolicyProducer",
						"writeBehavior": "insert",
						"sqlWriterUseTableLock": false,
						"disableMetricsCollection": false
					},
					"enableStaging": false,
					"translator": {
						"type": "TabularTranslator",
						"mappings": [
							{
								"source": {
									"path": "['aipCode']"
								},
								"sink": {
									"name": "aipCode",
									"type": "String"
								}
							},
							{
								"source": {
									"path": "['aipPolicyProducerKey']"
								},
								"sink": {
									"name": "aipPolicyProducerKey",
									"type": "String"
								}
							},
							{
								"source": {
									"path": "['businessName']"
								},
								"sink": {
									"name": "businessName",
									"type": "String"
								}
							},
							{
								"source": {
									"path": "['firstName']"
								},
								"sink": {
									"name": "firstName",
									"type": "String"
								}
							},
							{
								"source": {
									"path": "['lastName']"
								},
								"sink": {
									"name": "lastName",
									"type": "String"
								}
							},
							{
								"source": {
									"path": "['middleName']"
								},
								"sink": {
									"name": "middleName",
									"type": "String"
								}
							},
							{
								"source": {
									"path": "['policyNumber']"
								},
								"sink": {
									"name": "policyNumber",
									"type": "String"
								}
							},
							{
								"source": {
									"path": "['reinsuranceYear']"
								},
								"sink": {
									"name": "reinsuranceYear",
									"type": "String"
								}
							},
							{
								"source": {
									"path": "['suffix']"
								},
								"sink": {
									"name": "suffix",
									"type": "String"
								}
							},
							{
								"source": {
									"path": "['title']"
								},
								"sink": {
									"name": "title",
									"type": "String"
								}
							},
							{
								"source": {
									"path": "$['data']['p10PolicyProducerRecords']['pageInfo']['startCursor']"
								},
								"sink": {
									"name": "startCursor",
									"type": "String"
								}
							},
							{
								"source": {
									"path": "$['data']['p10PolicyProducerRecords']['pageInfo']['endCursor']"
								},
								"sink": {
									"name": "endCursor",
									"type": "String"
								}
							},
							{
								"source": {
									"path": "$['data']['p10PolicyProducerRecords']['pageInfo']['hasNextPage']"
								},
								"sink": {
									"name": "hasNextPage",
									"type": "String"
								}
							},
							{
								"source": {
									"path": "$['record_create_process_run_sk']"
								},
								"sink": {
									"name": "record_create_process_run_sk",
									"type": "Int64"
								}
							},
							{
								"source": {
									"path": "$['record_create_ts']"
								},
								"sink": {
									"name": "record_create_ts",
									"type": "DateTime"
								}
							},
							{
								"source": {
									"path": "$['src_file_nm']"
								},
								"sink": {
									"name": "src_file_nm",
									"type": "String"
								}
							}
						],
						"collectionReference": "$['data']['p10PolicyProducerRecords']['nodes']"
					}
				},
				"inputs": [
					{
						"referenceName": "ds_adls_raw_json_common",
						"type": "DatasetReference",
						"parameters": {
							"dsPar_ADLS_URL": {
								"value": "@pipeline().parameters.plnPar_ADLS_URL",
								"type": "Expression"
							},
							"dsPar_Container": {
								"value": "@pipeline().parameters.plnPar_Container",
								"type": "Expression"
							},
							"dsPar_Filename": {
								"value": "@variables('latest_file')",
								"type": "Expression"
							},
							"dsPar_Folder": {
								"value": "@concat(pipeline().parameters.plnPar_RecordName,'/',variables('file_date'),'/','full')",
								"type": "Expression"
							}
						}
					}
				],
				"outputs": [
					{
						"referenceName": "ds_asqldb_edw_table",
						"type": "DatasetReference",
						"parameters": {
							"dsPar_SchemaName": "land_AgencyRoot",
							"dsPar_TableName": "MPCI_PolicyProducer"
						}
					}
				]
			},
			{
				"name": "Script1",
				"type": "Script",
				"dependsOn": [
					{
						"activity": "Copy data1",
						"dependencyConditions": [
							"Succeeded"
						]
					}
				],
				"policy": {
					"timeout": "0.12:00:00",
					"retry": 0,
					"retryIntervalInSeconds": 30,
					"secureOutput": false,
					"secureInput": false
				},
				"userProperties": [],
				"linkedServiceName": {
					"referenceName": "lnks_edw_asqldb_nwedw",
					"type": "LinkedServiceReference"
				},
				"typeProperties": {
					"scripts": [
						{
							"type": "Query",
							"text": "select count(*) count from land_AgencyRoot.MPCI_PolicyProducer"
						}
					],
					"scriptBlockExecutionTimeout": "02:00:00"
				}
			},
			{
				"name": "exec - proc - update row counts",
				"type": "SqlServerStoredProcedure",
				"dependsOn": [
					{
						"activity": "Script1",
						"dependencyConditions": [
							"Succeeded"
						]
					}
				],
				"policy": {
					"timeout": "7.00:00:00",
					"retry": 0,
					"retryIntervalInSeconds": 30,
					"secureOutput": false,
					"secureInput": false
				},
				"userProperties": [],
				"typeProperties": {
					"storedProcedureName": "[mgmt].[usp_update_row_counts]",
					"storedProcedureParameters": {
						"in_ScheduleTaskRunSk": {
							"value": {
								"value": "@pipeline().parameters.plnPar_ScheduleTaskRunSk",
								"type": "Expression"
							},
							"type": "Int64"
						},
						"in_SourceRowCount": {
							"value": {
								"value": "@activity('Copy data1').output.rowsCopied",
								"type": "Expression"
							},
							"type": "Int64"
						},
						"in_TargetRowCount": {
							"value": {
								"value": "@activity('Script1').output.resultSets[0].rows[0].count",
								"type": "Expression"
							},
							"type": "Int64"
						},
						"in_TaskApplicationRunIdTxt": {
							"value": {
								"value": "@pipeline().RunId",
								"type": "Expression"
							},
							"type": "String"
						}
					}
				},
				"linkedServiceName": {
					"referenceName": "lnks_edw_asqldb_nwedw",
					"type": "LinkedServiceReference"
				}
			}
		],
		"parameters": {
			"plnPar_RecordName": {
				"type": "string",
				"defaultValue": "p10PolicyProducerRecords"
			},
			"plnPar_ADLS_URL": {
				"type": "string",
				"defaultValue": "https://nwedwdusw01stor.dfs.core.windows.net"
			},
			"plnPar_Container": {
				"type": "string",
				"defaultValue": "agency-root"
			},
			"plnPar_ScheduleTaskRunDt": {
				"type": "string",
				"defaultValue": "2024-10-08"
			},
			"plnPar_ScheduleTaskRunSk": {
				"type": "string",
				"defaultValue": "100"
			},
			"plnPar_ScheduleName": {
				"type": "string",
				"defaultValue": "EDW_Daily_AgencyRoot_Stg"
			},
			"plnPar_BatchName": {
				"type": "string",
				"defaultValue": "AgencyRoot_Staging_Daily"
			},
			"plnPar_PhaseName": {
				"type": "string",
				"defaultValue": "Land"
			},
			"plnPar_TargetTableName": {
				"type": "string",
				"defaultValue": "MPCI_PolicyProducer"
			}
		},
		"variables": {
			"file_date": {
				"type": "String"
			},
			"latest_file": {
				"type": "String"
			},
			"recent_datetime": {
				"type": "String"
			}
		},
		"folder": {
			"name": "31 - Staging/AgencyRoot"
		},
		"annotations": [],
		"lastPublishTime": "2024-11-06T07:51:39Z"
	},
	"type": "Microsoft.DataFactory/factories/pipelines"
}