{
	"name": "pln_load_q2eve_qa",
	"properties": {
		"activities": [
			{
				"name": "ForEach",
				"type": "ForEach",
				"dependsOn": [
					{
						"activity": "Until_new_files_found",
						"dependencyConditions": [
							"Succeeded"
						]
					}
				],
				"userProperties": [],
				"typeProperties": {
					"items": {
						"value": "@activity('Get Metadata QA files').output.childItems",
						"type": "Expression"
					},
					"isSequential": true,
					"activities": [
						{
							"name": "Q2EVE QA DATA",
							"type": "Copy",
							"dependsOn": [
								{
									"activity": "Each File Name",
									"dependencyConditions": [
										"Succeeded"
									]
								}
							],
							"policy": {
								"timeout": "0.12:00:00",
								"retry": 0,
								"retryIntervalInSeconds": 30,
								"secureOutput": false,
								"secureInput": false
							},
							"userProperties": [],
							"typeProperties": {
								"source": {
									"type": "BinarySource",
									"storeSettings": {
										"type": "SftpReadSettings",
										"recursive": true,
										"wildcardFolderPath": "/Inbound/EVE_Extract",
										"wildcardFileName": {
											"value": "@variables('v_filename')",
											"type": "Expression"
										},
										"deleteFilesAfterCompletion": false,
										"disableChunking": false
									},
									"formatSettings": {
										"type": "BinaryReadSettings"
									}
								},
								"sink": {
									"type": "BinarySink",
									"storeSettings": {
										"type": "AzureBlobFSWriteSettings"
									}
								},
								"enableStaging": false
							},
							"inputs": [
								{
									"referenceName": "sftp_files",
									"type": "DatasetReference"
								}
							],
							"outputs": [
								{
									"referenceName": "ds_adls_raw_binary",
									"type": "DatasetReference",
									"parameters": {
										"dsPar_Container": "raw-sftp",
										"dsPar_Folder": {
											"value": "@concat(activity('lkp - get schedule task run details').output.firstRow.tgt_entity_nm,'\\',replace(activity('lkp - get schedule task run details').output.firstRow.schedule_task_run_dt,'-','\\'))",
											"type": "Expression"
										}
									}
								}
							]
						},
						{
							"name": "Each File Name",
							"type": "SetVariable",
							"dependsOn": [],
							"policy": {
								"secureOutput": false,
								"secureInput": false
							},
							"userProperties": [],
							"typeProperties": {
								"variableName": "v_filename",
								"value": {
									"value": "@item().name",
									"type": "Expression"
								}
							}
						}
					]
				}
			},
			{
				"name": "Until_new_files_found",
				"type": "Until",
				"dependsOn": [
					{
						"activity": "lkp - get schedule task run details",
						"dependencyConditions": [
							"Succeeded"
						]
					}
				],
				"userProperties": [],
				"typeProperties": {
					"expression": {
						"value": "@bool(variables('v_files_exist'))",
						"type": "Expression"
					},
					"activities": [
						{
							"name": "Get Metadata QA files",
							"type": "GetMetadata",
							"dependsOn": [
								{
									"activity": "Set previous_date",
									"dependencyConditions": [
										"Succeeded"
									]
								}
							],
							"policy": {
								"timeout": "0.12:00:00",
								"retry": 0,
								"retryIntervalInSeconds": 30,
								"secureOutput": false,
								"secureInput": false
							},
							"userProperties": [],
							"typeProperties": {
								"dataset": {
									"referenceName": "sftp_files",
									"type": "DatasetReference"
								},
								"fieldList": [
									"childItems"
								],
								"storeSettings": {
									"type": "SftpReadSettings",
									"recursive": true,
									"modifiedDatetimeStart": {
										"value": "@addHours(startOfDay(activity('lkp - get schedule task run details').output.firstRow.schedule_task_run_dt), 8)",
										"type": "Expression"
									},
									"modifiedDatetimeEnd": {
										"value": "@addMinutes(addHours(startOfDay(addDays(activity('lkp - get schedule task run details').output.firstRow.schedule_task_run_dt , 1)), 7),59)\n\n",
										"type": "Expression"
									},
									"enablePartitionDiscovery": false,
									"disableChunking": false
								},
								"formatSettings": {
									"type": "BinaryReadSettings"
								}
							}
						},
						{
							"name": "Set current_date",
							"type": "SetVariable",
							"dependsOn": [],
							"policy": {
								"secureOutput": false,
								"secureInput": false
							},
							"userProperties": [],
							"typeProperties": {
								"variableName": "v_current_date",
								"value": {
									"value": "@formatDateTime(activity('lkp - get schedule task run details').output.firstRow.schedule_task_run_dt, 'yyyyMMdd')\n",
									"type": "Expression"
								}
							}
						},
						{
							"name": "Filter fpi current files",
							"type": "Filter",
							"dependsOn": [
								{
									"activity": "Get Metadata QA files",
									"dependencyConditions": [
										"Succeeded"
									]
								}
							],
							"userProperties": [],
							"typeProperties": {
								"items": {
									"value": "@activity('Get Metadata QA files').output.childItems",
									"type": "Expression"
								},
								"condition": {
									"value": "@contains(item().name, variables('v_current_date'))",
									"type": "Expression"
								}
							}
						},
						{
							"name": "Set previous_date",
							"type": "SetVariable",
							"dependsOn": [
								{
									"activity": "Set current_date",
									"dependencyConditions": [
										"Succeeded"
									]
								}
							],
							"policy": {
								"secureOutput": false,
								"secureInput": false
							},
							"userProperties": [],
							"typeProperties": {
								"variableName": "v_previous_date",
								"value": {
									"value": "@formatdatetime(addDays(activity('lkp - get schedule task run details').output.firstRow.schedule_task_run_dt,-1),'yyyyMMdd')\n",
									"type": "Expression"
								}
							}
						},
						{
							"name": "Filter fpi previous_day files",
							"type": "Filter",
							"dependsOn": [
								{
									"activity": "Filter fpi current files",
									"dependencyConditions": [
										"Succeeded"
									]
								}
							],
							"userProperties": [],
							"typeProperties": {
								"items": {
									"value": "@activity('Get Metadata QA files').output.childItems",
									"type": "Expression"
								},
								"condition": {
									"value": "@contains(item().name, variables('v_previous_date'))",
									"type": "Expression"
								}
							}
						},
						{
							"name": "check if files are available",
							"type": "IfCondition",
							"dependsOn": [
								{
									"activity": "Filter fpi previous_day files",
									"dependencyConditions": [
										"Succeeded"
									]
								}
							],
							"userProperties": [],
							"typeProperties": {
								"expression": {
									"value": "@equals(activity('Filter fpi current files').output.ItemsCount,48)",
									"type": "Expression"
								},
								"ifFalseActivities": [
									{
										"name": "Wait for 5 mins",
										"type": "Wait",
										"dependsOn": [],
										"userProperties": [],
										"typeProperties": {
											"waitTimeInSeconds": 300
										}
									}
								],
								"ifTrueActivities": [
									{
										"name": "files present",
										"type": "SetVariable",
										"dependsOn": [],
										"policy": {
											"secureOutput": false,
											"secureInput": false
										},
										"userProperties": [],
										"typeProperties": {
											"variableName": "v_files_exist",
											"value": true
										}
									}
								]
							}
						}
					],
					"timeout": "0.12:00:00"
				}
			},
			{
				"name": "lkp - get schedule task run details",
				"type": "Lookup",
				"dependsOn": [],
				"policy": {
					"timeout": "7.00:00:00",
					"retry": 0,
					"retryIntervalInSeconds": 30,
					"secureOutput": false,
					"secureInput": false
				},
				"userProperties": [],
				"typeProperties": {
					"source": {
						"type": "AzureSqlSource",
						"sqlReaderStoredProcedureName": "[mgmt].[usp_get_schedule_task_run_details]",
						"storedProcedureParameters": {
							"in_ScheduleTaskRunSk": {
								"type": "Int64",
								"value": {
									"value": "@pipeline().parameters.plnPar_ScheduleTaskRunSk",
									"type": "Expression"
								}
							}
						},
						"queryTimeout": "02:00:00",
						"partitionOption": "None"
					},
					"dataset": {
						"referenceName": "ds_asqldb_edw_table",
						"type": "DatasetReference",
						"parameters": {
							"dsPar_SchemaName": "dbo",
							"dsPar_TableName": "schedule_task_run"
						}
					},
					"firstRowOnly": true
				}
			},
			{
				"name": "exec - proc - update row counts",
				"type": "SqlServerStoredProcedure",
				"dependsOn": [
					{
						"activity": "Filter qa raw files",
						"dependencyConditions": [
							"Succeeded"
						]
					}
				],
				"policy": {
					"timeout": "7.00:00:00",
					"retry": 0,
					"retryIntervalInSeconds": 30,
					"secureOutput": false,
					"secureInput": false
				},
				"userProperties": [],
				"typeProperties": {
					"storedProcedureName": "[mgmt].[usp_update_row_counts]",
					"storedProcedureParameters": {
						"in_ScheduleTaskRunSk": {
							"value": {
								"value": "@pipeline().parameters.plnPar_ScheduleTaskRunSk",
								"type": "Expression"
							},
							"type": "Int64"
						},
						"in_SourceRowCount": {
							"value": {
								"value": "@activity('Filter qa raw files').output.ItemsCount",
								"type": "Expression"
							},
							"type": "Int64"
						},
						"in_TargetRowCount": {
							"value": {
								"value": "@activity('Filter fpi current files').output.ItemsCount",
								"type": "Expression"
							},
							"type": "Int64"
						},
						"in_TaskApplicationRunIdTxt": {
							"value": {
								"value": "@pipeline().RunId",
								"type": "Expression"
							},
							"type": "String"
						}
					}
				},
				"linkedServiceName": {
					"referenceName": "lnks_edw_asqldb_nwedw",
					"type": "LinkedServiceReference"
				}
			},
			{
				"name": "Get Metadata qa raw files",
				"type": "GetMetadata",
				"dependsOn": [
					{
						"activity": "ForEach",
						"dependencyConditions": [
							"Succeeded"
						]
					}
				],
				"policy": {
					"timeout": "0.12:00:00",
					"retry": 0,
					"retryIntervalInSeconds": 30,
					"secureOutput": false,
					"secureInput": false
				},
				"userProperties": [],
				"typeProperties": {
					"dataset": {
						"referenceName": "ds_adls_raw_binary",
						"type": "DatasetReference",
						"parameters": {
							"dsPar_Container": "raw-sftp",
							"dsPar_Folder": {
								"value": "@concat(activity('lkp - get schedule task run details').output.firstRow.tgt_entity_nm,'\\',replace(activity('lkp - get schedule task run details').output.firstRow.schedule_task_run_dt,'-','\\'))",
								"type": "Expression"
							}
						}
					},
					"fieldList": [
						"childItems"
					],
					"storeSettings": {
						"type": "AzureBlobFSReadSettings",
						"recursive": true,
						"enablePartitionDiscovery": false
					},
					"formatSettings": {
						"type": "BinaryReadSettings"
					}
				}
			},
			{
				"name": "Filter qa raw files",
				"type": "Filter",
				"dependsOn": [
					{
						"activity": "Get Metadata qa raw files",
						"dependencyConditions": [
							"Succeeded"
						]
					}
				],
				"userProperties": [],
				"typeProperties": {
					"items": {
						"value": "@activity('Get Metadata qa raw files').output.childItems",
						"type": "Expression"
					},
					"condition": {
						"value": "@contains(item().name, variables('v_current_date'))",
						"type": "Expression"
					}
				}
			},
			{
				"name": "exec - pln - end task - copy failure",
				"type": "ExecutePipeline",
				"dependsOn": [
					{
						"activity": "ForEach",
						"dependencyConditions": [
							"Failed"
						]
					}
				],
				"policy": {
					"secureInput": false
				},
				"userProperties": [],
				"typeProperties": {
					"pipeline": {
						"referenceName": "pln_orch_end_task",
						"type": "PipelineReference"
					},
					"waitOnCompletion": true,
					"parameters": {
						"plnPar_TaskApplicationRunIdTxt": {
							"value": "@concat('PLN_RUN_ID: ',pipeline().RunId ,' | PLN_NM: ',pipeline().Pipeline,' | DF_NM: ',pipeline().DataFactory)",
							"type": "Expression"
						},
						"plnPar_TaskRunStatusCd": "FAILED",
						"plnPar_TaskRunStatusDesc": {
							"value": "@variables('plnVar_ErrorMessage')",
							"type": "Expression"
						},
						"plnPar_ScheduleTaskRunSk": {
							"value": "@pipeline().parameters.plnPar_ScheduleTaskRunSk",
							"type": "Expression"
						}
					}
				}
			},
			{
				"name": "exec - fail pipeline - load raw - full fail",
				"type": "ExecutePipeline",
				"dependsOn": [
					{
						"activity": "exec - pln - end task - copy failure",
						"dependencyConditions": [
							"Succeeded"
						]
					}
				],
				"policy": {
					"secureInput": false
				},
				"userProperties": [],
				"typeProperties": {
					"pipeline": {
						"referenceName": "pln_fail_pipeline_template",
						"type": "PipelineReference"
					},
					"waitOnCompletion": true
				}
			}
		],
		"parameters": {
			"plnPar_ScheduleTaskRunSk": {
				"type": "string",
				"defaultValue": "-1"
			},
			"plnPar_ScheduleName": {
				"type": "string",
				"defaultValue": "EDW_Daily_Q2EVE_QA"
			},
			"plnPar_BatchName": {
				"type": "string",
				"defaultValue": "Q2EVE_QA_Daily"
			},
			"plnPar_PhaseName": {
				"type": "string",
				"defaultValue": "Raw"
			},
			"plnPar_TgtTableNm": {
				"type": "string",
				"defaultValue": "EVE_Extract_QA"
			}
		},
		"variables": {
			"v_filename": {
				"type": "String"
			},
			"v_current_date": {
				"type": "String"
			},
			"v_previous_date": {
				"type": "String"
			},
			"v_files_exist": {
				"type": "Boolean"
			},
			"plnVar_ErrorMessage": {
				"type": "String",
				"defaultValue": "NULL"
			}
		},
		"folder": {
			"name": "51 - Q2EVE Files"
		},
		"annotations": [],
		"lastPublishTime": "2024-11-04T07:15:24Z"
	},
	"type": "Microsoft.DataFactory/factories/pipelines"
}