{
	"name": "pln_sch_initial_mr",
	"properties": {
		"description": "this pipeline is a schedule pipeline that will be scheduled to run mr initial data. this includes mr staging (excluding long running jobs which require parallel processing - these jobs are in mr initial additional schedule).",
		"activities": [
			{
				"name": "pln_run_schedule - mr - initial",
				"type": "ExecutePipeline",
				"dependsOn": [],
				"policy": {
					"secureInput": false
				},
				"userProperties": [],
				"typeProperties": {
					"pipeline": {
						"referenceName": "pln_run_schedule",
						"type": "PipelineReference"
					},
					"waitOnCompletion": true,
					"parameters": {
						"plnPar_ScheduleName": {
							"value": "@pipeline().parameters.plnPar_ScheduleName",
							"type": "Expression"
						}
					}
				}
			}
		],
		"parameters": {
			"plnPar_ScheduleName": {
				"type": "string",
				"defaultValue": "EDW_Initial_MR"
			}
		},
		"folder": {
			"name": "11 - Orchestration/schedule/01 - initial"
		},
		"annotations": [],
		"lastPublishTime": "2022-09-06T14:47:25Z"
	},
	"type": "Microsoft.DataFactory/factories/pipelines"
}