{
	"name": "pln_bal_chk_row_count",
	"properties": {
		"description": "source: EDW\ntarget: EDW",
		"activities": [
			{
				"name": "Lookup Src Tgt",
				"type": "Lookup",
				"dependsOn": [
					{
						"activity": "Set variable balance check type",
						"dependencyConditions": [
							"Succeeded"
						]
					},
					{
						"activity": "Set variable VarPct",
						"dependencyConditions": [
							"Succeeded"
						]
					},
					{
						"activity": "Set variable VarCnt",
						"dependencyConditions": [
							"Succeeded"
						]
					},
					{
						"activity": "Set variable Bal Chk SK",
						"dependencyConditions": [
							"Succeeded"
						]
					},
					{
						"activity": "Set variable Tgt Count",
						"dependencyConditions": [
							"Succeeded"
						]
					},
					{
						"activity": "Set variable Src Count",
						"dependencyConditions": [
							"Succeeded"
						]
					}
				],
				"policy": {
					"timeout": "0.12:00:00",
					"retry": 0,
					"retryIntervalInSeconds": 30,
					"secureOutput": false,
					"secureInput": false
				},
				"userProperties": [],
				"typeProperties": {
					"source": {
						"type": "SqlMISource",
						"sqlReaderQuery": {
							"value": "@concat(\n    'select case ',\n    'when ''',\n        variables('plnVar_ChkType'), '''=''EC'' ',\n        'then case ', \n        'when ',\n            variables('plnVar_SrcCount'), '=', variables('plnVar_TgtCount'),\n            ' then ''B'' ',\n            'else ''N'' end ',\n    'when ''',\n        variables('plnVar_ChkType'), '''=''PC'' ',\n        'then case ',\n        'when ',\n            'abs(',variables('plnVar_SrcCount'),'-',variables('plnVar_TgtCount'),')','/',variables('plnVar_SrcCount'), '<=', variables('plnVar_VarPct'),\n            ' then ''V''',\n            ' else ''X'' end ',\n    'when ''',\n        variables('plnVar_ChkType'), '''=''VC'' ',\n        'then case ',\n        'when ',\n            'abs(',variables('plnVar_SrcCount'),'-',variables('plnVar_TgtCount'),')', '<=', variables('plnVar_VarCnt'),\n            ' then ''V''',\n            ' else ''X'' end ',\n    'end as status'        \n)",
							"type": "Expression"
						},
						"partitionOption": "None"
					},
					"dataset": {
						"referenceName": "ds_asqlmi_table_dynmc",
						"type": "DatasetReference",
						"parameters": {
							"dsPar_SchemaName": "mgmt",
							"dsPar_TableName": "balance_check",
							"dsPar_ServerConnection": {
								"value": "@pipeline().parameters.plnPar_BalChkConnStr",
								"type": "Expression"
							},
							"dsPar_DatabaseName": {
								"value": "@pipeline().parameters.plnPar_BalChkDBName",
								"type": "Expression"
							}
						}
					}
				}
			},
			{
				"name": "Set check status",
				"type": "SetVariable",
				"dependsOn": [
					{
						"activity": "Lookup Src Tgt",
						"dependencyConditions": [
							"Succeeded"
						]
					}
				],
				"policy": {
					"secureOutput": false,
					"secureInput": false
				},
				"userProperties": [],
				"typeProperties": {
					"variableName": "plnVar_BalanceCheckStatus",
					"value": {
						"value": "@activity('Lookup Src Tgt').output.firstRow.status",
						"type": "Expression"
					}
				}
			},
			{
				"name": "Script write result table",
				"type": "Script",
				"dependsOn": [
					{
						"activity": "Set check status",
						"dependencyConditions": [
							"Succeeded"
						]
					}
				],
				"policy": {
					"timeout": "0.12:00:00",
					"retry": 0,
					"retryIntervalInSeconds": 30,
					"secureOutput": false,
					"secureInput": false
				},
				"userProperties": [],
				"linkedServiceName": {
					"referenceName": "lnks_asqlmi_db",
					"type": "LinkedServiceReference",
					"parameters": {
						"lnksPar_SqlMI_Server": {
							"value": "@pipeline().parameters.plnPar_BalChkConnStr",
							"type": "Expression"
						},
						"lnksPar_Database": {
							"value": "@pipeline().parameters.plnPar_BalChkDBName",
							"type": "Expression"
						}
					}
				},
				"typeProperties": {
					"scripts": [
						{
							"type": "Query",
							"text": {
								"value": "@concat(\n    'insert into mgmt.balance_result (balance_check_sk,balance_check_status_cd,balance_result_status_ts,source_record_cnt,target_record_cnt) values (',\n    variables('plnVar_BalChkSK'),',',\n    '''',variables('plnVar_BalanceCheckStatus'),''',',\n    'getdate(),',\n    variables('plnVar_SrcCount'),',',\n    variables('plnVar_TgtCount'),')'\n)",
								"type": "Expression"
							}
						}
					],
					"scriptBlockExecutionTimeout": "02:00:00"
				}
			},
			{
				"name": "Lookup src tgt queries",
				"type": "Lookup",
				"dependsOn": [],
				"policy": {
					"timeout": "0.12:00:00",
					"retry": 0,
					"retryIntervalInSeconds": 30,
					"secureOutput": false,
					"secureInput": false
				},
				"userProperties": [],
				"typeProperties": {
					"source": {
						"type": "SqlMISource",
						"sqlReaderQuery": {
							"value": "@concat(\n'select balance_check_sk, balance_check_type_cd, \nisnull(threshold_allowance_variance_cnt, 0) threshold_allowance_variance_cnt, \nisnull(threshold_allowance_variance_rt, 0) threshold_allowance_variance_rt,\nreplace(replace(source_query_txt, CHAR(10), '' ''), CHAR(09), '' '') source_query_txt,\nreplace(replace(target_query_txt, CHAR(10), '' ''), CHAR(09), '' '') target_query_txt\nfrom mgmt.balance_check\nwhere balance_check_nm = ''',\npipeline().parameters.plnPar_BalChkNm,\n''' and balance_check_run_YN_ind = ''Y'''\n)\n",
							"type": "Expression"
						},
						"partitionOption": "None"
					},
					"dataset": {
						"referenceName": "ds_asqlmi_table_dynmc",
						"type": "DatasetReference",
						"parameters": {
							"dsPar_SchemaName": "mgmt",
							"dsPar_TableName": "balance_check",
							"dsPar_ServerConnection": {
								"value": "@pipeline().parameters.plnPar_BalChkConnStr",
								"type": "Expression"
							},
							"dsPar_DatabaseName": {
								"value": "@pipeline().parameters.plnPar_BalChkDBName",
								"type": "Expression"
							}
						}
					}
				}
			},
			{
				"name": "Set variable balance check type",
				"type": "SetVariable",
				"dependsOn": [
					{
						"activity": "Lookup src tgt queries",
						"dependencyConditions": [
							"Succeeded"
						]
					}
				],
				"policy": {
					"secureOutput": false,
					"secureInput": false
				},
				"userProperties": [],
				"typeProperties": {
					"variableName": "plnVar_ChkType",
					"value": {
						"value": "@activity('Lookup src tgt queries').output.firstRow.balance_check_type_cd",
						"type": "Expression"
					}
				}
			},
			{
				"name": "Set variable src query",
				"type": "SetVariable",
				"dependsOn": [
					{
						"activity": "Lookup src tgt queries",
						"dependencyConditions": [
							"Succeeded"
						]
					}
				],
				"policy": {
					"secureOutput": false,
					"secureInput": false
				},
				"userProperties": [],
				"typeProperties": {
					"variableName": "plnVar_SrcQuery",
					"value": {
						"value": "@activity('Lookup src tgt queries').output.firstRow.source_query_txt",
						"type": "Expression"
					}
				}
			},
			{
				"name": "Set variable tgt query",
				"type": "SetVariable",
				"dependsOn": [
					{
						"activity": "Lookup src tgt queries",
						"dependencyConditions": [
							"Succeeded"
						]
					}
				],
				"policy": {
					"secureOutput": false,
					"secureInput": false
				},
				"userProperties": [],
				"typeProperties": {
					"variableName": "plnVar_TgtQuery",
					"value": {
						"value": "@activity('Lookup src tgt queries').output.firstRow.target_query_txt",
						"type": "Expression"
					}
				}
			},
			{
				"name": "Lookup Src Count",
				"type": "Lookup",
				"dependsOn": [
					{
						"activity": "Set variable src query",
						"dependencyConditions": [
							"Succeeded"
						]
					}
				],
				"policy": {
					"timeout": "0.12:00:00",
					"retry": 0,
					"retryIntervalInSeconds": 30,
					"secureOutput": false,
					"secureInput": false
				},
				"userProperties": [],
				"typeProperties": {
					"source": {
						"type": "AzureSqlSource",
						"sqlReaderQuery": {
							"value": "@replace(\n    variables('plnVar_SrcQuery'), '#LAST_UPDATE_DATE#', \n    concat('''', pipeline().parameters.plnPar_LastUpdDate, '''')\n)",
							"type": "Expression"
						},
						"queryTimeout": "02:00:00",
						"partitionOption": "None"
					},
					"dataset": {
						"referenceName": "ds_asqldb_edw_dynmc",
						"type": "DatasetReference",
						"parameters": {
							"dsPar_Schema": {
								"value": "@pipeline().parameters.plnPar_SrcSchema",
								"type": "Expression"
							},
							"dsPar_Table": {
								"value": "@pipeline().parameters.plnPar_SrcTable",
								"type": "Expression"
							},
							"dsPar_DBConnStr": {
								"value": "@pipeline().parameters.plnPar_SrcConnStr",
								"type": "Expression"
							},
							"dsPar_DBName": {
								"value": "@pipeline().parameters.plnPar_SrcDBName",
								"type": "Expression"
							}
						}
					}
				}
			},
			{
				"name": "Lookup Tgt Count",
				"type": "Lookup",
				"dependsOn": [
					{
						"activity": "Set variable tgt query",
						"dependencyConditions": [
							"Succeeded"
						]
					}
				],
				"policy": {
					"timeout": "0.12:00:00",
					"retry": 0,
					"retryIntervalInSeconds": 30,
					"secureOutput": false,
					"secureInput": false
				},
				"userProperties": [],
				"typeProperties": {
					"source": {
						"type": "AzureSqlSource",
						"sqlReaderQuery": {
							"value": "@replace(\n    variables('plnVar_TgtQuery'), '#LAST_UPDATE_DATE#', \n    concat('''', pipeline().parameters.plnPar_LastUpdDate, '''')\n)",
							"type": "Expression"
						},
						"queryTimeout": "02:00:00",
						"partitionOption": "None"
					},
					"dataset": {
						"referenceName": "ds_asqldb_edw_dynmc",
						"type": "DatasetReference",
						"parameters": {
							"dsPar_Schema": {
								"value": "@pipeline().parameters.plnPar_TgtSchema",
								"type": "Expression"
							},
							"dsPar_Table": {
								"value": "@pipeline().parameters.plnPar_TgtTable",
								"type": "Expression"
							},
							"dsPar_DBConnStr": {
								"value": "@pipeline().parameters.plnPar_TgtConnStr",
								"type": "Expression"
							},
							"dsPar_DBName": {
								"value": "@pipeline().parameters.plnPar_TgtDBName",
								"type": "Expression"
							}
						}
					}
				}
			},
			{
				"name": "Set variable VarPct",
				"type": "SetVariable",
				"dependsOn": [
					{
						"activity": "Lookup src tgt queries",
						"dependencyConditions": [
							"Succeeded"
						]
					}
				],
				"policy": {
					"secureOutput": false,
					"secureInput": false
				},
				"userProperties": [],
				"typeProperties": {
					"variableName": "plnVar_VarPct",
					"value": {
						"value": "@string(activity('Lookup src tgt queries').output.firstRow.threshold_allowance_variance_rt)",
						"type": "Expression"
					}
				}
			},
			{
				"name": "Set variable VarCnt",
				"type": "SetVariable",
				"dependsOn": [
					{
						"activity": "Lookup src tgt queries",
						"dependencyConditions": [
							"Succeeded"
						]
					}
				],
				"policy": {
					"secureOutput": false,
					"secureInput": false
				},
				"userProperties": [],
				"typeProperties": {
					"variableName": "plnVar_VarCnt",
					"value": {
						"value": "@activity('Lookup src tgt queries').output.firstRow.threshold_allowance_variance_cnt",
						"type": "Expression"
					}
				}
			},
			{
				"name": "Set variable Bal Chk SK",
				"type": "SetVariable",
				"dependsOn": [
					{
						"activity": "Lookup src tgt queries",
						"dependencyConditions": [
							"Succeeded"
						]
					}
				],
				"policy": {
					"secureOutput": false,
					"secureInput": false
				},
				"userProperties": [],
				"typeProperties": {
					"variableName": "plnVar_BalChkSK",
					"value": {
						"value": "@activity('Lookup src tgt queries').output.firstRow.balance_check_sk",
						"type": "Expression"
					}
				}
			},
			{
				"name": "Set variable Src Count",
				"type": "SetVariable",
				"dependsOn": [
					{
						"activity": "Lookup Src Count",
						"dependencyConditions": [
							"Succeeded"
						]
					}
				],
				"policy": {
					"secureOutput": false,
					"secureInput": false
				},
				"userProperties": [],
				"typeProperties": {
					"variableName": "plnVar_SrcCount",
					"value": {
						"value": "@activity('Lookup Src Count').output.firstRow.Source_Count",
						"type": "Expression"
					}
				}
			},
			{
				"name": "Set variable Tgt Count",
				"type": "SetVariable",
				"dependsOn": [
					{
						"activity": "Lookup Tgt Count",
						"dependencyConditions": [
							"Succeeded"
						]
					}
				],
				"policy": {
					"secureOutput": false,
					"secureInput": false
				},
				"userProperties": [],
				"typeProperties": {
					"variableName": "plnVar_TgtCount",
					"value": {
						"value": "@activity('Lookup Tgt Count').output.firstRow.Target_Count",
						"type": "Expression"
					}
				}
			}
		],
		"parameters": {
			"plnPar_SrcSchema": {
				"type": "string",
				"defaultValue": "dbo"
			},
			"plnPar_SrcTable": {
				"type": "string",
				"defaultValue": "any_table"
			},
			"plnPar_TgtSchema": {
				"type": "string",
				"defaultValue": "dbo"
			},
			"plnPar_TgtTable": {
				"type": "string",
				"defaultValue": "any_table"
			},
			"plnPar_BalChkNm": {
				"type": "string",
				"defaultValue": "nCino Account Count"
			},
			"plnPar_LastUpdDate": {
				"type": "string",
				"defaultValue": "2024-01-25"
			},
			"plnPar_SrcConnStr": {
				"type": "string",
				"defaultValue": "nw-edw-p-usw-sql.database.windows.net"
			},
			"plnPar_SrcDBName": {
				"type": "string",
				"defaultValue": "nw-edw-p-usw-sqldb"
			},
			"plnPar_TgtConnStr": {
				"type": "string",
				"defaultValue": "nw-edw-p-usw-sql.database.windows.net"
			},
			"plnPar_TgtDBName": {
				"type": "string",
				"defaultValue": "nw-edw-p-usw-sqldb"
			},
			"plnPar_BalChkConnStr": {
				"type": "string",
				"defaultValue": "nw-edw-d-usw-mi.public.3dbc2ecfe1bf.database.windows.net,3342"
			},
			"plnPar_BalChkDBName": {
				"type": "string",
				"defaultValue": "aw-validation-d-usw-sqldb"
			}
		},
		"variables": {
			"plnVar_SrcCount": {
				"type": "Integer",
				"defaultValue": 0
			},
			"plnVar_TgtCount": {
				"type": "Integer",
				"defaultValue": 0
			},
			"plnVar_BalanceCheckStatus": {
				"type": "String"
			},
			"plnVar_ChkType": {
				"type": "String"
			},
			"plnVar_SrcQuery": {
				"type": "String"
			},
			"plnVar_TgtQuery": {
				"type": "String"
			},
			"plnVar_VarCnt": {
				"type": "Integer",
				"defaultValue": 0
			},
			"plnVar_VarPct": {
				"type": "String",
				"defaultValue": "0"
			},
			"plnVar_BalChkSK": {
				"type": "Integer"
			}
		},
		"folder": {
			"name": "Validation"
		},
		"annotations": [],
		"lastPublishTime": "2024-02-19T19:09:24Z"
	},
	"type": "Microsoft.DataFactory/factories/pipelines"
}