{
	"name": "pln_load_bal_chk_cases",
	"properties": {
		"activities": [
			{
				"name": "Copy balance check work",
				"type": "Copy",
				"dependsOn": [],
				"policy": {
					"timeout": "0.12:00:00",
					"retry": 0,
					"retryIntervalInSeconds": 30,
					"secureOutput": false,
					"secureInput": false
				},
				"userProperties": [],
				"typeProperties": {
					"source": {
						"type": "DelimitedTextSource",
						"storeSettings": {
							"type": "AzureBlobFSReadSettings",
							"recursive": true,
							"enablePartitionDiscovery": false
						},
						"formatSettings": {
							"type": "DelimitedTextReadSettings"
						}
					},
					"sink": {
						"type": "SqlMISink",
						"preCopyScript": "TRUNCATE TABLE work.work_balance_check",
						"writeBehavior": "insert",
						"sqlWriterUseTableLock": false
					},
					"enableStaging": false,
					"translator": {
						"type": "TabularTranslator",
						"mappings": [
							{
								"source": {
									"name": "balance_check_sk",
									"type": "String",
									"physicalType": "String"
								},
								"sink": {
									"name": "balance_check_sk",
									"type": "String",
									"physicalType": "varchar"
								}
							},
							{
								"source": {
									"name": "balance_check_nm",
									"type": "String",
									"physicalType": "String"
								},
								"sink": {
									"name": "balance_check_nm",
									"type": "String",
									"physicalType": "varchar"
								}
							},
							{
								"source": {
									"name": "balance_check_type_cd",
									"type": "String",
									"physicalType": "String"
								},
								"sink": {
									"name": "balance_check_type_cd",
									"type": "String",
									"physicalType": "varchar"
								}
							},
							{
								"source": {
									"name": "balance_check_group_nm",
									"type": "String",
									"physicalType": "String"
								},
								"sink": {
									"name": "balance_check_group_nm",
									"type": "String",
									"physicalType": "varchar"
								}
							},
							{
								"source": {
									"name": "balance_check_random_sample_nm",
									"type": "String",
									"physicalType": "String"
								},
								"sink": {
									"name": "balance_check_random_sample_nm",
									"type": "String",
									"physicalType": "varchar"
								}
							},
							{
								"source": {
									"name": "balance_check_run_YN_ind",
									"type": "String",
									"physicalType": "String"
								},
								"sink": {
									"name": "balance_check_run_YN_ind",
									"type": "String",
									"physicalType": "varchar"
								}
							},
							{
								"source": {
									"name": "threshold_cnt",
									"type": "String",
									"physicalType": "String"
								},
								"sink": {
									"name": "threshold_cnt",
									"type": "String",
									"physicalType": "varchar"
								}
							},
							{
								"source": {
									"name": "threshold_allowance_variance_cnt",
									"type": "String",
									"physicalType": "String"
								},
								"sink": {
									"name": "threshold_allowance_variance_cnt",
									"type": "String",
									"physicalType": "varchar"
								}
							},
							{
								"source": {
									"name": "threshold_allowance_variance_amt",
									"type": "String",
									"physicalType": "String"
								},
								"sink": {
									"name": "threshold_allowance_variance_amt",
									"type": "String",
									"physicalType": "varchar"
								}
							},
							{
								"source": {
									"name": "threshold_allowance_variance_rt",
									"type": "String",
									"physicalType": "String"
								},
								"sink": {
									"name": "threshold_allowance_variance_rt",
									"type": "String",
									"physicalType": "varchar"
								}
							},
							{
								"source": {
									"name": "azure_pipeline_nm",
									"type": "String",
									"physicalType": "String"
								},
								"sink": {
									"name": "azure_pipeline_nm",
									"type": "String",
									"physicalType": "varchar"
								}
							},
							{
								"source": {
									"name": "source_server_nm",
									"type": "String",
									"physicalType": "String"
								},
								"sink": {
									"name": "source_server_nm",
									"type": "String",
									"physicalType": "varchar"
								}
							},
							{
								"source": {
									"name": "source_database_nm",
									"type": "String",
									"physicalType": "String"
								},
								"sink": {
									"name": "source_database_nm",
									"type": "String",
									"physicalType": "varchar"
								}
							},
							{
								"source": {
									"name": "source_connection_txt",
									"type": "String",
									"physicalType": "String"
								},
								"sink": {
									"name": "source_connection_txt",
									"type": "String",
									"physicalType": "varchar"
								}
							},
							{
								"source": {
									"name": "source_schema_nm",
									"type": "String",
									"physicalType": "String"
								},
								"sink": {
									"name": "source_schema_nm",
									"type": "String",
									"physicalType": "varchar"
								}
							},
							{
								"source": {
									"name": "source_table_nm",
									"type": "String",
									"physicalType": "String"
								},
								"sink": {
									"name": "source_table_nm",
									"type": "String",
									"physicalType": "varchar"
								}
							},
							{
								"source": {
									"name": "source_column_nm",
									"type": "String",
									"physicalType": "String"
								},
								"sink": {
									"name": "source_column_nm",
									"type": "String",
									"physicalType": "varchar"
								}
							},
							{
								"source": {
									"name": "target_server_nm",
									"type": "String",
									"physicalType": "String"
								},
								"sink": {
									"name": "target_server_nm",
									"type": "String",
									"physicalType": "varchar"
								}
							},
							{
								"source": {
									"name": "target_database_nm",
									"type": "String",
									"physicalType": "String"
								},
								"sink": {
									"name": "target_database_nm",
									"type": "String",
									"physicalType": "varchar"
								}
							},
							{
								"source": {
									"name": "target_connection_txt",
									"type": "String",
									"physicalType": "String"
								},
								"sink": {
									"name": "target_connection_txt",
									"type": "String",
									"physicalType": "varchar"
								}
							},
							{
								"source": {
									"name": "target_schema_nm",
									"type": "String",
									"physicalType": "String"
								},
								"sink": {
									"name": "target_schema_nm",
									"type": "String",
									"physicalType": "varchar"
								}
							},
							{
								"source": {
									"name": "target_table_nm",
									"type": "String",
									"physicalType": "String"
								},
								"sink": {
									"name": "target_table_nm",
									"type": "String",
									"physicalType": "varchar"
								}
							},
							{
								"source": {
									"name": "target_column_nm",
									"type": "String",
									"physicalType": "String"
								},
								"sink": {
									"name": "target_column_nm",
									"type": "String",
									"physicalType": "varchar"
								}
							},
							{
								"source": {
									"name": "random_sample_query_txt",
									"type": "String",
									"physicalType": "String"
								},
								"sink": {
									"name": "random_sample_query_txt",
									"type": "String",
									"physicalType": "varchar"
								}
							},
							{
								"source": {
									"name": "source_query_txt",
									"type": "String",
									"physicalType": "String"
								},
								"sink": {
									"name": "source_query_txt",
									"type": "String",
									"physicalType": "varchar"
								}
							},
							{
								"source": {
									"name": "target_query_txt",
									"type": "String",
									"physicalType": "String"
								},
								"sink": {
									"name": "target_query_txt",
									"type": "String",
									"physicalType": "varchar"
								}
							}
						],
						"typeConversion": true,
						"typeConversionSettings": {
							"allowDataTruncation": true,
							"treatBooleanAsNumber": false
						}
					}
				},
				"inputs": [
					{
						"referenceName": "ds_adls_raw_file",
						"type": "DatasetReference",
						"parameters": {
							"dsPar_Container": {
								"value": "@pipeline().parameters.plnPar_SrcContainer",
								"type": "Expression"
							},
							"dsPar_Folder": {
								"value": "@pipeline().parameters.plnPar_SrcFolder",
								"type": "Expression"
							},
							"dsPar_File": {
								"value": "@pipeline().parameters.plnPar_SrcFile",
								"type": "Expression"
							},
							"dsPar_Delim": ","
						}
					}
				],
				"outputs": [
					{
						"referenceName": "ds_asqlmi_table_dynmc",
						"type": "DatasetReference",
						"parameters": {
							"dsPar_SchemaName": "work",
							"dsPar_TableName": "work_balance_check",
							"dsPar_ServerConnection": {
								"value": "@pipeline().parameters.plnPar_TgtConnectionStr",
								"type": "Expression"
							},
							"dsPar_DatabaseName": {
								"value": "@pipeline().parameters.plnPar_TgtDBName",
								"type": "Expression"
							}
						}
					}
				]
			},
			{
				"name": "Script from temp to target",
				"type": "Script",
				"dependsOn": [
					{
						"activity": "Copy balance check work",
						"dependencyConditions": [
							"Succeeded"
						]
					}
				],
				"policy": {
					"timeout": "0.12:00:00",
					"retry": 0,
					"retryIntervalInSeconds": 30,
					"secureOutput": false,
					"secureInput": false
				},
				"userProperties": [],
				"linkedServiceName": {
					"referenceName": "lnks_asqlmi_db",
					"type": "LinkedServiceReference",
					"parameters": {
						"lnksPar_SqlMI_Server": {
							"value": "@pipeline().parameters.plnPar_TgtConnectionStr",
							"type": "Expression"
						},
						"lnksPar_Database": {
							"value": "@pipeline().parameters.plnPar_TgtDBName",
							"type": "Expression"
						}
					}
				},
				"typeProperties": {
					"scripts": [
						{
							"type": "Query",
							"text": "DECLARE \r\n      @src_balance_check_nm varchar(225)\r\n      ,@src_balance_check_type_cd varchar(225)\r\n      ,@src_balance_check_group_sk bigint\r\n      ,@src_balance_check_random_sample_sk bigint\r\n      ,@src_azure_pipeline_nm varchar(225)\r\n      ,@src_source_server_nm varchar(225)\r\n      ,@src_source_database_nm varchar(225)\r\n      ,@src_source_connection_txt varchar(225)\r\n      ,@src_source_schema_nm varchar(225)\r\n      ,@src_source_table_nm varchar(225)\r\n      ,@src_source_column_nm varchar(1000)\r\n      ,@src_target_server_nm varchar(225)\r\n      ,@src_target_database_nm varchar(225)\r\n      ,@src_target_connection_txt varchar(225)\r\n      ,@src_target_schema_nm varchar(225)\r\n      ,@src_target_table_nm varchar(225)\r\n      ,@src_target_column_nm varchar(225)\r\n      ,@src_source_query_txt varchar(max)\r\n      ,@src_target_query_txt varchar(max)\r\n\t  ,@src_checksum_value\tbigint\r\n\t  ,@tgt_balance_check_nm varchar(225)\r\n\t  ,@tgt_checksum_value\tbigint\r\n\r\nDECLARE cur_balance_check_case CURSOR\r\nFOR SELECT \r\n      balance_check_nm\r\n      ,balance_check_type_cd\r\n\t  ,b.balance_check_group_sk\r\n\t  ,c.balance_check_random_sample_sk\r\n      ,azure_pipeline_nm\r\n      ,source_server_nm\r\n      ,source_database_nm\r\n      ,source_connection_txt\r\n      ,source_schema_nm\r\n      ,source_table_nm\r\n      ,source_column_nm\r\n      ,target_server_nm\r\n      ,target_database_nm\r\n      ,target_connection_txt\r\n      ,target_schema_nm\r\n      ,target_table_nm\r\n      ,target_column_nm\r\n      ,source_query_txt\r\n      ,target_query_txt\r\n\t  ,CHECKSUM(\r\n      balance_check_type_cd\r\n      ,b.balance_check_group_sk\r\n\t  ,balance_check_random_sample_sk\r\n      ,azure_pipeline_nm\r\n      ,source_server_nm\r\n      ,source_database_nm\r\n      ,source_connection_txt\r\n      ,source_schema_nm\r\n      ,source_table_nm\r\n      ,source_column_nm\r\n      ,target_server_nm\r\n      ,target_database_nm\r\n      ,target_connection_txt\r\n      ,target_schema_nm\r\n      ,target_table_nm\r\n      ,target_column_nm\r\n      ,source_query_txt\r\n      ,target_query_txt\r\n\t  ) as checksum_value\r\n    FROM \r\n        [work].[work_balance_check] a\r\n\t\tinner join mgmt.balance_check_group b\r\n\t\ton a.balance_check_group_nm = b.balance_check_group_nm\r\n\t\tinner join mgmt.balance_check_random_sample c\r\n\t\ton a.balance_check_random_sample_nm = c.balance_check_random_sample_nm and c.balance_check_random_sample_run_YN_ind = 'Y'; \r\n\r\nOPEN cur_balance_check_case;\r\n\r\nFETCH NEXT FROM cur_balance_check_case INTO \r\n      @src_balance_check_nm \r\n      ,@src_balance_check_type_cd \r\n      ,@src_balance_check_group_sk \r\n      ,@src_balance_check_random_sample_sk \r\n      ,@src_azure_pipeline_nm \r\n      ,@src_source_server_nm \r\n      ,@src_source_database_nm \r\n      ,@src_source_connection_txt \r\n      ,@src_source_schema_nm \r\n      ,@src_source_table_nm \r\n      ,@src_source_column_nm \r\n      ,@src_target_server_nm \r\n      ,@src_target_database_nm \r\n      ,@src_target_connection_txt \r\n      ,@src_target_schema_nm \r\n      ,@src_target_table_nm \r\n      ,@src_target_column_nm \r\n      ,@src_source_query_txt \r\n      ,@src_target_query_txt \r\n\t  ,@src_checksum_value;\r\n\r\nWHILE @@FETCH_STATUS = 0\r\n    BEGIN \t\t\r\n\t\tSELECT @tgt_checksum_value = CHECKSUM(\r\n\t\t  balance_check_type_cd\r\n\t\t  ,balance_check_group_sk\r\n\t\t  ,balance_check_random_sample_sk\r\n\t\t  ,azure_pipeline_nm\r\n\t\t  ,source_server_nm\r\n\t\t  ,source_database_nm\r\n\t\t  ,source_connection_txt\r\n\t\t  ,source_schema_nm\r\n\t\t  ,source_table_nm\r\n\t\t  ,source_column_nm\r\n\t\t  ,target_server_nm\r\n\t\t  ,target_database_nm\r\n\t\t  ,target_connection_txt\r\n\t\t  ,target_schema_nm\r\n\t\t  ,target_table_nm\r\n\t\t  ,target_column_nm\r\n\t\t  ,source_query_txt\r\n\t\t  ,target_query_txt)\r\n\t\t  ,@tgt_balance_check_nm = balance_check_nm\r\n\t\tFROM [mgmt].[balance_check]\r\n\t\tWHERE balance_check_nm = @src_balance_check_nm\r\n\t\tAND balance_check_run_YN_ind = 'Y';\r\n\r\n\t\tIF @tgt_balance_check_nm IS NULL\r\n\t\t\tINSERT INTO [mgmt].[balance_check] (\r\n\t\t\t  balance_check_nm \r\n\t\t\t  ,balance_check_type_cd\r\n\t\t\t  ,balance_check_group_sk\r\n\t\t\t  ,balance_check_random_sample_sk\r\n\t\t\t  ,azure_pipeline_nm\r\n\t\t\t  ,source_server_nm\r\n\t\t\t  ,source_database_nm\r\n\t\t\t  ,source_connection_txt\r\n\t\t\t  ,source_schema_nm\r\n\t\t\t  ,source_table_nm\r\n\t\t\t  ,source_column_nm\r\n\t\t\t  ,target_server_nm\r\n\t\t\t  ,target_database_nm\r\n\t\t\t  ,target_connection_txt\r\n\t\t\t  ,target_schema_nm\r\n\t\t\t  ,target_table_nm\r\n\t\t\t  ,target_column_nm\r\n\t\t\t  ,source_query_txt\r\n\t\t\t  ,target_query_txt\r\n\t\t\t  ,balance_check_run_YN_ind\r\n\t\t\t)\r\n\t\t\tVALUES (\r\n\t\t\t  @src_balance_check_nm \r\n\t\t\t  ,@src_balance_check_type_cd \r\n\t\t\t  ,@src_balance_check_group_sk \r\n\t\t\t  ,@src_balance_check_random_sample_sk \r\n\t\t\t  ,@src_azure_pipeline_nm \r\n\t\t\t  ,@src_source_server_nm \r\n\t\t\t  ,@src_source_database_nm \r\n\t\t\t  ,@src_source_connection_txt \r\n\t\t\t  ,@src_source_schema_nm \r\n\t\t\t  ,@src_source_table_nm \r\n\t\t\t  ,@src_source_column_nm \r\n\t\t\t  ,@src_target_server_nm \r\n\t\t\t  ,@src_target_database_nm \r\n\t\t\t  ,@src_target_connection_txt \r\n\t\t\t  ,@src_target_schema_nm \r\n\t\t\t  ,@src_target_table_nm \r\n\t\t\t  ,@src_target_column_nm \r\n\t\t\t  ,@src_source_query_txt \r\n\t\t\t  ,@src_target_query_txt \r\n\t\t\t  ,'Y'\r\n\t\t\t)\r\n\t\tELSE \r\n\t\t\tBEGIN\r\n\t\t\t\tIF (@tgt_balance_check_nm = @src_balance_check_nm) and (@src_checksum_value != @tgt_checksum_value) \r\n\t\t\t\t\tBEGIN\r\n\t\t\t\t\tUPDATE [mgmt].[balance_check]\r\n\t\t\t\t\tSET balance_check_run_YN_ind = 'N', effective_end_date = getdate()\r\n\t\t\t\t\tWHERE balance_check_nm = @src_balance_check_nm\r\n\t\t\t\t\tAND effective_end_date = (SELECT MAX(effective_end_date) \r\n\t\t\t\t\t\tFROM [mgmt].[balance_check] \r\n\t\t\t\t\t\tWHERE balance_check_nm = @src_balance_check_nm)\r\n\r\n\t\t\t\t\t\tINSERT INTO [mgmt].[balance_check] (\r\n\t\t\t\t\t\t  balance_check_nm \r\n\t\t\t\t\t\t  ,balance_check_type_cd\r\n\t\t\t\t\t\t  ,balance_check_group_sk\r\n\t\t\t\t\t\t  ,balance_check_random_sample_sk\r\n\t\t\t\t\t\t  ,azure_pipeline_nm\r\n\t\t\t\t\t\t  ,source_server_nm\r\n\t\t\t\t\t\t  ,source_database_nm\r\n\t\t\t\t\t\t  ,source_connection_txt\r\n\t\t\t\t\t\t  ,source_schema_nm\r\n\t\t\t\t\t\t  ,source_table_nm\r\n\t\t\t\t\t\t  ,source_column_nm\r\n\t\t\t\t\t\t  ,target_server_nm\r\n\t\t\t\t\t\t  ,target_database_nm\r\n\t\t\t\t\t\t  ,target_connection_txt\r\n\t\t\t\t\t\t  ,target_schema_nm\r\n\t\t\t\t\t\t  ,target_table_nm\r\n\t\t\t\t\t\t  ,target_column_nm\r\n\t\t\t\t\t\t  ,source_query_txt\r\n\t\t\t\t\t\t  ,target_query_txt\r\n\t\t\t\t\t\t  ,balance_check_run_YN_ind\r\n\t\t\t\t\t\t  ,effective_start_date\r\n\t\t\t\t\t\t)\r\n\t\t\t\t\t\tVALUES (\r\n\t\t\t\t\t\t  @src_balance_check_nm \r\n\t\t\t\t\t\t  ,@src_balance_check_type_cd \r\n\t\t\t\t\t\t  ,@src_balance_check_group_sk \r\n\t\t\t\t\t\t  ,@src_balance_check_random_sample_sk \r\n\t\t\t\t\t\t  ,@src_azure_pipeline_nm \r\n\t\t\t\t\t\t  ,@src_source_server_nm \r\n\t\t\t\t\t\t  ,@src_source_database_nm \r\n\t\t\t\t\t\t  ,@src_source_connection_txt \r\n\t\t\t\t\t\t  ,@src_source_schema_nm \r\n\t\t\t\t\t\t  ,@src_source_table_nm \r\n\t\t\t\t\t\t  ,@src_source_column_nm \r\n\t\t\t\t\t\t  ,@src_target_server_nm \r\n\t\t\t\t\t\t  ,@src_target_database_nm \r\n\t\t\t\t\t\t  ,@src_target_connection_txt \r\n\t\t\t\t\t\t  ,@src_target_schema_nm \r\n\t\t\t\t\t\t  ,@src_target_table_nm \r\n\t\t\t\t\t\t  ,@src_target_column_nm \r\n\t\t\t\t\t\t  ,@src_source_query_txt \r\n\t\t\t\t\t\t  ,@src_target_query_txt \r\n\t\t\t\t\t\t  ,'Y'\r\n\t\t\t\t\t\t  ,getdate()\r\n\t\t\t\t\t\t)\r\n\t\t\t\t\tEND;\r\n\t\t\tEND;\r\n\r\n\t\t    SET @tgt_balance_check_nm = null\r\n\t\t\tSET @tgt_checksum_value = 0\r\n\r\n\t\t\tFETCH NEXT FROM cur_balance_check_case INTO \r\n\t\t\t\t  @src_balance_check_nm \r\n\t\t\t\t  ,@src_balance_check_type_cd \r\n\t\t\t\t  ,@src_balance_check_group_sk \r\n\t\t\t\t  ,@src_balance_check_random_sample_sk \r\n\t\t\t\t  ,@src_azure_pipeline_nm \r\n\t\t\t\t  ,@src_source_server_nm \r\n\t\t\t\t  ,@src_source_database_nm \r\n\t\t\t\t  ,@src_source_connection_txt \r\n\t\t\t\t  ,@src_source_schema_nm \r\n\t\t\t\t  ,@src_source_table_nm \r\n\t\t\t\t  ,@src_source_column_nm \r\n\t\t\t\t  ,@src_target_server_nm \r\n\t\t\t\t  ,@src_target_database_nm \r\n\t\t\t\t  ,@src_target_connection_txt \r\n\t\t\t\t  ,@src_target_schema_nm \r\n\t\t\t\t  ,@src_target_table_nm \r\n\t\t\t\t  ,@src_target_column_nm \r\n\t\t\t\t  ,@src_source_query_txt \r\n\t\t\t\t  ,@src_target_query_txt \r\n\t\t\t\t  ,@src_checksum_value;\r\n    END;\r\n\r\nCLOSE cur_balance_check_case;\r\n\r\nDEALLOCATE cur_balance_check_case;\r\n"
						}
					],
					"scriptBlockExecutionTimeout": "02:00:00"
				}
			}
		],
		"parameters": {
			"plnPar_SrcContainer": {
				"type": "string",
				"defaultValue": "balance-check"
			},
			"plnPar_SrcFolder": {
				"type": "string",
				"defaultValue": "BalanceCheckingFramework"
			},
			"plnPar_SrcFile": {
				"type": "string",
				"defaultValue": "balance_check_cases_MR_EDW.csv"
			},
			"plnPar_TgtSchema": {
				"type": "string",
				"defaultValue": "mgmt"
			},
			"plnPar_TgtTable": {
				"type": "string",
				"defaultValue": "balance_check"
			},
			"plnPar_TgtConnectionStr": {
				"type": "string",
				"defaultValue": "nw-edw-d-usw-mi.public.3dbc2ecfe1bf.database.windows.net,3342"
			},
			"plnPar_TgtDBName": {
				"type": "string",
				"defaultValue": "aw-validation-d-usw-sqldb"
			}
		},
		"folder": {
			"name": "Validation"
		},
		"annotations": [],
		"lastPublishTime": "2024-12-18T16:52:27Z"
	},
	"type": "Microsoft.DataFactory/factories/pipelines"
}