{
	"name": "pln_sch_ongoing_mr_2_trigger",
	"properties": {
		"activities": [
			{
				"name": "lkp-update next rundate",
				"type": "Lookup",
				"dependsOn": [
					{
						"activity": "If ConditionMR2",
						"dependencyConditions": [
							"Succeeded"
						]
					}
				],
				"policy": {
					"timeout": "0.12:00:00",
					"retry": 0,
					"retryIntervalInSeconds": 30,
					"secureOutput": false,
					"secureInput": false
				},
				"userProperties": [],
				"typeProperties": {
					"source": {
						"type": "AzureSqlSource",
						"sqlReaderQuery": "DECLARE @DATE DATE;\r\nSET @DATE = getdate() AT TIME ZONE 'Pacific Standard Time';\r\n\r\nUPDATE mgmt.schedule set next_run_dt = @DATE\r\nWHERE schedule_nm in ('EDW_Daily_MR2');\r\n\r\nSELECT next_run_dt,schedule_nm\r\nFROM mgmt.schedule\r\nWHERE schedule_nm in ('EDW_Daily_MR2');",
						"queryTimeout": "02:00:00",
						"partitionOption": "None"
					},
					"dataset": {
						"referenceName": "ds_asqldb_edw_table",
						"type": "DatasetReference",
						"parameters": {
							"dsPar_SchemaName": "mgmt",
							"dsPar_TableName": "schedule"
						}
					}
				}
			},
			{
				"name": "pln_run_schedule - mr2 - ongoing",
				"type": "ExecutePipeline",
				"dependsOn": [
					{
						"activity": "lkp-update next rundate",
						"dependencyConditions": [
							"Succeeded"
						]
					}
				],
				"policy": {
					"secureInput": false
				},
				"userProperties": [],
				"typeProperties": {
					"pipeline": {
						"referenceName": "pln_sch_ongoing_mr_2",
						"type": "PipelineReference"
					},
					"waitOnCompletion": true,
					"parameters": {
						"plnPar_ScheduleName": {
							"value": "@pipeline().parameters.plnPar_ScheduleName_MR2",
							"type": "Expression"
						}
					}
				}
			},
			{
				"name": "lkp-Check MR_2_Last_run",
				"type": "Lookup",
				"dependsOn": [],
				"policy": {
					"timeout": "0.12:00:00",
					"retry": 0,
					"retryIntervalInSeconds": 30,
					"secureOutput": false,
					"secureInput": false
				},
				"userProperties": [],
				"typeProperties": {
					"source": {
						"type": "AzureSqlSource",
						"sqlReaderQuery": "select distinct t.dummy_cd,  cast(schedule_run_dt as date) as schedule_run_dt,schedule_run_status_cd as status_code,\r\niif(cast(schedule_run_dt as date) = cast(getdate() as date),1,0) as today_run\r\nfrom (select '1' as dummy_cd) t\r\nleft outer join\r\nmgmt.schedule_run sctr\r\non 1=1 \r\ninner join \r\nmgmt.schedule s\r\non s.schedule_sk =sctr.schedule_sk\r\nwhere   s.schedule_nm= 'EDW_Daily_MR2'\r\n",
						"queryTimeout": "02:00:00",
						"partitionOption": "None"
					},
					"dataset": {
						"referenceName": "ds_asqldb_edw_table",
						"type": "DatasetReference",
						"parameters": {
							"dsPar_SchemaName": "mgmt",
							"dsPar_TableName": "schedule_run"
						}
					}
				}
			},
			{
				"name": "If ConditionMR2",
				"type": "IfCondition",
				"dependsOn": [
					{
						"activity": "lkp-Check MR_2_Last_run",
						"dependencyConditions": [
							"Succeeded"
						]
					}
				],
				"userProperties": [],
				"typeProperties": {
					"expression": {
						"value": "@and(equals(activity('lkp-Check MR_2_Last_run').output.firstRow.today_run,0),equals(activity('lkp-Check MR_2_Last_run').output.firstRow.status_code,'COMPLETE'))\n",
						"type": "Expression"
					},
					"ifFalseActivities": [
						{
							"name": "Failed",
							"type": "Fail",
							"dependsOn": [],
							"userProperties": [],
							"typeProperties": {
								"message": "MR2 Trigger scenario has not been satisfied",
								"errorCode": "500"
							}
						}
					],
					"ifTrueActivities": [
						{
							"name": "Set variable_MR2",
							"type": "SetVariable",
							"dependsOn": [],
							"policy": {
								"secureOutput": false,
								"secureInput": false
							},
							"userProperties": [],
							"typeProperties": {
								"variableName": "plnVar_isMR2Completed",
								"value": true
							}
						}
					]
				}
			}
		],
		"parameters": {
			"plnPar_ScheduleName_MR2": {
				"type": "string",
				"defaultValue": "EDW_Daily_MR2"
			}
		},
		"variables": {
			"plnVar_isMR2Completed": {
				"type": "Boolean",
				"defaultValue": false
			}
		},
		"folder": {
			"name": "11 - Orchestration/schedule/02 - ongoing"
		},
		"annotations": [],
		"lastPublishTime": "2023-10-04T11:21:25Z"
	},
	"type": "Microsoft.DataFactory/factories/pipelines"
}