{
	"name": "pln_load_arcgis_initial_file_info",
	"properties": {
		"activities": [
			{
				"name": "Get Metadata From ArcGIS Container",
				"type": "GetMetadata",
				"dependsOn": [],
				"policy": {
					"timeout": "0.12:00:00",
					"retry": 0,
					"retryIntervalInSeconds": 30,
					"secureOutput": false,
					"secureInput": false
				},
				"userProperties": [],
				"typeProperties": {
					"dataset": {
						"referenceName": "ds_adls_raw_binary_folder",
						"type": "DatasetReference",
						"parameters": {
							"dsPar_Container": {
								"value": "@pipeline().parameters.plnPar_SrcContainer",
								"type": "Expression"
							},
							"dsPar_Folder": {
								"value": "@pipeline().parameters.plnPar_SrcFolder",
								"type": "Expression"
							}
						}
					},
					"fieldList": [
						"childItems"
					],
					"storeSettings": {
						"type": "AzureBlobFSReadSettings",
						"recursive": true,
						"enablePartitionDiscovery": false
					},
					"formatSettings": {
						"type": "BinaryReadSettings"
					}
				}
			},
			{
				"name": "Filter Folders",
				"type": "Filter",
				"dependsOn": [
					{
						"activity": "Get Metadata From ArcGIS Container",
						"dependencyConditions": [
							"Succeeded"
						]
					}
				],
				"userProperties": [],
				"typeProperties": {
					"items": {
						"value": "@activity('Get Metadata From ArcGIS Container').output.childItems",
						"type": "Expression"
					},
					"condition": {
						"value": "@equals(item().type, 'Folder')",
						"type": "Expression"
					}
				}
			},
			{
				"name": "ForEach Folder",
				"type": "ForEach",
				"dependsOn": [
					{
						"activity": "Filter Folders",
						"dependencyConditions": [
							"Succeeded"
						]
					}
				],
				"userProperties": [],
				"typeProperties": {
					"items": {
						"value": "@activity('Filter Folders').output.value",
						"type": "Expression"
					},
					"isSequential": true,
					"activities": [
						{
							"name": "Set variable plnVar_SubFolder",
							"type": "SetVariable",
							"dependsOn": [],
							"policy": {
								"secureOutput": false,
								"secureInput": false
							},
							"userProperties": [],
							"typeProperties": {
								"variableName": "plnVar_SubFolder",
								"value": {
									"value": "@concat(pipeline().parameters.plnPar_SrcFolder,'/',item().name)",
									"type": "Expression"
								}
							}
						},
						{
							"name": "Execute Pipeline1",
							"type": "ExecutePipeline",
							"dependsOn": [
								{
									"activity": "Set variable plnVar_SubFolder",
									"dependencyConditions": [
										"Succeeded"
									]
								}
							],
							"policy": {
								"secureInput": false
							},
							"userProperties": [],
							"typeProperties": {
								"pipeline": {
									"referenceName": "pln_load_arcgis_get_all_file_info",
									"type": "PipelineReference"
								},
								"waitOnCompletion": true,
								"parameters": {
									"plnPar_SrcContainer": {
										"value": "@pipeline().parameters.plnPar_SrcContainer",
										"type": "Expression"
									},
									"plnPar_SrcFolder": {
										"value": "@variables('plnVar_SubFolder')",
										"type": "Expression"
									},
									"plnPar_SrcType": {
										"value": "@pipeline().parameters.plnPar_SrcType",
										"type": "Expression"
									},
									"plnPar_TgtSchema": {
										"value": "@pipeline().parameters.plnPar_TgtSchema",
										"type": "Expression"
									},
									"plnPar_TgtTable": {
										"value": "@pipeline().parameters.plnPar_TgtTable",
										"type": "Expression"
									}
								}
							}
						}
					]
				}
			}
		],
		"parameters": {
			"plnPar_SrcContainer": {
				"type": "string",
				"defaultValue": "raw-arcgis"
			},
			"plnPar_SrcFolder": {
				"type": "string",
				"defaultValue": "mls/unzipped"
			},
			"plnPar_SrcType": {
				"type": "string",
				"defaultValue": "mls"
			},
			"plnPar_TgtSchema": {
				"type": "string",
				"defaultValue": "work_arcgis"
			},
			"plnPar_TgtTable": {
				"type": "string",
				"defaultValue": "initial_data_files"
			}
		},
		"variables": {
			"plnVar_SubFolder": {
				"type": "String"
			}
		},
		"folder": {
			"name": "31 - Staging/ArcGIS"
		},
		"annotations": [],
		"lastPublishTime": "2023-12-04T22:03:26Z"
	},
	"type": "Microsoft.DataFactory/factories/pipelines"
}