{
	"name": "pln_sch_ongoing_mls_land_stage",
	"properties": {
		"activities": [
			{
				"name": "pln_run_schedule - arcgis - ongoing",
				"type": "ExecutePipeline",
				"dependsOn": [],
				"policy": {
					"secureInput": false
				},
				"userProperties": [],
				"typeProperties": {
					"pipeline": {
						"referenceName": "pln_run_schedule_arcgis",
						"type": "PipelineReference"
					},
					"waitOnCompletion": true,
					"parameters": {
						"plnPar_ScheduleName": {
							"value": "@pipeline().parameters.plnPar_ScheduleName",
							"type": "Expression"
						}
					}
				}
			},
			{
				"name": "update file watch flag",
				"type": "Copy",
				"dependsOn": [
					{
						"activity": "pln_run_schedule - arcgis - ongoing",
						"dependencyConditions": [
							"Succeeded"
						]
					}
				],
				"policy": {
					"timeout": "0.12:00:00",
					"retry": 0,
					"retryIntervalInSeconds": 30,
					"secureOutput": false,
					"secureInput": false
				},
				"userProperties": [],
				"typeProperties": {
					"source": {
						"type": "SqlMISource",
						"sqlReaderQuery": "select distinct t.dummy_cd,  cast(schedule_run_dt as date) as schedule_run_dt,schedule_run_status_cd as status_code,\niif(cast(schedule_run_dt as date) = cast(getdate() as date),1,0) as today_run\nfrom (select '1' as dummy_cd) t\nleft outer join\nmeta_arcgis.schedule_run sctr\non 1=1 \ninner join \nmeta_arcgis.schedule s\non s.schedule_sk =sctr.schedule_sk\nwhere   s.schedule_nm= 'ArcGIS_MLS_Ongoing'",
						"partitionOption": "None"
					},
					"sink": {
						"type": "DelimitedTextSink",
						"storeSettings": {
							"type": "AzureBlobFSWriteSettings"
						},
						"formatSettings": {
							"type": "DelimitedTextWriteSettings",
							"quoteAllText": true,
							"fileExtension": ".txt"
						}
					},
					"enableStaging": false,
					"translator": {
						"type": "TabularTranslator",
						"typeConversion": true,
						"typeConversionSettings": {
							"allowDataTruncation": true,
							"treatBooleanAsNumber": false
						}
					}
				},
				"inputs": [
					{
						"referenceName": "ds_asqlmi_arcgis_tables",
						"type": "DatasetReference",
						"parameters": {
							"dsPar_TableName": "schedule_run",
							"dsPar_SchemaName": "meta_arcgis"
						}
					}
				],
				"outputs": [
					{
						"referenceName": "ds_adls_raw_file_pipeDelim",
						"type": "DatasetReference",
						"parameters": {
							"dsPar_Container": "automation-flag",
							"dsPar_Folder": "ArcGIS",
							"dsPar_File": "ArcGISMlsFlag.txt"
						}
					}
				]
			}
		],
		"parameters": {
			"plnPar_ScheduleName": {
				"type": "string",
				"defaultValue": "ArcGIS_MLS_Ongoing"
			}
		},
		"folder": {
			"name": "ArcGIS Land and Stage/Orchestration/Schedule"
		},
		"annotations": [],
		"lastPublishTime": "2024-08-28T12:26:27Z"
	},
	"type": "Microsoft.DataFactory/factories/pipelines"
}