{
	"name": "pln_AR_src_raw",
	"properties": {
		"activities": [
			{
				"name": "Until1",
				"type": "Until",
				"dependsOn": [
					{
						"activity": "Copy data to ADLS_copy1",
						"dependencyConditions": [
							"Succeeded"
						]
					}
				],
				"userProperties": [],
				"typeProperties": {
					"expression": {
						"value": "@bool(variables('hasNextPage'))",
						"type": "Expression"
					},
					"activities": [
						{
							"name": "If Condition1",
							"type": "IfCondition",
							"dependsOn": [
								{
									"activity": "Set variable hasNextPage",
									"dependencyConditions": [
										"Succeeded"
									]
								}
							],
							"userProperties": [],
							"typeProperties": {
								"expression": {
									"value": "@not(equals(variables('hasNextPage'),true))\n\n",
									"type": "Expression"
								},
								"ifFalseActivities": [
									{
										"name": "Set variable1_copy1",
										"type": "SetVariable",
										"dependsOn": [
											{
												"activity": "Copy data to ADLS",
												"dependencyConditions": [
													"Succeeded"
												]
											}
										],
										"policy": {
											"secureOutput": false,
											"secureInput": false
										},
										"userProperties": [],
										"typeProperties": {
											"variableName": "hasNextPage",
											"value": false
										}
									},
									{
										"name": "Copy data to ADLS",
										"type": "Copy",
										"dependsOn": [
											{
												"activity": "Set variable2",
												"dependencyConditions": [
													"Succeeded"
												]
											}
										],
										"policy": {
											"timeout": "0.12:00:00",
											"retry": 0,
											"retryIntervalInSeconds": 30,
											"secureOutput": false,
											"secureInput": false
										},
										"userProperties": [],
										"typeProperties": {
											"source": {
												"type": "JsonSource",
												"storeSettings": {
													"type": "HttpReadSettings",
													"requestMethod": "POST",
													"additionalHeaders": "Content-Type: application/json\nContent-Length: 10240\nHost: pass.developer.agencyroot.com\nCache-Control: no-cache\nAccept: application/json",
													"requestBody": {
														"value": "@variables('QueryBody')",
														"type": "Expression"
													},
													"requestTimeout": ""
												},
												"formatSettings": {
													"type": "JsonReadSettings"
												}
											},
											"sink": {
												"type": "JsonSink",
												"storeSettings": {
													"type": "AzureBlobFSWriteSettings"
												},
												"formatSettings": {
													"type": "JsonWriteSettings"
												}
											},
											"enableStaging": false
										},
										"inputs": [
											{
												"referenceName": "ds_http_graphql_response_json",
												"type": "DatasetReference"
											}
										],
										"outputs": [
											{
												"referenceName": "ds_adls_raw_json_common",
												"type": "DatasetReference",
												"parameters": {
													"dsPar_ADLS_URL": {
														"value": "@pipeline().parameters.plnPar_ADLS_URL",
														"type": "Expression"
													},
													"dsPar_Container": {
														"value": "@pipeline().parameters.plnPar_Container",
														"type": "Expression"
													},
													"dsPar_Filename": {
														"value": "@variables('FileName')",
														"type": "Expression"
													},
													"dsPar_Folder": {
														"value": "@concat(pipeline().parameters.plnPar_RecordName,'/','temp')",
														"type": "Expression"
													}
												}
											}
										]
									},
									{
										"name": "Set variable2",
										"type": "SetVariable",
										"dependsOn": [
											{
												"activity": "Set variable after keyword_copy1",
												"dependencyConditions": [
													"Succeeded"
												]
											}
										],
										"policy": {
											"secureOutput": false,
											"secureInput": false
										},
										"userProperties": [],
										"typeProperties": {
											"variableName": "QueryBody",
											"value": {
												"value": "@if(or(contains(pipeline().parameters.plnPar_RecordName,'p11'),or(contains(pipeline().parameters.plnPar_RecordName,'p13'),or(contains(pipeline().parameters.plnPar_RecordName,'p16'),or(contains(pipeline().parameters.plnPar_RecordName,'p17'),or(contains(pipeline().parameters.plnPar_RecordName,'p18'),contains(pipeline().parameters.plnPar_RecordName,'p19')))))),concat(\n    '{\"query\": \"{p14InsuranceInForceRecords (reinsuranceYear:', pipeline().parameters.plnPar_ReInsuranceYear, ' first:', pipeline().parameters.plnPar_FirstNumber, ' after: \\\"', variables('AfterKeyword'),'\\\"',' order:{key:', pipeline().parameters.plnPar_RecordOrder, '} ) {nodes{', pipeline().parameters.plnPar_Nodes, '} ', 'pageInfo {', pipeline().parameters.plnPar_PageInfo, '}}}\"}'),concat(\n    '{\"query\": \"{', pipeline().parameters.plnPar_RecordName, '(reinsuranceYear:', pipeline().parameters.plnPar_ReInsuranceYear, ' first:', pipeline().parameters.plnPar_FirstNumber, ' after: \\\"', variables('AfterKeyword'),'\\\"',' order:{key:', pipeline().parameters.plnPar_RecordOrder, '} ) {nodes{', pipeline().parameters.plnPar_Nodes, '} ', 'pageInfo {', pipeline().parameters.plnPar_PageInfo, '}}}\"}'))",
												"type": "Expression"
											}
										}
									},
									{
										"name": "Set variable after keyword_copy1",
										"type": "SetVariable",
										"dependsOn": [
											{
												"activity": "Set FileName_copy1_copy1",
												"dependencyConditions": [
													"Succeeded"
												]
											}
										],
										"policy": {
											"secureOutput": false,
											"secureInput": false
										},
										"userProperties": [],
										"typeProperties": {
											"variableName": "AfterKeyword",
											"value": {
												"value": "@if(or(contains(pipeline().parameters.plnPar_RecordName,'p11'),or(contains(pipeline().parameters.plnPar_RecordName,'p13'),or(contains(pipeline().parameters.plnPar_RecordName,'p16'),or(contains(pipeline().parameters.plnPar_RecordName,'p17'),or(contains(pipeline().parameters.plnPar_RecordName,'p18'),contains(pipeline().parameters.plnPar_RecordName,'p19')))))),activity('Lookup1').output.firstRow.data.p14InsuranceInForceRecords.pageInfo.endCursor,activity('Lookup1').output.firstRow.data[pipeline().parameters.plnPar_RecordName].pageInfo.endCursor)",
												"type": "Expression"
											}
										}
									},
									{
										"name": "Set FileName_copy1_copy1",
										"type": "SetVariable",
										"dependsOn": [],
										"policy": {
											"secureOutput": false,
											"secureInput": false
										},
										"userProperties": [],
										"typeProperties": {
											"variableName": "FileName",
											"value": {
												"value": "@if(or(contains(pipeline().parameters.plnPar_RecordName,'p11'),or(contains(pipeline().parameters.plnPar_RecordName,'p13'),or(contains(pipeline().parameters.plnPar_RecordName,'p16'),or(contains(pipeline().parameters.plnPar_RecordName,'p17'),or(contains(pipeline().parameters.plnPar_RecordName,'p18'),contains(pipeline().parameters.plnPar_RecordName,'p19')))))),concat(pipeline().parameters.plnPar_RecordName,'_',pipeline().parameters.plnPar_ReInsuranceYear,'_',activity('Lookup1').output.firstRow.data.p14InsuranceInForceRecords.pageInfo.endCursor,'.json'),concat(pipeline().parameters.plnPar_RecordName,'_',pipeline().parameters.plnPar_ReInsuranceYear,'_',activity('Lookup1').output.firstRow.data[pipeline().parameters.plnPar_RecordName].pageInfo.endCursor,'.json'))",
												"type": "Expression"
											}
										}
									}
								],
								"ifTrueActivities": [
									{
										"name": "Set variable1",
										"type": "SetVariable",
										"dependsOn": [],
										"policy": {
											"secureOutput": false,
											"secureInput": false
										},
										"userProperties": [],
										"typeProperties": {
											"variableName": "hasNextPage",
											"value": true
										}
									}
								]
							}
						},
						{
							"name": "Lookup1",
							"type": "Lookup",
							"dependsOn": [],
							"policy": {
								"timeout": "0.12:00:00",
								"retry": 0,
								"retryIntervalInSeconds": 30,
								"secureOutput": false,
								"secureInput": false
							},
							"userProperties": [],
							"typeProperties": {
								"source": {
									"type": "JsonSource",
									"storeSettings": {
										"type": "AzureBlobFSReadSettings",
										"recursive": true,
										"enablePartitionDiscovery": false
									},
									"formatSettings": {
										"type": "JsonReadSettings"
									}
								},
								"dataset": {
									"referenceName": "ds_adls_raw_json_common",
									"type": "DatasetReference",
									"parameters": {
										"dsPar_ADLS_URL": {
											"value": "@pipeline().parameters.plnPar_ADLS_URL",
											"type": "Expression"
										},
										"dsPar_Container": {
											"value": "@pipeline().parameters.plnPar_Container",
											"type": "Expression"
										},
										"dsPar_Filename": {
											"value": "@variables('FileName')",
											"type": "Expression"
										},
										"dsPar_Folder": {
											"value": "@concat(pipeline().parameters.plnPar_RecordName,'/','temp')",
											"type": "Expression"
										}
									}
								}
							}
						},
						{
							"name": "Set variable hasNextPage",
							"type": "SetVariable",
							"dependsOn": [
								{
									"activity": "Lookup1",
									"dependencyConditions": [
										"Succeeded"
									]
								}
							],
							"policy": {
								"secureOutput": false,
								"secureInput": false
							},
							"userProperties": [],
							"typeProperties": {
								"variableName": "hasNextPage",
								"value": {
									"value": "@if(or(contains(pipeline().parameters.plnPar_RecordName,'p11'),or(contains(pipeline().parameters.plnPar_RecordName,'p13'),or(contains(pipeline().parameters.plnPar_RecordName,'p16'),or(contains(pipeline().parameters.plnPar_RecordName,'p17'),or(contains(pipeline().parameters.plnPar_RecordName,'p18'),contains(pipeline().parameters.plnPar_RecordName,'p19')))))),activity('Lookup1').output.firstRow.data.p14InsuranceInForceRecords.pageInfo.hasNextPage,activity('Lookup1').output.firstRow.data[pipeline().parameters.plnPar_RecordName].pageInfo.hasNextPage)",
									"type": "Expression"
								}
							}
						}
					],
					"timeout": "0.12:00:00"
				}
			},
			{
				"name": "Copy data to ADLS_copy1",
				"type": "Copy",
				"dependsOn": [
					{
						"activity": "Set FileName",
						"dependencyConditions": [
							"Succeeded"
						]
					}
				],
				"policy": {
					"timeout": "0.12:00:00",
					"retry": 0,
					"retryIntervalInSeconds": 30,
					"secureOutput": false,
					"secureInput": false
				},
				"userProperties": [],
				"typeProperties": {
					"source": {
						"type": "JsonSource",
						"storeSettings": {
							"type": "HttpReadSettings",
							"requestMethod": "POST",
							"additionalHeaders": "Content-Type: application/json\nContent-Length: 10240\nHost: pass.developer.agencyroot.com\nCache-Control: no-cache\nAccept: application/json",
							"requestBody": {
								"value": "@variables('QueryBody')",
								"type": "Expression"
							},
							"requestTimeout": ""
						},
						"formatSettings": {
							"type": "JsonReadSettings"
						}
					},
					"sink": {
						"type": "JsonSink",
						"storeSettings": {
							"type": "AzureBlobFSWriteSettings"
						},
						"formatSettings": {
							"type": "JsonWriteSettings"
						}
					},
					"enableStaging": false
				},
				"inputs": [
					{
						"referenceName": "ds_http_graphql_response_json",
						"type": "DatasetReference"
					}
				],
				"outputs": [
					{
						"referenceName": "ds_adls_raw_json_common",
						"type": "DatasetReference",
						"parameters": {
							"dsPar_ADLS_URL": {
								"value": "@pipeline().parameters.plnPar_ADLS_URL",
								"type": "Expression"
							},
							"dsPar_Container": {
								"value": "@pipeline().parameters.plnPar_Container",
								"type": "Expression"
							},
							"dsPar_Filename": {
								"value": "@variables('FileName')",
								"type": "Expression"
							},
							"dsPar_Folder": {
								"value": "@concat(pipeline().parameters.plnPar_RecordName,'/','temp')",
								"type": "Expression"
							}
						}
					}
				]
			},
			{
				"name": "Set variable Query Body_copy1",
				"type": "SetVariable",
				"dependsOn": [],
				"policy": {
					"secureOutput": false,
					"secureInput": false
				},
				"userProperties": [],
				"typeProperties": {
					"variableName": "QueryBody",
					"value": {
						"value": "@if(or(contains(pipeline().parameters.plnPar_RecordName,'p11'),or(contains(pipeline().parameters.plnPar_RecordName,'p13'),or(contains(pipeline().parameters.plnPar_RecordName,'p16'),or(contains(pipeline().parameters.plnPar_RecordName,'p17'),or(contains(pipeline().parameters.plnPar_RecordName,'p18'),contains(pipeline().parameters.plnPar_RecordName,'p19')))))),concat(\n    '{\"query\": \"{p14InsuranceInForceRecords (reinsuranceYear:', pipeline().parameters.plnPar_ReInsuranceYear, ' first:', pipeline().parameters.plnPar_FirstNumber,' order:{key:', pipeline().parameters.plnPar_RecordOrder, '} ) {nodes{', pipeline().parameters.plnPar_Nodes, '} ', 'pageInfo {', pipeline().parameters.plnPar_PageInfo, '}}}\"}'),concat(\n    '{\"query\": \"{', pipeline().parameters.plnPar_RecordName, '(reinsuranceYear:', pipeline().parameters.plnPar_ReInsuranceYear, ' first:', pipeline().parameters.plnPar_FirstNumber,' order:{key:', pipeline().parameters.plnPar_RecordOrder, '} ) {nodes{', pipeline().parameters.plnPar_Nodes, '} ', 'pageInfo {', pipeline().parameters.plnPar_PageInfo, '}}}\"}'))",
						"type": "Expression"
					}
				}
			},
			{
				"name": "Set FileName",
				"type": "SetVariable",
				"dependsOn": [
					{
						"activity": "Set variable Query Body_copy1",
						"dependencyConditions": [
							"Succeeded"
						]
					}
				],
				"policy": {
					"secureOutput": false,
					"secureInput": false
				},
				"userProperties": [],
				"typeProperties": {
					"variableName": "FileName",
					"value": {
						"value": "@concat(\n    pipeline().parameters.plnPar_RecordName, '_',pipeline().parameters.plnPar_ReInsuranceYear,'_1', '.json'\n)",
						"type": "Expression"
					}
				}
			}
		],
		"parameters": {
			"plnPar_RecordName": {
				"type": "string"
			},
			"plnPar_ReInsuranceYear": {
				"type": "string"
			},
			"plnPar_FirstNumber": {
				"type": "string"
			},
			"plnPar_RecordOrder": {
				"type": "string"
			},
			"plnPar_PageInfo": {
				"type": "string"
			},
			"plnPar_ADLS_URL": {
				"type": "string"
			},
			"plnPar_Container": {
				"type": "string"
			},
			"plnPar_ScheduleTaskRunDt": {
				"type": "string"
			},
			"plnPar_Nodes": {
				"type": "string"
			}
		},
		"variables": {
			"hasNextPage": {
				"type": "Boolean",
				"defaultValue": true
			},
			"QueryBody": {
				"type": "String"
			},
			"AfterKeyword": {
				"type": "String"
			},
			"FileName": {
				"type": "String"
			},
			"file_date": {
				"type": "String"
			}
		},
		"folder": {
			"name": "21 - Datalake/AgencyRoot"
		},
		"annotations": [],
		"lastPublishTime": "2024-10-20T10:34:36Z"
	},
	"type": "Microsoft.DataFactory/factories/pipelines"
}