{
	"name": "pln_load_mr_to_raw_full",
	"properties": {
		"activities": [
			{
				"name": "copy - MR data from source to EDW raw",
				"type": "Copy",
				"dependsOn": [
					{
						"activity": "set var - raw file name",
						"dependencyConditions": [
							"Succeeded"
						]
					},
					{
						"activity": "set var - raw folder name",
						"dependencyConditions": [
							"Succeeded"
						]
					},
					{
						"activity": "set var - full src query",
						"dependencyConditions": [
							"Succeeded"
						]
					},
					{
						"activity": "lkp - get tbl count",
						"dependencyConditions": [
							"Succeeded"
						]
					}
				],
				"policy": {
					"timeout": "7.00:00:00",
					"retry": 2,
					"retryIntervalInSeconds": 30,
					"secureOutput": false,
					"secureInput": false
				},
				"userProperties": [],
				"typeProperties": {
					"source": {
						"type": "SqlServerSource",
						"sqlReaderQuery": {
							"value": "@variables('plnVar_FullSrcQuery')",
							"type": "Expression"
						},
						"queryTimeout": "02:00:00",
						"partitionOption": "None"
					},
					"sink": {
						"type": "DelimitedTextSink",
						"storeSettings": {
							"type": "AzureBlobFSWriteSettings",
							"maxConcurrentConnections": 0
						},
						"formatSettings": {
							"type": "DelimitedTextWriteSettings",
							"quoteAllText": true,
							"fileExtension": ".txt"
						}
					},
					"enableStaging": false,
					"parallelCopies": {
						"value": "@activity('lkp - get schedule task run details').output.firstRow.copy_degree_of_parallelism_nbr",
						"type": "Expression"
					},
					"dataIntegrationUnits": {
						"value": "@activity('lkp - get schedule task run details').output.firstRow.copy_data_integration_unit_nbr",
						"type": "Expression"
					},
					"translator": {
						"type": "TabularTranslator",
						"typeConversion": true,
						"typeConversionSettings": {
							"allowDataTruncation": true,
							"treatBooleanAsNumber": false
						}
					}
				},
				"inputs": [
					{
						"referenceName": "ds_sqldb_mr_table",
						"type": "DatasetReference",
						"parameters": {
							"dsPar_dbSchemaName": {
								"value": "@activity('lkp - get schedule task run details').output.firstRow.src_table_prefix_txt",
								"type": "Expression"
							},
							"dsPar_dbTableName": {
								"value": "@activity('lkp - get schedule task run details').output.firstRow.src_entity_nm",
								"type": "Expression"
							},
							"dsPar_dbAKVConnectionName": {
								"value": "@activity('lkp - get schedule task run details').output.firstRow.src_system_akv_connection_txt",
								"type": "Expression"
							}
						}
					}
				],
				"outputs": [
					{
						"referenceName": "ds_adls_raw_file_pipeDelim",
						"type": "DatasetReference",
						"parameters": {
							"dsPar_Container": {
								"value": "@variables('plnVar_RawContainerName')",
								"type": "Expression"
							},
							"dsPar_Folder": {
								"value": "@variables('plnVar_RawFolderName')",
								"type": "Expression"
							},
							"dsPar_File": {
								"value": "@variables('plnVar_RawFileName')",
								"type": "Expression"
							}
						}
					}
				]
			},
			{
				"name": "set var - raw folder name",
				"description": "sets the variable for the raw folder name to the entity name and the date",
				"type": "SetVariable",
				"dependsOn": [
					{
						"activity": "lkp - get schedule task run details",
						"dependencyConditions": [
							"Succeeded"
						]
					}
				],
				"policy": {
					"secureOutput": false,
					"secureInput": false
				},
				"userProperties": [],
				"typeProperties": {
					"variableName": "plnVar_RawFolderName",
					"value": {
						"value": "@concat(activity('lkp - get schedule task run details').output.firstRow.src_system_abbrv_cd,'\\',activity('lkp - get schedule task run details').output.firstRow.src_table_prefix_txt,'\\',activity('lkp - get schedule task run details').output.firstRow.src_entity_nm,'\\',replace(activity('lkp - get schedule task run details').output.firstRow.schedule_task_run_dt,'-','\\'))",
						"type": "Expression"
					}
				}
			},
			{
				"name": "set var - raw file name",
				"description": "sets the variable for the raw file name to the entity name + full + the date",
				"type": "SetVariable",
				"dependsOn": [
					{
						"activity": "lkp - get schedule task run details",
						"dependencyConditions": [
							"Succeeded"
						]
					}
				],
				"policy": {
					"secureOutput": false,
					"secureInput": false
				},
				"userProperties": [],
				"typeProperties": {
					"variableName": "plnVar_RawFileName",
					"value": {
						"value": "@concat(activity('lkp - get schedule task run details').output.firstRow.tgt_entity_nm,'_',replace(activity('lkp - get schedule task run details').output.firstRow.schedule_task_run_dt,'-',''),'_full.txt')",
						"type": "Expression"
					}
				}
			},
			{
				"name": "lkp - get schedule task run details",
				"type": "Lookup",
				"dependsOn": [],
				"policy": {
					"timeout": "7.00:00:00",
					"retry": 0,
					"retryIntervalInSeconds": 30,
					"secureOutput": false,
					"secureInput": false
				},
				"userProperties": [],
				"typeProperties": {
					"source": {
						"type": "AzureSqlSource",
						"sqlReaderStoredProcedureName": "[mgmt].[usp_get_schedule_task_run_details]",
						"storedProcedureParameters": {
							"in_ScheduleTaskRunSk": {
								"type": "Int64",
								"value": {
									"value": "@pipeline().parameters.plnPar_ScheduleTaskRunSk",
									"type": "Expression"
								}
							}
						},
						"queryTimeout": "02:00:00",
						"partitionOption": "None"
					},
					"dataset": {
						"referenceName": "ds_asqldb_edw_table",
						"type": "DatasetReference",
						"parameters": {
							"dsPar_SchemaName": "dbo",
							"dsPar_TableName": "schedule_task_run"
						}
					},
					"firstRowOnly": true
				}
			},
			{
				"name": "set var - full src query",
				"description": "sets the variable for the raw file name to the entity name + full + the date",
				"type": "SetVariable",
				"dependsOn": [
					{
						"activity": "lkp - get schedule task run details",
						"dependencyConditions": [
							"Succeeded"
						]
					}
				],
				"policy": {
					"secureOutput": false,
					"secureInput": false
				},
				"userProperties": [],
				"typeProperties": {
					"variableName": "plnVar_FullSrcQuery",
					"value": {
						"value": "@concat('SELECT t.* FROM (select ',activity('lkp - get schedule task run details').output.firstRow.src_cols_list_txt,',',' ROW_NUMBER() over(order by GETDATE()) as src_file_line_nbr  from ',activity('lkp - get schedule task run details').output.firstRow.src_table_prefix_txt, '.', activity('lkp - get schedule task run details').output.firstRow.src_entity_nm, ' ) as t ')",
						"type": "Expression"
					}
				}
			},
			{
				"name": "set var - src count query",
				"description": "",
				"type": "SetVariable",
				"dependsOn": [
					{
						"activity": "lkp - get schedule task run details",
						"dependencyConditions": [
							"Succeeded"
						]
					}
				],
				"policy": {
					"secureOutput": false,
					"secureInput": false
				},
				"userProperties": [],
				"typeProperties": {
					"variableName": "plnVar_SrcCountQuery",
					"value": {
						"value": "@concat('select  count(*) as src_row_count from ',activity('lkp - get schedule task run details').output.firstRow.src_table_prefix_txt, '.', activity('lkp - get schedule task run details').output.firstRow.src_entity_nm)",
						"type": "Expression"
					}
				}
			},
			{
				"name": "lkp - get tbl count",
				"type": "Lookup",
				"dependsOn": [
					{
						"activity": "set var - src count query",
						"dependencyConditions": [
							"Succeeded"
						]
					}
				],
				"policy": {
					"timeout": "7.00:00:00",
					"retry": 2,
					"retryIntervalInSeconds": 30,
					"secureOutput": false,
					"secureInput": false
				},
				"userProperties": [],
				"typeProperties": {
					"source": {
						"type": "SqlServerSource",
						"sqlReaderQuery": {
							"value": "@variables('plnVar_SrcCountQuery')",
							"type": "Expression"
						},
						"queryTimeout": "02:00:00",
						"partitionOption": "None"
					},
					"dataset": {
						"referenceName": "ds_sqldb_mr_table",
						"type": "DatasetReference",
						"parameters": {
							"dsPar_dbSchemaName": {
								"value": "@activity('lkp - get schedule task run details').output.firstRow.src_table_prefix_txt",
								"type": "Expression"
							},
							"dsPar_dbTableName": {
								"value": "@activity('lkp - get schedule task run details').output.firstRow.src_entity_nm",
								"type": "Expression"
							},
							"dsPar_dbAKVConnectionName": {
								"value": "@activity('lkp - get schedule task run details').output.firstRow.src_system_akv_connection_txt",
								"type": "Expression"
							}
						}
					}
				}
			},
			{
				"name": "set var - error msg - copy failure",
				"type": "SetVariable",
				"dependsOn": [
					{
						"activity": "copy - MR data from source to EDW raw",
						"dependencyConditions": [
							"Failed"
						]
					}
				],
				"policy": {
					"secureOutput": false,
					"secureInput": false
				},
				"userProperties": [],
				"typeProperties": {
					"variableName": "plnVar_ErrorMessage",
					"value": {
						"value": "@coalesce(activity('copy - MR data from source to EDW raw').output.errors[0].message,'')",
						"type": "Expression"
					}
				}
			},
			{
				"name": "exec - pln - end task - copy failure",
				"type": "ExecutePipeline",
				"dependsOn": [
					{
						"activity": "set var - error msg - copy failure",
						"dependencyConditions": [
							"Succeeded"
						]
					}
				],
				"policy": {
					"secureInput": false
				},
				"userProperties": [],
				"typeProperties": {
					"pipeline": {
						"referenceName": "pln_orch_end_task",
						"type": "PipelineReference"
					},
					"waitOnCompletion": true,
					"parameters": {
						"plnPar_TaskApplicationRunIdTxt": {
							"value": "@concat('PLN_RUN_ID: ',pipeline().RunId ,' | PLN_NM: ',pipeline().Pipeline,' | DF_NM: ',pipeline().DataFactory)",
							"type": "Expression"
						},
						"plnPar_TaskRunStatusCd": "FAILED",
						"plnPar_TaskRunStatusDesc": {
							"value": "@variables('plnVar_ErrorMessage')",
							"type": "Expression"
						},
						"plnPar_ScheduleTaskRunSk": {
							"value": "@pipeline().parameters.plnPar_ScheduleTaskRunSk",
							"type": "Expression"
						}
					}
				}
			},
			{
				"name": "exec - proc - update row counts",
				"type": "SqlServerStoredProcedure",
				"dependsOn": [
					{
						"activity": "copy - MR data from source to EDW raw",
						"dependencyConditions": [
							"Succeeded"
						]
					}
				],
				"policy": {
					"timeout": "7.00:00:00",
					"retry": 0,
					"retryIntervalInSeconds": 30,
					"secureOutput": false,
					"secureInput": false
				},
				"userProperties": [],
				"typeProperties": {
					"storedProcedureName": "[mgmt].[usp_update_row_counts]",
					"storedProcedureParameters": {
						"in_ScheduleTaskRunSk": {
							"value": {
								"value": "@pipeline().parameters.plnPar_ScheduleTaskRunSk",
								"type": "Expression"
							},
							"type": "Int64"
						},
						"in_SourceRowCount": {
							"value": {
								"value": "@activity('copy - MR data from source to EDW raw').output.rowsRead",
								"type": "Expression"
							},
							"type": "Int64"
						},
						"in_TargetRowCount": {
							"value": {
								"value": "@activity('copy - MR data from source to EDW raw').output.rowsCopied",
								"type": "Expression"
							},
							"type": "Int64"
						},
						"in_TaskApplicationRunIdTxt": {
							"value": {
								"value": "@pipeline().RunId",
								"type": "Expression"
							},
							"type": "String"
						}
					}
				},
				"linkedServiceName": {
					"referenceName": "lnks_edw_asqldb_nwedw",
					"type": "LinkedServiceReference"
				}
			},
			{
				"name": "exec - fail pipeline - load raw - full fail",
				"type": "ExecutePipeline",
				"dependsOn": [
					{
						"activity": "exec - pln - end task - copy failure",
						"dependencyConditions": [
							"Succeeded"
						]
					}
				],
				"policy": {
					"secureInput": false
				},
				"userProperties": [],
				"typeProperties": {
					"pipeline": {
						"referenceName": "pln_fail_pipeline_template",
						"type": "PipelineReference"
					},
					"waitOnCompletion": true
				}
			}
		],
		"parameters": {
			"plnPar_ScheduleTaskRunSk": {
				"type": "string",
				"defaultValue": "34"
			},
			"plnPar_ScheduleName": {
				"type": "string",
				"defaultValue": "EDW_Daily"
			},
			"plnPar_BatchName": {
				"type": "string",
				"defaultValue": "MR_Staging_Daily"
			},
			"plnPar_PhaseName": {
				"type": "string",
				"defaultValue": "Land"
			},
			"plnPar_TgtRawFileEntityNm": {
				"type": "string"
			}
		},
		"variables": {
			"plnVar_RawContainerName": {
				"type": "String",
				"defaultValue": "raw-mr"
			},
			"plnVar_RawFolderName": {
				"type": "String"
			},
			"plnVar_RawFileName": {
				"type": "String"
			},
			"plnVar_FullSrcQuery": {
				"type": "String"
			},
			"plnVar_SrcCountQuery": {
				"type": "String"
			},
			"plnVar_ErrorMessage": {
				"type": "String"
			}
		},
		"folder": {
			"name": "21 - Datalake"
		},
		"annotations": [],
		"lastPublishTime": "2022-09-06T14:47:17Z"
	},
	"type": "Microsoft.DataFactory/factories/pipelines"
}