{
	"name": "pln_bal_chk_get_acct_random_samples",
	"properties": {
		"activities": [
			{
				"name": "Lookup Business Date",
				"type": "Lookup",
				"dependsOn": [
					{
						"activity": "Set variable plnVar_RandomSampleQuery",
						"dependencyConditions": [
							"Succeeded"
						]
					}
				],
				"policy": {
					"timeout": "0.12:00:00",
					"retry": 0,
					"retryIntervalInSeconds": 30,
					"secureOutput": false,
					"secureInput": false
				},
				"userProperties": [],
				"typeProperties": {
					"source": {
						"type": "SqlServerSource",
						"sqlReaderQuery": {
							"value": "@variables('plnVar_RandomSampleQuery')",
							"type": "Expression"
						},
						"queryTimeout": "02:00:00",
						"partitionOption": "None"
					},
					"dataset": {
						"referenceName": "ds_sqldb_mr_table",
						"type": "DatasetReference",
						"parameters": {
							"dsPar_dbSchemaName": "dbo",
							"dsPar_dbTableName": "any",
							"dsPar_dbAKVConnectionName": {
								"value": "KVS-EDW-SQLDB-PROD-CONNSTR-MRDATAMART",
								"type": "Expression"
							}
						}
					},
					"firstRowOnly": false
				}
			},
			{
				"name": "ForEachSample",
				"type": "ForEach",
				"dependsOn": [
					{
						"activity": "Lookup Business Date",
						"dependencyConditions": [
							"Succeeded"
						]
					}
				],
				"userProperties": [],
				"typeProperties": {
					"items": {
						"value": "@activity('Lookup Business Date').output.value",
						"type": "Expression"
					},
					"isSequential": true,
					"activities": [
						{
							"name": "Append Samples",
							"type": "AppendVariable",
							"dependsOn": [],
							"userProperties": [],
							"typeProperties": {
								"variableName": "plnVar_RandomAcctNums",
								"value": {
									"value": "@item().accountNumber",
									"type": "Expression"
								}
							}
						},
						{
							"name": "Set variable curr business date",
							"type": "SetVariable",
							"dependsOn": [],
							"policy": {
								"secureOutput": false,
								"secureInput": false
							},
							"userProperties": [],
							"typeProperties": {
								"variableName": "plnVar_CurrDateIDInternal",
								"value": {
									"value": "@item().DateIDInternal",
									"type": "Expression"
								}
							}
						}
					]
				}
			},
			{
				"name": "Set Acct Num List",
				"type": "SetVariable",
				"dependsOn": [
					{
						"activity": "ForEachSample",
						"dependencyConditions": [
							"Succeeded"
						]
					}
				],
				"policy": {
					"secureOutput": false,
					"secureInput": false
				},
				"userProperties": [],
				"typeProperties": {
					"variableName": "plnVar_AcctNumList",
					"value": {
						"value": "@join(variables('plnVar_RandomAcctNums'),',')",
						"type": "Expression"
					}
				}
			},
			{
				"name": "Script load random sample to db",
				"type": "Script",
				"dependsOn": [
					{
						"activity": "Set Acct Num List",
						"dependencyConditions": [
							"Succeeded"
						]
					}
				],
				"policy": {
					"timeout": "0.12:00:00",
					"retry": 0,
					"retryIntervalInSeconds": 30,
					"secureOutput": false,
					"secureInput": false
				},
				"userProperties": [],
				"linkedServiceName": {
					"referenceName": "lnks_asqlmi_db",
					"type": "LinkedServiceReference",
					"parameters": {
						"lnksPar_SqlMI_Server": {
							"value": "@pipeline().parameters.plnPar_BalChkDBConnection",
							"type": "Expression"
						},
						"lnksPar_Database": {
							"value": "@pipeline().parameters.plnPar_BalChkDBName",
							"type": "Expression"
						}
					}
				},
				"typeProperties": {
					"scripts": [
						{
							"type": "Query",
							"text": {
								"value": "@concat(\n'INSERT INTO mgmt.balance_check_daily_random_samples (DateIDInternal, SampleType, RandomSamples) SELECT ', variables('plnVar_CurrDateIDInternal'), ',''North Random Account Numbers'',''',variables('plnVar_AcctNumList'), ''' ',\n'WHERE NOT EXISTS (Select 1 From mgmt.balance_check_daily_random_samples WHERE DateIDInternal = ', variables('plnVar_CurrDateIDInternal'), ' AND SampleType = ''North Random Account Numbers'')'\n)",
								"type": "Expression"
							}
						}
					],
					"scriptBlockExecutionTimeout": "02:00:00"
				}
			},
			{
				"name": "Lookup Random Acct Query",
				"type": "Lookup",
				"dependsOn": [],
				"policy": {
					"timeout": "0.12:00:00",
					"retry": 0,
					"retryIntervalInSeconds": 30,
					"secureOutput": false,
					"secureInput": false
				},
				"userProperties": [],
				"typeProperties": {
					"source": {
						"type": "SqlMISource",
						"sqlReaderQuery": {
							"value": "@concat(\n    'select random_sample_query_txt ',\n    'from ', pipeline().parameters.plnPar_BalChkSchema, '.',\n    'balance_check_random_sample ',\n    'where balance_check_random_sample_nm = ''North Random Account Numbers'' ',\n    'and balance_check_random_sample_run_YN_ind = ''Y'''\n)",
							"type": "Expression"
						},
						"partitionOption": "None"
					},
					"dataset": {
						"referenceName": "ds_asqlmi_table_dynmc",
						"type": "DatasetReference",
						"parameters": {
							"dsPar_SchemaName": {
								"value": "@pipeline().parameters.plnPar_BalChkSchema",
								"type": "Expression"
							},
							"dsPar_TableName": "balance_check_random_sample",
							"dsPar_ServerConnection": {
								"value": "@pipeline().parameters.plnPar_BalChkDBConnection",
								"type": "Expression"
							},
							"dsPar_DatabaseName": {
								"value": "@pipeline().parameters.plnPar_BalChkDBName",
								"type": "Expression"
							}
						}
					}
				}
			},
			{
				"name": "Set variable plnVar_RandomSampleQuery",
				"type": "SetVariable",
				"dependsOn": [
					{
						"activity": "Lookup Random Acct Query",
						"dependencyConditions": [
							"Succeeded"
						]
					}
				],
				"policy": {
					"secureOutput": false,
					"secureInput": false
				},
				"userProperties": [],
				"typeProperties": {
					"variableName": "plnVar_RandomSampleQuery",
					"value": {
						"value": "@activity('Lookup Random Acct Query').output.firstRow.random_sample_query_txt",
						"type": "Expression"
					}
				}
			}
		],
		"parameters": {
			"plnPar_BalChkDBConnection": {
				"type": "string",
				"defaultValue": "nw-edw-d-usw-mi.public.3dbc2ecfe1bf.database.windows.net,3342"
			},
			"plnPar_BalChkDBName": {
				"type": "string",
				"defaultValue": "aw-validation-d-usw-sqldb"
			},
			"plnPar_BalChkSchema": {
				"type": "string",
				"defaultValue": "mgmt"
			}
		},
		"variables": {
			"plnVar_RandomAcctNums": {
				"type": "Array"
			},
			"plnVar_AcctNumList": {
				"type": "String"
			},
			"plnVar_CurrDateIDInternal": {
				"type": "Integer"
			},
			"plnVar_RandomSampleQuery": {
				"type": "String"
			}
		},
		"folder": {
			"name": "Validation"
		},
		"annotations": [],
		"lastPublishTime": "2025-01-10T16:07:49Z"
	},
	"type": "Microsoft.DataFactory/factories/pipelines"
}