{
	"name": "pln_run_task_arcgis_mls_land",
	"properties": {
		"activities": [
			{
				"name": "ForEach Task",
				"type": "ForEach",
				"dependsOn": [
					{
						"activity": "set var - tasks array",
						"dependencyConditions": [
							"Succeeded"
						]
					}
				],
				"userProperties": [],
				"typeProperties": {
					"items": {
						"value": "@variables('plnVar_TasksArray')",
						"type": "Expression"
					},
					"isSequential": false,
					"batchCount": 20,
					"activities": [
						{
							"name": "Switch - TaskType",
							"type": "Switch",
							"dependsOn": [
								{
									"activity": "lkp - get sch task run details pre run",
									"dependencyConditions": [
										"Succeeded"
									]
								}
							],
							"userProperties": [],
							"typeProperties": {
								"on": {
									"value": "@split(item(),',')[0]",
									"type": "Expression"
								},
								"cases": [
									{
										"value": "plnLoadArcGISMLSLandListings",
										"activities": [
											{
												"name": "exec - start task - RawToLArea - nCino - init_copy1",
												"type": "ExecutePipeline",
												"dependsOn": [],
												"policy": {
													"secureInput": false
												},
												"userProperties": [],
												"typeProperties": {
													"pipeline": {
														"referenceName": "pln_orch_start_task_arcgis",
														"type": "PipelineReference"
													},
													"waitOnCompletion": true,
													"parameters": {
														"plnPar_BatchName": {
															"value": "@pipeline().parameters.plnPar_BatchName",
															"type": "Expression"
														},
														"plnPar_PhaseName": {
															"value": "@pipeline().parameters.plnPar_PhaseName",
															"type": "Expression"
														},
														"plnPar_ScheduleName": {
															"value": "@pipeline().parameters.plnPar_ScheduleName",
															"type": "Expression"
														},
														"plnPar_TaskApplicationRunIdTxt": {
															"value": "@pipeline().RunId",
															"type": "Expression"
														},
														"plnPar_ScheduleTaskRunSk": {
															"value": "@split(item(),',')[1]",
															"type": "Expression"
														}
													}
												}
											},
											{
												"name": "exec - pln load - RawToLArea - nCino - init_copy1",
												"type": "ExecutePipeline",
												"dependsOn": [
													{
														"activity": "exec - start task - RawToLArea - nCino - init_copy1",
														"dependencyConditions": [
															"Succeeded"
														]
													}
												],
												"policy": {
													"secureInput": false
												},
												"userProperties": [],
												"typeProperties": {
													"pipeline": {
														"referenceName": "pln_load_ArcGIS_MLS_land_listings",
														"type": "PipelineReference"
													},
													"waitOnCompletion": true,
													"parameters": {
														"plnPar_ScheduleTaskRunSk": {
															"value": "@split(item(),',')[1]",
															"type": "Expression"
														},
														"plnPar_ScheduleTaskRunDt": {
															"value": "@pipeline().parameters.plnPar_ScheduleRunDate",
															"type": "Expression"
														}
													}
												}
											}
										]
									},
									{
										"value": "plnLoadArcGISMLSLandDeletes",
										"activities": [
											{
												"name": "exec - start task - RawToLArea - nCino - init_copy2",
												"type": "ExecutePipeline",
												"dependsOn": [],
												"policy": {
													"secureInput": false
												},
												"userProperties": [],
												"typeProperties": {
													"pipeline": {
														"referenceName": "pln_orch_start_task_arcgis",
														"type": "PipelineReference"
													},
													"waitOnCompletion": true,
													"parameters": {
														"plnPar_BatchName": {
															"value": "@pipeline().parameters.plnPar_BatchName",
															"type": "Expression"
														},
														"plnPar_PhaseName": {
															"value": "@pipeline().parameters.plnPar_PhaseName",
															"type": "Expression"
														},
														"plnPar_ScheduleName": {
															"value": "@pipeline().parameters.plnPar_ScheduleName",
															"type": "Expression"
														},
														"plnPar_TaskApplicationRunIdTxt": {
															"value": "@pipeline().RunId",
															"type": "Expression"
														},
														"plnPar_ScheduleTaskRunSk": {
															"value": "@split(item(),',')[1]",
															"type": "Expression"
														}
													}
												}
											},
											{
												"name": "exec - pln load - RawToLArea - nCino - init_copy2",
												"type": "ExecutePipeline",
												"dependsOn": [
													{
														"activity": "exec - start task - RawToLArea - nCino - init_copy2",
														"dependencyConditions": [
															"Succeeded"
														]
													}
												],
												"policy": {
													"secureInput": false
												},
												"userProperties": [],
												"typeProperties": {
													"pipeline": {
														"referenceName": "pln_load_ArcGIS_MLS_land_deletes",
														"type": "PipelineReference"
													},
													"waitOnCompletion": true,
													"parameters": {
														"plnPar_ScheduleTaskRunSk": {
															"value": "@split(item(),',')[1]",
															"type": "Expression"
														},
														"plnPar_ScheduleTaskRunDt": {
															"value": "@pipeline().parameters.plnPar_ScheduleRunDate",
															"type": "Expression"
														}
													}
												}
											}
										]
									}
								]
							}
						},
						{
							"name": "lkp - get sch task run details pre run",
							"type": "Lookup",
							"dependsOn": [],
							"policy": {
								"timeout": "7.00:00:00",
								"retry": 0,
								"retryIntervalInSeconds": 30,
								"secureOutput": false,
								"secureInput": false
							},
							"userProperties": [],
							"typeProperties": {
								"source": {
									"type": "SqlMISource",
									"sqlReaderStoredProcedureName": "[meta_arcgis].[usp_get_schedule_task_run_details]",
									"storedProcedureParameters": {
										"in_ScheduleTaskRunSk": {
											"type": "Int64",
											"value": {
												"value": "@int(split(item(),',')[1])",
												"type": "Expression"
											}
										}
									},
									"queryTimeout": "02:00:00",
									"partitionOption": "None"
								},
								"dataset": {
									"referenceName": "ds_asqlmi_arcgis_tables",
									"type": "DatasetReference",
									"parameters": {
										"dsPar_TableName": {
											"value": "batch",
											"type": "Expression"
										},
										"dsPar_SchemaName": {
											"value": "meta_arcgis",
											"type": "Expression"
										}
									}
								}
							}
						},
						{
							"name": "exec - end phase post task run - fail - switch fail",
							"type": "ExecutePipeline",
							"dependsOn": [
								{
									"activity": "exec - end task post run - failed - switch fail",
									"dependencyConditions": [
										"Succeeded"
									]
								}
							],
							"policy": {
								"secureInput": false
							},
							"userProperties": [],
							"typeProperties": {
								"pipeline": {
									"referenceName": "pln_orch_end_phase_arcgis",
									"type": "PipelineReference"
								},
								"waitOnCompletion": true,
								"parameters": {
									"plnPar_BatchName": {
										"value": "@pipeline().parameters.plnPar_BatchName\n",
										"type": "Expression"
									},
									"plnPar_PhaseName": {
										"value": "@pipeline().parameters.plnPar_PhaseName",
										"type": "Expression"
									},
									"plnPar_PhaseRunStatusCd": "FAILED"
								}
							}
						},
						{
							"name": "exec - end task post run - failed - switch fail",
							"type": "ExecutePipeline",
							"dependsOn": [
								{
									"activity": "Switch - TaskType",
									"dependencyConditions": [
										"Failed"
									]
								}
							],
							"policy": {
								"secureInput": false
							},
							"userProperties": [],
							"typeProperties": {
								"pipeline": {
									"referenceName": "pln_orch_end_task_arcgis",
									"type": "PipelineReference"
								},
								"waitOnCompletion": true,
								"parameters": {
									"plnPar_TaskApplicationRunIdTxt": {
										"value": "@pipeline().RunId",
										"type": "Expression"
									},
									"plnPar_TaskRunStatusCd": "FAILED",
									"plnPar_ScheduleTaskRunSk": {
										"value": "@activity('lkp - get sch task run details pre run').output.firstRow.schedule_task_run_sk",
										"type": "Expression"
									}
								}
							}
						},
						{
							"name": "exec - end task post run - succeeded_copy1",
							"type": "ExecutePipeline",
							"dependsOn": [
								{
									"activity": "Switch - TaskType",
									"dependencyConditions": [
										"Succeeded"
									]
								}
							],
							"policy": {
								"secureInput": false
							},
							"userProperties": [],
							"typeProperties": {
								"pipeline": {
									"referenceName": "pln_orch_end_task_arcgis",
									"type": "PipelineReference"
								},
								"waitOnCompletion": true,
								"parameters": {
									"plnPar_TaskApplicationRunIdTxt": {
										"value": "@pipeline().RunId",
										"type": "Expression"
									},
									"plnPar_TaskRunStatusCd": "COMPLETE",
									"plnPar_ScheduleTaskRunSk": {
										"value": "@activity('lkp - get sch task run details pre run').output.firstRow.schedule_task_run_sk",
										"type": "Expression"
									}
								}
							}
						}
					]
				}
			},
			{
				"name": "set var - tasks array",
				"type": "SetVariable",
				"dependsOn": [],
				"policy": {
					"secureOutput": false,
					"secureInput": false
				},
				"userProperties": [],
				"typeProperties": {
					"variableName": "plnVar_TasksArray",
					"value": {
						"value": "@split(pipeline().parameters.plnPar_TaskDetails,'*')",
						"type": "Expression"
					}
				}
			}
		],
		"parameters": {
			"plnPar_ScheduleName": {
				"type": "string",
				"defaultValue": "EDW_Daily_ArcGIS_MLS"
			},
			"plnPar_BatchName": {
				"type": "string",
				"defaultValue": "ArcGIS_MLS_Daily"
			},
			"plnPar_PhaseName": {
				"type": "string",
				"defaultValue": "Raw"
			},
			"plnPar_ScheduleRunDate": {
				"type": "string",
				"defaultValue": "2024-01-01"
			},
			"plnPar_TaskDetails": {
				"type": "string",
				"defaultValue": "pln_load_arcgis_mls_ongoing_src_to_raw"
			}
		},
		"variables": {
			"plnVar_TaskRunDetails": {
				"type": "String"
			},
			"plnVar_TasksArray": {
				"type": "Array"
			},
			"plnVar_test1": {
				"type": "String"
			},
			"plnVar_test2": {
				"type": "String"
			}
		},
		"folder": {
			"name": "ArcGIS Land and Stage/Orchestration"
		},
		"annotations": [],
		"lastPublishTime": "2024-03-18T10:37:05Z"
	},
	"type": "Microsoft.DataFactory/factories/pipelines"
}