{
	"name": "pln_run_child_task_priority",
	"properties": {
		"activities": [
			{
				"name": "set var - split tasks into array",
				"type": "SetVariable",
				"dependsOn": [],
				"policy": {
					"secureOutput": false,
					"secureInput": false
				},
				"userProperties": [],
				"typeProperties": {
					"variableName": "plnVar_Tasks",
					"value": {
						"value": "@split(pipeline().parameters.plnPar_Tasks,'*')",
						"type": "Expression"
					}
				}
			},
			{
				"name": "ForEach - task - run task process",
				"type": "ForEach",
				"dependsOn": [
					{
						"activity": "set var - split tasks into array",
						"dependencyConditions": [
							"Succeeded"
						]
					}
				],
				"userProperties": [],
				"typeProperties": {
					"items": {
						"value": "@variables('plnVar_Tasks')",
						"type": "Expression"
					},
					"isSequential": false,
					"batchCount": 20,
					"activities": [
						{
							"name": "exec - run Task",
							"type": "ExecutePipeline",
							"dependsOn": [],
							"policy": {
								"secureInput": false
							},
							"userProperties": [],
							"typeProperties": {
								"pipeline": {
									"referenceName": "pln_run_child_task",
									"type": "PipelineReference"
								},
								"waitOnCompletion": true,
								"parameters": {
									"plnPar_ScheduleName": {
										"value": "@pipeline().parameters.plnPar_ScheduleName",
										"type": "Expression"
									},
									"plnPar_BatchName": {
										"value": "@pipeline().parameters.plnPar_BatchName",
										"type": "Expression"
									},
									"plnPar_PhaseName": {
										"value": "@pipeline().parameters.plnPar_PhaseName",
										"type": "Expression"
									},
									"plnPar_ScheduleRunDate": {
										"value": "@pipeline().parameters.plnPar_ScheduleRunDate",
										"type": "Expression"
									},
									"plnPar_TaskDetails": {
										"value": "@item()",
										"type": "Expression"
									}
								}
							}
						}
					]
				}
			}
		],
		"concurrency": 5,
		"parameters": {
			"plnPar_ScheduleName": {
				"type": "string",
				"defaultValue": "EDW_Daily"
			},
			"plnPar_Tasks": {
				"type": "string"
			},
			"plnPar_ScheduleRunDate": {
				"type": "string"
			},
			"plnPar_PhaseName": {
				"type": "string"
			},
			"plnPar_BatchName": {
				"type": "string"
			}
		},
		"variables": {
			"plnVar_Tasks": {
				"type": "Array"
			}
		},
		"folder": {
			"name": "11 - Orchestration"
		},
		"annotations": [],
		"lastPublishTime": "2022-09-06T14:47:19Z"
	},
	"type": "Microsoft.DataFactory/factories/pipelines"
}