{
	"name": "pln_sch_on-demand_edp_trigger",
	"properties": {
		"activities": [
			{
				"name": "UntilEDPloadComplete",
				"type": "Until",
				"dependsOn": [
					{
						"activity": "UntilGRloadComplete",
						"dependencyConditions": [
							"Succeeded"
						]
					}
				],
				"userProperties": [],
				"typeProperties": {
					"expression": {
						"value": "@bool(variables('plnVar_isEDPCompleted'))",
						"type": "Expression"
					},
					"activities": [
						{
							"name": "LookupEDPloadStatus",
							"type": "Lookup",
							"dependsOn": [],
							"policy": {
								"timeout": "0.12:00:00",
								"retry": 0,
								"retryIntervalInSeconds": 30,
								"secureOutput": false,
								"secureInput": false
							},
							"userProperties": [],
							"typeProperties": {
								"source": {
									"type": "AzureSqlSource",
									"sqlReaderQuery": "select a.schedule_run_status_cd, a.update_ts\r\nfrom mgmt.schedule_run a\r\ninner join mgmt.schedule b\r\non a.schedule_sk = b.schedule_sk\r\nwhere b.schedule_nm = 'EDW_OnDemand_EDP'",
									"queryTimeout": "02:00:00",
									"partitionOption": "None"
								},
								"dataset": {
									"referenceName": "ds_asqldb_edw_table",
									"type": "DatasetReference",
									"parameters": {
										"dsPar_SchemaName": "mgmt",
										"dsPar_TableName": "schedule_run"
									}
								}
							}
						},
						{
							"name": "If EDP load is completed",
							"type": "IfCondition",
							"dependsOn": [
								{
									"activity": "LookupEDPloadStatus",
									"dependencyConditions": [
										"Succeeded"
									]
								}
							],
							"userProperties": [],
							"typeProperties": {
								"expression": {
									"value": "@equals(activity('LookupEDPloadStatus').output.firstRow.schedule_run_status_cd, 'COMPLETE')\n",
									"type": "Expression"
								},
								"ifFalseActivities": [
									{
										"name": "WaitEDPLoadComplete",
										"type": "Wait",
										"dependsOn": [],
										"userProperties": [],
										"typeProperties": {
											"waitTimeInSeconds": 300
										}
									}
								],
								"ifTrueActivities": [
									{
										"name": "Set Status",
										"type": "SetVariable",
										"dependsOn": [],
										"policy": {
											"secureOutput": false,
											"secureInput": false
										},
										"userProperties": [],
										"typeProperties": {
											"variableName": "plnVar_isEDPCompleted",
											"value": true
										}
									},
									{
										"name": "Get Metadata Goal Reporting Files",
										"type": "GetMetadata",
										"dependsOn": [
											{
												"activity": "Set Status",
												"dependencyConditions": [
													"Succeeded"
												]
											}
										],
										"policy": {
											"timeout": "0.12:00:00",
											"retry": 0,
											"retryIntervalInSeconds": 30,
											"secureOutput": false,
											"secureInput": false
										},
										"userProperties": [],
										"typeProperties": {
											"dataset": {
												"referenceName": "ds_adls_ext_folder_edp",
												"type": "DatasetReference",
												"parameters": {
													"dsPar_EDP_Container_Name": "inbound-edp",
													"dsPar_EDP_Folder_Name": "GoalReporting",
													"dsPar_QuoteChar": "\""
												}
											},
											"fieldList": [
												"childItems",
												"itemType"
											],
											"storeSettings": {
												"type": "AzureBlobFSReadSettings",
												"recursive": true,
												"enablePartitionDiscovery": false
											},
											"formatSettings": {
												"type": "DelimitedTextReadSettings"
											}
										}
									},
									{
										"name": "Get Metadata Common Files",
										"type": "GetMetadata",
										"dependsOn": [
											{
												"activity": "Set Status",
												"dependencyConditions": [
													"Succeeded"
												]
											}
										],
										"policy": {
											"timeout": "0.12:00:00",
											"retry": 0,
											"retryIntervalInSeconds": 30,
											"secureOutput": false,
											"secureInput": false
										},
										"userProperties": [],
										"typeProperties": {
											"dataset": {
												"referenceName": "ds_adls_ext_folder_edp",
												"type": "DatasetReference",
												"parameters": {
													"dsPar_EDP_Container_Name": "inbound-edp",
													"dsPar_EDP_Folder_Name": "Common",
													"dsPar_QuoteChar": "\""
												}
											},
											"fieldList": [
												"childItems",
												"itemType"
											],
											"storeSettings": {
												"type": "AzureBlobFSReadSettings",
												"recursive": true,
												"enablePartitionDiscovery": false
											},
											"formatSettings": {
												"type": "DelimitedTextReadSettings"
											}
										}
									},
									{
										"name": "Set variable Goal Reporting file exists",
										"type": "SetVariable",
										"dependsOn": [
											{
												"activity": "FilterGoalReportingFilesDetails",
												"dependencyConditions": [
													"Succeeded"
												]
											}
										],
										"policy": {
											"secureOutput": false,
											"secureInput": false
										},
										"userProperties": [],
										"typeProperties": {
											"variableName": "plnVar_GoalReportingFileCount",
											"value": {
												"value": "@string(length(activity('FilterGoalReportingFilesDetails').output.value))",
												"type": "Expression"
											}
										}
									},
									{
										"name": "Set variable Common file exists",
										"type": "SetVariable",
										"dependsOn": [
											{
												"activity": "FilterCommonFilesDetails",
												"dependencyConditions": [
													"Succeeded"
												]
											}
										],
										"policy": {
											"secureOutput": false,
											"secureInput": false
										},
										"userProperties": [],
										"typeProperties": {
											"variableName": "plnVar_CommonFileCount",
											"value": {
												"value": "@string(length(activity('FilterCommonFilesDetails').output.value))",
												"type": "Expression"
											}
										}
									},
									{
										"name": "FilterGoalReportingFilesDetails",
										"type": "Filter",
										"dependsOn": [
											{
												"activity": "Get Metadata Goal Reporting Files",
												"dependencyConditions": [
													"Succeeded"
												]
											}
										],
										"userProperties": [],
										"typeProperties": {
											"items": {
												"value": "@activity('Get Metadata Goal Reporting Files').output.childItems",
												"type": "Expression"
											},
											"condition": {
												"value": "@and(equals(item().type,'File'),\nendswith(item().name, '.csv'))",
												"type": "Expression"
											}
										}
									},
									{
										"name": "FilterCommonFilesDetails",
										"type": "Filter",
										"dependsOn": [
											{
												"activity": "Get Metadata Common Files",
												"dependencyConditions": [
													"Succeeded"
												]
											}
										],
										"userProperties": [],
										"typeProperties": {
											"items": {
												"value": "@activity('Get Metadata Common Files').output.childItems",
												"type": "Expression"
											},
											"condition": {
												"value": "@and(equals(item().type,'File'),\nendswith(item().name, '.csv'))",
												"type": "Expression"
											}
										}
									}
								]
							}
						},
						{
							"name": "If new file exist",
							"type": "IfCondition",
							"dependsOn": [
								{
									"activity": "If EDP load is completed",
									"dependencyConditions": [
										"Succeeded"
									]
								}
							],
							"userProperties": [],
							"typeProperties": {
								"expression": {
									"value": "@or(greater(int(variables('plnVar_GoalReportingFileCount')), 0),greater(int(variables('plnVar_CommonFileCount')), 0))",
									"type": "Expression"
								},
								"ifTrueActivities": [
									{
										"name": "lkp-update next rundate",
										"type": "Lookup",
										"dependsOn": [],
										"policy": {
											"timeout": "0.12:00:00",
											"retry": 0,
											"retryIntervalInSeconds": 30,
											"secureOutput": false,
											"secureInput": false
										},
										"userProperties": [],
										"typeProperties": {
											"source": {
												"type": "AzureSqlSource",
												"sqlReaderQuery": "DECLARE @DATE DATE;\r\nSET @DATE = getdate() AT TIME ZONE 'Pacific Standard Time';\r\n\r\nUPDATE mgmt.schedule set next_run_dt = @DATE\r\nWHERE schedule_nm in ('EDW_OnDemand_EDP');\r\n\r\nSELECT next_run_dt,schedule_nm\r\nFROM mgmt.schedule\r\nWHERE schedule_nm in ('EDW_OnDemand_EDP');",
												"queryTimeout": "02:00:00",
												"partitionOption": "None"
											},
											"dataset": {
												"referenceName": "ds_asqldb_edw_table",
												"type": "DatasetReference",
												"parameters": {
													"dsPar_SchemaName": "mgmt",
													"dsPar_TableName": "schedule"
												}
											}
										}
									}
								]
							}
						}
					],
					"timeout": "0.06:00:00"
				}
			},
			{
				"name": "UntilMRloadComplete",
				"type": "Until",
				"dependsOn": [],
				"userProperties": [],
				"typeProperties": {
					"expression": {
						"value": "@bool(variables('plnVar_isMRCompleted'))",
						"type": "Expression"
					},
					"activities": [
						{
							"name": "lkp-Check MR_Last_run",
							"type": "Lookup",
							"dependsOn": [],
							"policy": {
								"timeout": "0.12:00:00",
								"retry": 0,
								"retryIntervalInSeconds": 30,
								"secureOutput": false,
								"secureInput": false
							},
							"userProperties": [],
							"typeProperties": {
								"source": {
									"type": "AzureSqlSource",
									"sqlReaderQuery": "\tselect a.schedule_run_status_cd, a.update_ts\r\nfrom mgmt.schedule_run a\r\ninner join mgmt.schedule b\r\non a.schedule_sk = b.schedule_sk\r\nwhere b.schedule_nm = 'EDW_Daily_MR'",
									"queryTimeout": "02:00:00",
									"partitionOption": "None"
								},
								"dataset": {
									"referenceName": "ds_asqldb_edw_table",
									"type": "DatasetReference",
									"parameters": {
										"dsPar_SchemaName": "mgmt",
										"dsPar_TableName": "schedule_run"
									}
								}
							}
						},
						{
							"name": "If ConditionMR",
							"type": "IfCondition",
							"dependsOn": [
								{
									"activity": "lkp-Check MR_Last_run",
									"dependencyConditions": [
										"Succeeded"
									]
								}
							],
							"userProperties": [],
							"typeProperties": {
								"expression": {
									"value": "@equals(activity('lkp-Check MR_Last_run').output.firstRow.schedule_run_status_cd,'COMPLETE')\n",
									"type": "Expression"
								},
								"ifFalseActivities": [
									{
										"name": "WaitMRLoadComplete",
										"type": "Wait",
										"dependsOn": [],
										"userProperties": [],
										"typeProperties": {
											"waitTimeInSeconds": 300
										}
									}
								],
								"ifTrueActivities": [
									{
										"name": "Set variable_MR",
										"type": "SetVariable",
										"dependsOn": [],
										"policy": {
											"secureOutput": false,
											"secureInput": false
										},
										"userProperties": [],
										"typeProperties": {
											"variableName": "plnVar_isMRCompleted",
											"value": true
										}
									}
								]
							}
						}
					],
					"timeout": "0.06:00:00"
				}
			},
			{
				"name": "UntilGRloadComplete",
				"type": "Until",
				"dependsOn": [
					{
						"activity": "UntilMRloadComplete",
						"dependencyConditions": [
							"Succeeded"
						]
					}
				],
				"userProperties": [],
				"typeProperties": {
					"expression": {
						"value": "@bool(variables('plnVar_isGRCompleted'))",
						"type": "Expression"
					},
					"activities": [
						{
							"name": "lkp-Check GR_Last_run",
							"type": "Lookup",
							"dependsOn": [],
							"policy": {
								"timeout": "0.12:00:00",
								"retry": 0,
								"retryIntervalInSeconds": 30,
								"secureOutput": false,
								"secureInput": false
							},
							"userProperties": [],
							"typeProperties": {
								"source": {
									"type": "AzureSqlSource",
									"sqlReaderQuery": "select a.schedule_run_status_cd, a.update_ts\r\nfrom mgmt.schedule_run a\r\ninner join mgmt.schedule b\r\non a.schedule_sk = b.schedule_sk\r\nwhere b.schedule_nm = 'EDW_Daily_GR'",
									"queryTimeout": "02:00:00",
									"partitionOption": "None"
								},
								"dataset": {
									"referenceName": "ds_asqldb_edw_table",
									"type": "DatasetReference",
									"parameters": {
										"dsPar_SchemaName": "mgmt",
										"dsPar_TableName": "schedule_run"
									}
								}
							}
						},
						{
							"name": "If ConditionGR",
							"type": "IfCondition",
							"dependsOn": [
								{
									"activity": "lkp-Check GR_Last_run",
									"dependencyConditions": [
										"Succeeded"
									]
								}
							],
							"userProperties": [],
							"typeProperties": {
								"expression": {
									"value": "@equals(activity('lkp-Check GR_Last_run').output.firstRow.schedule_run_status_cd,'COMPLETE')\n",
									"type": "Expression"
								},
								"ifFalseActivities": [
									{
										"name": "WaitGRLoadComplete",
										"type": "Wait",
										"dependsOn": [],
										"userProperties": [],
										"typeProperties": {
											"waitTimeInSeconds": 300
										}
									}
								],
								"ifTrueActivities": [
									{
										"name": "Set variable_GR",
										"type": "SetVariable",
										"dependsOn": [],
										"policy": {
											"secureOutput": false,
											"secureInput": false
										},
										"userProperties": [],
										"typeProperties": {
											"variableName": "plnVar_isGRCompleted",
											"value": true
										}
									}
								]
							}
						}
					],
					"timeout": "0.06:00:00"
				}
			},
			{
				"name": "pln_run_schedule - edp - on -demand",
				"type": "ExecutePipeline",
				"dependsOn": [
					{
						"activity": "UntilEDPloadComplete",
						"dependencyConditions": [
							"Succeeded"
						]
					}
				],
				"policy": {
					"secureInput": false
				},
				"userProperties": [],
				"typeProperties": {
					"pipeline": {
						"referenceName": "pln_sch_on-demand_edp",
						"type": "PipelineReference"
					},
					"waitOnCompletion": true,
					"parameters": {
						"plnPar_ScheduleName": {
							"value": "@pipeline().parameters.plnPar_ScheduleName",
							"type": "Expression"
						}
					}
				}
			},
			{
				"name": "Get Metadata - Goal Reporting folder details",
				"type": "GetMetadata",
				"dependsOn": [
					{
						"activity": "pln_run_schedule - edp - on -demand",
						"dependencyConditions": [
							"Succeeded"
						]
					}
				],
				"policy": {
					"timeout": "0.12:00:00",
					"retry": 0,
					"retryIntervalInSeconds": 30,
					"secureOutput": false,
					"secureInput": false
				},
				"userProperties": [],
				"typeProperties": {
					"dataset": {
						"referenceName": "ds_adls_ext_folder_edp",
						"type": "DatasetReference",
						"parameters": {
							"dsPar_EDP_Container_Name": "inbound-edp",
							"dsPar_EDP_Folder_Name": "GoalReporting",
							"dsPar_QuoteChar": "\""
						}
					},
					"fieldList": [
						"itemType",
						"itemName",
						"childItems"
					],
					"storeSettings": {
						"type": "AzureBlobFSReadSettings",
						"recursive": true,
						"enablePartitionDiscovery": false
					},
					"formatSettings": {
						"type": "DelimitedTextReadSettings"
					}
				}
			},
			{
				"name": "FilterGoalReportingFiles",
				"type": "Filter",
				"dependsOn": [
					{
						"activity": "Get Metadata - Goal Reporting folder details",
						"dependencyConditions": [
							"Succeeded"
						]
					}
				],
				"userProperties": [],
				"typeProperties": {
					"items": {
						"value": "@activity('Get Metadata - Goal Reporting folder details').output.childItems",
						"type": "Expression"
					},
					"condition": {
						"value": "@and(equals(item().type,'File'),\nendswith(item().name, '.csv'))",
						"type": "Expression"
					}
				}
			},
			{
				"name": "ForEachGoalReportingFiles",
				"type": "ForEach",
				"dependsOn": [
					{
						"activity": "FilterGoalReportingFiles",
						"dependencyConditions": [
							"Succeeded"
						]
					}
				],
				"userProperties": [],
				"typeProperties": {
					"items": {
						"value": "@activity('FilterGoalReportingFiles').output.value",
						"type": "Expression"
					},
					"isSequential": true,
					"activities": [
						{
							"name": "Copy GoalReporting Source File",
							"type": "Copy",
							"dependsOn": [],
							"policy": {
								"timeout": "0.12:00:00",
								"retry": 0,
								"retryIntervalInSeconds": 30,
								"secureOutput": false,
								"secureInput": false
							},
							"userProperties": [],
							"typeProperties": {
								"source": {
									"type": "DelimitedTextSource",
									"storeSettings": {
										"type": "AzureBlobFSReadSettings",
										"recursive": false,
										"enablePartitionDiscovery": false
									},
									"formatSettings": {
										"type": "DelimitedTextReadSettings"
									}
								},
								"sink": {
									"type": "DelimitedTextSink",
									"storeSettings": {
										"type": "AzureBlobFSWriteSettings"
									},
									"formatSettings": {
										"type": "DelimitedTextWriteSettings",
										"quoteAllText": true,
										"fileExtension": ".txt"
									}
								},
								"enableStaging": false,
								"translator": {
									"type": "TabularTranslator",
									"typeConversion": true,
									"typeConversionSettings": {
										"allowDataTruncation": true,
										"treatBooleanAsNumber": false
									}
								}
							},
							"inputs": [
								{
									"referenceName": "ds_adls_ext_file_edp",
									"type": "DatasetReference",
									"parameters": {
										"dsPar_EDP_File_Name": {
											"value": "@item().name",
											"type": "Expression"
										},
										"dsPar_EDP_Container_Name": "inbound-edp",
										"dsPar_EDP_Folder_Name": "GoalReporting"
									}
								}
							],
							"outputs": [
								{
									"referenceName": "ds_adls_ext_file_edp",
									"type": "DatasetReference",
									"parameters": {
										"dsPar_EDP_File_Name": "@item().name",
										"dsPar_EDP_Container_Name": "inbound-edp",
										"dsPar_EDP_Folder_Name": {
											"value": "@concat(\n\n\t'GoalReporting', '\\',\n\t'archive')\n",
											"type": "Expression"
										}
									}
								}
							]
						},
						{
							"name": "DeleteGoalReporting_SourceFile",
							"type": "Delete",
							"dependsOn": [
								{
									"activity": "Copy GoalReporting Source File",
									"dependencyConditions": [
										"Succeeded"
									]
								}
							],
							"policy": {
								"timeout": "0.12:00:00",
								"retry": 0,
								"retryIntervalInSeconds": 30,
								"secureOutput": false,
								"secureInput": false
							},
							"userProperties": [],
							"typeProperties": {
								"dataset": {
									"referenceName": "ds_adls_ext_file_edp",
									"type": "DatasetReference",
									"parameters": {
										"dsPar_EDP_File_Name": "@item().name",
										"dsPar_EDP_Container_Name": "inbound-edp",
										"dsPar_EDP_Folder_Name": "GoalReporting"
									}
								},
								"enableLogging": false,
								"storeSettings": {
									"type": "AzureBlobFSReadSettings",
									"recursive": true,
									"enablePartitionDiscovery": false
								}
							}
						}
					]
				}
			},
			{
				"name": "Get Metadata - Common folder details",
				"type": "GetMetadata",
				"dependsOn": [
					{
						"activity": "pln_run_schedule - edp - on -demand",
						"dependencyConditions": [
							"Succeeded"
						]
					}
				],
				"policy": {
					"timeout": "0.12:00:00",
					"retry": 0,
					"retryIntervalInSeconds": 30,
					"secureOutput": false,
					"secureInput": false
				},
				"userProperties": [],
				"typeProperties": {
					"dataset": {
						"referenceName": "ds_adls_ext_folder_edp",
						"type": "DatasetReference",
						"parameters": {
							"dsPar_EDP_Container_Name": "inbound-edp",
							"dsPar_EDP_Folder_Name": "Common",
							"dsPar_QuoteChar": "\""
						}
					},
					"fieldList": [
						"itemType",
						"itemName",
						"childItems"
					],
					"storeSettings": {
						"type": "AzureBlobFSReadSettings",
						"recursive": true,
						"enablePartitionDiscovery": false
					},
					"formatSettings": {
						"type": "DelimitedTextReadSettings"
					}
				}
			},
			{
				"name": "FilterCommonFiles",
				"type": "Filter",
				"dependsOn": [
					{
						"activity": "Get Metadata - Common folder details",
						"dependencyConditions": [
							"Succeeded"
						]
					}
				],
				"userProperties": [],
				"typeProperties": {
					"items": {
						"value": "@activity('Get Metadata - Common folder details').output.childItems",
						"type": "Expression"
					},
					"condition": {
						"value": "@and(equals(item().type,'File'),\nendswith(item().name, '.csv'))",
						"type": "Expression"
					}
				}
			},
			{
				"name": "ForEachCommonFiles",
				"type": "ForEach",
				"dependsOn": [
					{
						"activity": "FilterCommonFiles",
						"dependencyConditions": [
							"Succeeded"
						]
					}
				],
				"userProperties": [],
				"typeProperties": {
					"items": {
						"value": "@activity('FilterCommonFiles').output.value",
						"type": "Expression"
					},
					"isSequential": true,
					"activities": [
						{
							"name": "Copy Common Source File",
							"type": "Copy",
							"dependsOn": [],
							"policy": {
								"timeout": "0.12:00:00",
								"retry": 0,
								"retryIntervalInSeconds": 30,
								"secureOutput": false,
								"secureInput": false
							},
							"userProperties": [],
							"typeProperties": {
								"source": {
									"type": "DelimitedTextSource",
									"storeSettings": {
										"type": "AzureBlobFSReadSettings",
										"recursive": false,
										"enablePartitionDiscovery": false
									},
									"formatSettings": {
										"type": "DelimitedTextReadSettings"
									}
								},
								"sink": {
									"type": "DelimitedTextSink",
									"storeSettings": {
										"type": "AzureBlobFSWriteSettings"
									},
									"formatSettings": {
										"type": "DelimitedTextWriteSettings",
										"quoteAllText": true,
										"fileExtension": ".txt"
									}
								},
								"enableStaging": false,
								"translator": {
									"type": "TabularTranslator",
									"typeConversion": true,
									"typeConversionSettings": {
										"allowDataTruncation": true,
										"treatBooleanAsNumber": false
									}
								}
							},
							"inputs": [
								{
									"referenceName": "ds_adls_ext_file_edp",
									"type": "DatasetReference",
									"parameters": {
										"dsPar_EDP_File_Name": {
											"value": "@item().name",
											"type": "Expression"
										},
										"dsPar_EDP_Container_Name": "inbound-edp",
										"dsPar_EDP_Folder_Name": "Common"
									}
								}
							],
							"outputs": [
								{
									"referenceName": "ds_adls_ext_file_edp",
									"type": "DatasetReference",
									"parameters": {
										"dsPar_EDP_File_Name": "@item().name",
										"dsPar_EDP_Container_Name": "inbound-edp",
										"dsPar_EDP_Folder_Name": {
											"value": "@concat(\n\n\t'Common', '\\',\n\t'archive')\n",
											"type": "Expression"
										}
									}
								}
							]
						},
						{
							"name": "DeleteCommon_SourceFile",
							"type": "Delete",
							"dependsOn": [
								{
									"activity": "Copy Common Source File",
									"dependencyConditions": [
										"Succeeded"
									]
								}
							],
							"policy": {
								"timeout": "0.12:00:00",
								"retry": 0,
								"retryIntervalInSeconds": 30,
								"secureOutput": false,
								"secureInput": false
							},
							"userProperties": [],
							"typeProperties": {
								"dataset": {
									"referenceName": "ds_adls_ext_file_edp",
									"type": "DatasetReference",
									"parameters": {
										"dsPar_EDP_File_Name": "@item().name",
										"dsPar_EDP_Container_Name": "inbound-edp",
										"dsPar_EDP_Folder_Name": "Common"
									}
								},
								"enableLogging": false,
								"storeSettings": {
									"type": "AzureBlobFSReadSettings",
									"recursive": true,
									"enablePartitionDiscovery": false
								}
							}
						}
					]
				}
			}
		],
		"parameters": {
			"plnPar_ScheduleName": {
				"type": "string",
				"defaultValue": "EDW_OnDemand_EDP"
			}
		},
		"variables": {
			"plnVar_isEDPCompleted": {
				"type": "Boolean",
				"defaultValue": false
			},
			"plnVar_isMRCompleted": {
				"type": "Boolean",
				"defaultValue": false
			},
			"plnVar_isGRCompleted": {
				"type": "Boolean",
				"defaultValue": false
			},
			"plnVar_GoalReportingFileCount": {
				"type": "String",
				"defaultValue": "0"
			},
			"plnVar_CommonFileCount": {
				"type": "String",
				"defaultValue": "0"
			}
		},
		"folder": {
			"name": "11 - Orchestration/schedule/03 - on-demand"
		},
		"annotations": [],
		"lastPublishTime": "2023-05-19T13:08:57Z"
	},
	"type": "Microsoft.DataFactory/factories/pipelines"
}