{
	"name": "pln_sch_initial_ncino",
	"properties": {
		"description": "this pipeline is a schedule pipeline that will be schedule to run ncino initial data. this include ncino staging and presentation data, if the metadata is configure as one schedule. this task also checks if it's monday and if so, loads the correct loan file format, by switching the jobs listed in task entity map so that the monday loans jobs run instead of the other loans job which runs tues-sun",
		"activities": [
			{
				"name": "exec - run - switch on correct ncino loan jobs",
				"description": "calls the stored procedure to switch on the correct ncino loan jobs for mondays (or non mondays). the monday files have a different file layout",
				"type": "SqlServerStoredProcedure",
				"dependsOn": [],
				"policy": {
					"timeout": "7.00:00:00",
					"retry": 0,
					"retryIntervalInSeconds": 30,
					"secureOutput": false,
					"secureInput": false
				},
				"userProperties": [],
				"typeProperties": {
					"storedProcedureName": "[mgmt].[usp_set_jobs_to_run_ncino_loans]",
					"storedProcedureParameters": {
						"in_override_loan_run_flag": {
							"value": {
								"value": "@pipeline().parameters.plnPar_OverrideLoanRunFlag",
								"type": "Expression"
							},
							"type": "Int32"
						},
						"in_override_loan_run_flag_mon": {
							"value": {
								"value": "@pipeline().parameters.plnPar_OverrideLoanRunFlagMon",
								"type": "Expression"
							},
							"type": "Int32"
						},
						"in_ScheduleName": {
							"value": {
								"value": "@pipeline().parameters.plnPar_ScheduleName",
								"type": "Expression"
							},
							"type": "String"
						}
					}
				},
				"linkedServiceName": {
					"referenceName": "lnks_edw_asqldb_nwedw",
					"type": "LinkedServiceReference"
				}
			},
			{
				"name": "pln_run_schedule - ncino - initial",
				"type": "ExecutePipeline",
				"dependsOn": [
					{
						"activity": "exec - run - switch on correct ncino loan jobs",
						"dependencyConditions": [
							"Succeeded"
						]
					}
				],
				"policy": {
					"secureInput": false
				},
				"userProperties": [],
				"typeProperties": {
					"pipeline": {
						"referenceName": "pln_run_schedule",
						"type": "PipelineReference"
					},
					"waitOnCompletion": true,
					"parameters": {
						"plnPar_ScheduleName": {
							"value": "@pipeline().parameters.plnPar_ScheduleName",
							"type": "Expression"
						}
					}
				}
			}
		],
		"parameters": {
			"plnPar_ScheduleName": {
				"type": "string",
				"defaultValue": "EDW_Initial_nCino"
			},
			"plnPar_OverrideLoanRunFlag": {
				"type": "int",
				"defaultValue": -1
			},
			"plnPar_OverrideLoanRunFlagMon": {
				"type": "int",
				"defaultValue": -1
			}
		},
		"folder": {
			"name": "11 - Orchestration/schedule/01 - initial"
		},
		"annotations": [],
		"lastPublishTime": "2022-09-06T14:47:25Z"
	},
	"type": "Microsoft.DataFactory/factories/pipelines"
}