{
	"name": "pln_load_mr_to_raw_by_partitions_initial",
	"properties": {
		"activities": [
			{
				"name": "set var - raw folder name",
				"description": "sets the variable for the raw folder name to the entity name and the date",
				"type": "SetVariable",
				"dependsOn": [
					{
						"activity": "lkp - get schedule task run details",
						"dependencyConditions": [
							"Succeeded"
						]
					}
				],
				"policy": {
					"secureOutput": false,
					"secureInput": false
				},
				"userProperties": [],
				"typeProperties": {
					"variableName": "plnVar_RawFolderName",
					"value": {
						"value": "@concat(activity('lkp - get schedule task run details').output.firstRow.src_system_abbrv_cd,'\\',activity('lkp - get schedule task run details').output.firstRow.src_table_prefix_txt,'\\',activity('lkp - get schedule task run details').output.firstRow.src_entity_nm,'\\',replace(activity('lkp - get schedule task run details').output.firstRow.schedule_task_run_dt,'-','\\'))",
						"type": "Expression"
					}
				}
			},
			{
				"name": "set var - raw file name",
				"description": "sets the variable for the raw file name to the entity name + full + the date",
				"type": "SetVariable",
				"dependsOn": [
					{
						"activity": "lkp - get schedule task run details",
						"dependencyConditions": [
							"Succeeded"
						]
					}
				],
				"policy": {
					"secureOutput": false,
					"secureInput": false
				},
				"userProperties": [],
				"typeProperties": {
					"variableName": "plnVar_RawFileName",
					"value": {
						"value": "@concat(activity('lkp - get schedule task run details').output.firstRow.tgt_entity_nm,'_',replace(activity('lkp - get schedule task run details').output.firstRow.schedule_task_run_dt,'-',''),'_full')",
						"type": "Expression"
					}
				}
			},
			{
				"name": "lkp - get schedule task run details",
				"type": "Lookup",
				"dependsOn": [],
				"policy": {
					"timeout": "7.00:00:00",
					"retry": 0,
					"retryIntervalInSeconds": 30,
					"secureOutput": false,
					"secureInput": false
				},
				"userProperties": [],
				"typeProperties": {
					"source": {
						"type": "AzureSqlSource",
						"sqlReaderStoredProcedureName": "[mgmt].[usp_get_schedule_task_run_details]",
						"storedProcedureParameters": {
							"in_ScheduleTaskRunSk": {
								"type": "Int64",
								"value": {
									"value": "@pipeline().parameters.plnPar_ScheduleTaskRunSk",
									"type": "Expression"
								}
							}
						},
						"queryTimeout": "02:00:00",
						"partitionOption": "None"
					},
					"dataset": {
						"referenceName": "ds_asqldb_edw_table",
						"type": "DatasetReference",
						"parameters": {
							"dsPar_SchemaName": "dbo",
							"dsPar_TableName": "schedule_task_run"
						}
					},
					"firstRowOnly": true
				}
			},
			{
				"name": "set var - full src query",
				"description": "sets the variable for the raw file name to the entity name + full + the date",
				"type": "SetVariable",
				"dependsOn": [
					{
						"activity": "set var - full src filter",
						"dependencyConditions": [
							"Succeeded"
						]
					}
				],
				"policy": {
					"secureOutput": false,
					"secureInput": false
				},
				"userProperties": [],
				"typeProperties": {
					"variableName": "plnVar_FullSrcQuery",
					"value": {
						"value": "@concat('SELECT t.* FROM (select ',activity('lkp - get schedule task run details').output.firstRow.src_cols_list_txt,',',' ROW_NUMBER() over(order by GETDATE()) as src_file_line_nbr  from ',activity('lkp - get schedule task run details').output.firstRow.src_table_prefix_txt, '.', activity('lkp - get schedule task run details').output.firstRow.src_entity_nm, ' as src where ', variables('plnVar_FullSrcFilter'))",
						"type": "Expression"
					}
				}
			},
			{
				"name": "set var - src count query",
				"description": "",
				"type": "SetVariable",
				"dependsOn": [
					{
						"activity": "set var - full src filter",
						"dependencyConditions": [
							"Succeeded"
						]
					}
				],
				"policy": {
					"secureOutput": false,
					"secureInput": false
				},
				"userProperties": [],
				"typeProperties": {
					"variableName": "plnVar_SrcCountQuery",
					"value": {
						"value": "@concat('select  count(*) as src_row_count from ',activity('lkp - get schedule task run details').output.firstRow.src_table_prefix_txt, '.', activity('lkp - get schedule task run details').output.firstRow.src_entity_nm, ' as src where ', variables('plnVar_FullSrcFilter'))",
						"type": "Expression"
					}
				}
			},
			{
				"name": "lkp - get tbl count",
				"type": "Lookup",
				"dependsOn": [
					{
						"activity": "set var - src count query",
						"dependencyConditions": [
							"Succeeded"
						]
					}
				],
				"policy": {
					"timeout": "7.00:00:00",
					"retry": 2,
					"retryIntervalInSeconds": 30,
					"secureOutput": false,
					"secureInput": false
				},
				"userProperties": [],
				"typeProperties": {
					"source": {
						"type": "SqlServerSource",
						"sqlReaderQuery": {
							"value": "@variables('plnVar_SrcCountQuery')",
							"type": "Expression"
						},
						"queryTimeout": "02:00:00",
						"partitionOption": "None"
					},
					"dataset": {
						"referenceName": "ds_sqldb_mr_table",
						"type": "DatasetReference",
						"parameters": {
							"dsPar_dbSchemaName": {
								"value": "@activity('lkp - get schedule task run details').output.firstRow.src_table_prefix_txt",
								"type": "Expression"
							},
							"dsPar_dbTableName": {
								"value": "@activity('lkp - get schedule task run details').output.firstRow.src_entity_nm",
								"type": "Expression"
							},
							"dsPar_dbAKVConnectionName": {
								"value": "@activity('lkp - get schedule task run details').output.firstRow.src_system_akv_connection_txt",
								"type": "Expression"
							}
						}
					}
				}
			},
			{
				"name": "lkp - get mr src partition rows",
				"type": "Lookup",
				"dependsOn": [
					{
						"activity": "lkp - get schedule task run details",
						"dependencyConditions": [
							"Succeeded"
						]
					}
				],
				"policy": {
					"timeout": "7.00:00:00",
					"retry": 0,
					"retryIntervalInSeconds": 30,
					"secureOutput": false,
					"secureInput": false
				},
				"userProperties": [],
				"typeProperties": {
					"source": {
						"type": "AzureSqlSource",
						"sqlReaderQuery": {
							"value": "@concat('WITH src\nAS (\n\tSELECT *\n\t\t,ROW_NUMBER() OVER (\n\t\t\tPARTITION BY parent_schedule_task_run_sk\n\t\t\t,schedule_task_run_sk ORDER BY idx_nbr\n\t\t\t) rn\n\tFROM mgmt.mr_src_table_partitions\n\tWHERE schedule_task_run_sk = ',pipeline().parameters.plnPar_ScheduleTaskRunSk,'\n\t)\nSELECT a.parent_schedule_task_run_sk\n\t,a.schedule_task_run_sk\n\t,a.entity_nm\n\t,a.partition_col_nm\n\t,a.partition_value_txt AS begin_value\n\t,(case when b.partition_value_txt is null then greatest(convert(varchar(8), CURRENT_TIMESTAMP, 112),b.partition_value_txt+1) else b.partition_value_txt end) AS end_value\n\t,a.partition_value_txt AS file_suffix\nFROM src AS a\nLEFT OUTER JOIN src b\n\tON a.parent_schedule_task_run_sk = b.parent_schedule_task_run_sk\n\t\tAND a.schedule_task_run_sk = b.schedule_task_run_sk\n\t\tAND a.rn + 1 = b.rn\norder by begin_value')",
							"type": "Expression"
						},
						"queryTimeout": "02:00:00",
						"partitionOption": "None"
					},
					"dataset": {
						"referenceName": "ds_asqldb_edw_table",
						"type": "DatasetReference",
						"parameters": {
							"dsPar_SchemaName": "mgmt",
							"dsPar_TableName": "mr_src_table_partitions"
						}
					},
					"firstRowOnly": false
				}
			},
			{
				"name": "foreach - mr src partition",
				"type": "ForEach",
				"dependsOn": [
					{
						"activity": "lkp - get mr src partition rows",
						"dependencyConditions": [
							"Succeeded"
						]
					},
					{
						"activity": "set var - full src query",
						"dependencyConditions": [
							"Succeeded"
						]
					},
					{
						"activity": "set var - raw file name",
						"dependencyConditions": [
							"Succeeded"
						]
					},
					{
						"activity": "set var - raw folder name",
						"dependencyConditions": [
							"Succeeded"
						]
					},
					{
						"activity": "lkp - get tbl count",
						"dependencyConditions": [
							"Succeeded"
						]
					}
				],
				"userProperties": [],
				"typeProperties": {
					"items": {
						"value": "@activity('lkp - get mr src partition rows').output.value",
						"type": "Expression"
					},
					"isSequential": false,
					"batchCount": 20,
					"activities": [
						{
							"name": "copy - MR data from source to EDW raw",
							"type": "Copy",
							"dependsOn": [],
							"policy": {
								"timeout": "7.00:00:00",
								"retry": 1,
								"retryIntervalInSeconds": 30,
								"secureOutput": false,
								"secureInput": false
							},
							"userProperties": [],
							"typeProperties": {
								"source": {
									"type": "SqlServerSource",
									"sqlReaderQuery": {
										"value": "@concat(variables('plnVar_FullSrcQuery'), ' and src.',item().partition_col_nm,' >= ''',item().begin_value,'''\nand src.',item().partition_col_nm,' < ''',item().end_value,''' ) as t WHERE ?AdfDynamicRangePartitionCondition ')",
										"type": "Expression"
									},
									"queryTimeout": "02:00:00",
									"partitionOption": "DynamicRange",
									"partitionSettings": {
										"partitionColumnName": "src_file_line_nbr",
										"partitionUpperBound": "",
										"partitionLowerBound": ""
									}
								},
								"sink": {
									"type": "DelimitedTextSink",
									"storeSettings": {
										"type": "AzureBlobFSWriteSettings",
										"maxConcurrentConnections": 0
									},
									"formatSettings": {
										"type": "DelimitedTextWriteSettings",
										"maxRowsPerFile": 100000,
										"fileNamePrefix": "",
										"quoteAllText": true,
										"fileExtension": {
											"value": "@concat('-',item().file_suffix,'.txt')",
											"type": "Expression"
										}
									}
								},
								"enableStaging": false,
								"dataIntegrationUnits": 32,
								"translator": {
									"type": "TabularTranslator",
									"typeConversion": true,
									"typeConversionSettings": {
										"allowDataTruncation": true,
										"treatBooleanAsNumber": false
									}
								}
							},
							"inputs": [
								{
									"referenceName": "ds_sqldb_mr_table",
									"type": "DatasetReference",
									"parameters": {
										"dsPar_dbSchemaName": {
											"value": "@activity('lkp - get schedule task run details').output.firstRow.src_table_prefix_txt",
											"type": "Expression"
										},
										"dsPar_dbTableName": {
											"value": "@activity('lkp - get schedule task run details').output.firstRow.src_entity_nm",
											"type": "Expression"
										},
										"dsPar_dbAKVConnectionName": {
											"value": "@activity('lkp - get schedule task run details').output.firstRow.src_system_akv_connection_txt",
											"type": "Expression"
										}
									}
								}
							],
							"outputs": [
								{
									"referenceName": "ds_adls_raw_folder_pipeDelim",
									"type": "DatasetReference",
									"parameters": {
										"dsPar_Container": {
											"value": "@variables('plnVar_RawContainerName')",
											"type": "Expression"
										},
										"dsPar_Folder": {
											"value": "@concat(variables('plnVar_RawFolderName'),'/',item().file_suffix)",
											"type": "Expression"
										}
									}
								}
							]
						},
						{
							"name": "exec - pln - end task - copy partition failure",
							"type": "ExecutePipeline",
							"dependsOn": [
								{
									"activity": "copy - MR data from source to EDW raw",
									"dependencyConditions": [
										"Failed"
									]
								}
							],
							"policy": {
								"secureInput": false
							},
							"userProperties": [],
							"typeProperties": {
								"pipeline": {
									"referenceName": "pln_orch_end_task",
									"type": "PipelineReference"
								},
								"waitOnCompletion": true,
								"parameters": {
									"plnPar_TaskApplicationRunIdTxt": {
										"value": "@concat('PLN_RUN_ID: ',pipeline().RunId ,' | PLN_NM: ',pipeline().Pipeline,' | DF_NM: ',pipeline().DataFactory)",
										"type": "Expression"
									},
									"plnPar_TaskRunStatusCd": "FAILED",
									"plnPar_TaskRunStatusDesc": {
										"value": "@coalesce(activity('copy - MR data from source to EDW raw').output.errors[0].message,'')",
										"type": "Expression"
									},
									"plnPar_ScheduleTaskRunSk": {
										"value": "@pipeline().parameters.plnPar_ScheduleTaskRunSk",
										"type": "Expression"
									}
								}
							}
						},
						{
							"name": "fail - pln - mr to raw - copy failed",
							"type": "Fail",
							"dependsOn": [
								{
									"activity": "exec - pln - end task - copy partition failure",
									"dependencyConditions": [
										"Succeeded"
									]
								}
							],
							"userProperties": [],
							"typeProperties": {
								"message": {
									"value": "copy failure. check the pipeline monitor",
									"type": "Expression"
								},
								"errorCode": "2200"
							}
						},
						{
							"name": "lkp - insert partition rec counts into entity catalog",
							"type": "Lookup",
							"dependsOn": [
								{
									"activity": "copy - MR data from source to EDW raw",
									"dependencyConditions": [
										"Succeeded"
									]
								}
							],
							"policy": {
								"timeout": "7.00:00:00",
								"retry": 0,
								"retryIntervalInSeconds": 30,
								"secureOutput": false,
								"secureInput": false
							},
							"userProperties": [],
							"typeProperties": {
								"source": {
									"type": "AzureSqlSource",
									"sqlReaderQuery": {
										"value": "@concat('Insert into mgmt.entity_catalog_files\n           ([schedule_task_run_sk]\n           ,[schedule_task_application_run_id_txt]\n           ,[entity_sk]\n           ,[file_location_txt]\n           ,[sub_folder_txt]\n           ,[data_read_cnt]\n           ,[data_written_cnt]\n           ,[files_written_cnt]\n           ,[source_peak_connections_cnt]\n           ,[sink_peak_connections_cnt]\n           ,[rows_read_cnt]\n           ,[rows_copied_cnt]\n           ,[copy_duration_nbr]\n           ,[throughput_nbr])\n    select schtr.[schedule_task_run_sk]\n    ,''',pipeline().RunId,''' as [schedule_task_application_run_id_txt]\n    ,schtr.tgt_entity_sk as [entity_sk]\n    ,''',variables('plnVar_RawFolderName'),''' as [file_location_txt]\n    ,''',item().file_suffix,''' as [sub_folder_txt]\n    ,',activity('copy - MR data from source to EDW raw').output.dataRead,' as [data_read_cnt]\n    ,',activity('copy - MR data from source to EDW raw').output.dataWritten,' as [data_written_cnt]\n    ,',activity('copy - MR data from source to EDW raw').output.filesWritten,' as [files_written_cnt]\n    ,',activity('copy - MR data from source to EDW raw').output.sourcePeakConnections,' as [source_peak_connections_cnt]\n    ,',activity('copy - MR data from source to EDW raw').output.sinkPeakConnections,' as [sink_peak_connections_cnt]\n    ,',activity('copy - MR data from source to EDW raw').output.rowsRead,' as [rows_read_cnt]\n    ,',activity('copy - MR data from source to EDW raw').output.rowsCopied,' as [rows_copied_cnt]\n    ,',activity('copy - MR data from source to EDW raw').output.copyDuration,' as [copy_duration_nbr]\n    ,',activity('copy - MR data from source to EDW raw').output.throughput,' as [throughput_nbr]\nfrom mgmt.schedule_task_run schtr\nwhere schtr.schedule_task_run_sk = ',pipeline().parameters.plnPar_ScheduleTaskRunSk,\n'; select 1 as dummy_cd;')",
										"type": "Expression"
									},
									"queryTimeout": "02:00:00",
									"partitionOption": "None"
								},
								"dataset": {
									"referenceName": "ds_asqldb_edw_table",
									"type": "DatasetReference",
									"parameters": {
										"dsPar_SchemaName": "mgmt",
										"dsPar_TableName": "entity_catalog_files"
									}
								}
							}
						}
					]
				}
			},
			{
				"name": "exec - proc - update row counts",
				"type": "SqlServerStoredProcedure",
				"dependsOn": [
					{
						"activity": "lkp - get file counts from catalog table",
						"dependencyConditions": [
							"Succeeded"
						]
					}
				],
				"policy": {
					"timeout": "7.00:00:00",
					"retry": 0,
					"retryIntervalInSeconds": 30,
					"secureOutput": false,
					"secureInput": false
				},
				"userProperties": [],
				"typeProperties": {
					"storedProcedureName": "[mgmt].[usp_update_row_counts]",
					"storedProcedureParameters": {
						"in_ScheduleTaskRunSk": {
							"value": {
								"value": "@pipeline().parameters.plnPar_ScheduleTaskRunSk",
								"type": "Expression"
							},
							"type": "Int64"
						},
						"in_SourceRowCount": {
							"value": {
								"value": "@activity('lkp - get tbl count').output.firstRow.src_row_count",
								"type": "Expression"
							},
							"type": "Int64"
						},
						"in_TargetRowCount": {
							"value": {
								"value": "@activity('lkp - get file counts from catalog table').output.firstRow.tgt_row_count",
								"type": "Expression"
							},
							"type": "Int64"
						},
						"in_TaskApplicationRunIdTxt": {
							"value": {
								"value": "@pipeline().RunId",
								"type": "Expression"
							},
							"type": "String"
						}
					}
				},
				"linkedServiceName": {
					"referenceName": "lnks_edw_asqldb_nwedw",
					"type": "LinkedServiceReference"
				}
			},
			{
				"name": "fail - copy failure",
				"type": "Fail",
				"dependsOn": [
					{
						"activity": "exec - pln - end task - copy failure",
						"dependencyConditions": [
							"Succeeded"
						]
					}
				],
				"userProperties": [],
				"typeProperties": {
					"message": "2022",
					"errorCode": "copy failure. check the pipeline monitor for details"
				}
			},
			{
				"name": "exec - pln - end task - copy failure",
				"type": "ExecutePipeline",
				"dependsOn": [
					{
						"activity": "foreach - mr src partition",
						"dependencyConditions": [
							"Failed"
						]
					}
				],
				"policy": {
					"secureInput": false
				},
				"userProperties": [],
				"typeProperties": {
					"pipeline": {
						"referenceName": "pln_orch_end_task",
						"type": "PipelineReference"
					},
					"waitOnCompletion": true,
					"parameters": {
						"plnPar_TaskApplicationRunIdTxt": {
							"value": "@concat('PLN_RUN_ID: ',pipeline().RunId ,' | PLN_NM: ',pipeline().Pipeline,' | DF_NM: ',pipeline().DataFactory)",
							"type": "Expression"
						},
						"plnPar_TaskRunStatusCd": "FAILED",
						"plnPar_TaskRunStatusDesc": {
							"value": "copy failure. check the pipeline monitor for details",
							"type": "Expression"
						},
						"plnPar_ScheduleTaskRunSk": {
							"value": "@pipeline().parameters.plnPar_ScheduleTaskRunSk",
							"type": "Expression"
						}
					}
				}
			},
			{
				"name": "lkp - get file counts from catalog table",
				"type": "Lookup",
				"dependsOn": [
					{
						"activity": "foreach - mr src partition",
						"dependencyConditions": [
							"Succeeded"
						]
					}
				],
				"policy": {
					"timeout": "7.00:00:00",
					"retry": 0,
					"retryIntervalInSeconds": 30,
					"secureOutput": false,
					"secureInput": false
				},
				"userProperties": [],
				"typeProperties": {
					"source": {
						"type": "AzureSqlSource",
						"sqlReaderQuery": {
							"value": "@concat('select sum(rows_read_cnt) as src_row_count\n\t, sum(rows_copied_cnt) as tgt_row_count\nfrom mgmt.entity_catalog_files ecf\nwhere ecf.schedule_task_run_sk =  ',pipeline().parameters.plnPar_ScheduleTaskRunSk,'\nand ecf.schedule_task_application_run_id_txt = ''', pipeline().RunId, '''')",
							"type": "Expression"
						},
						"queryTimeout": "02:00:00",
						"partitionOption": "None"
					},
					"dataset": {
						"referenceName": "ds_asqldb_edw_table",
						"type": "DatasetReference",
						"parameters": {
							"dsPar_SchemaName": "mgmt",
							"dsPar_TableName": "entity_catalog_files"
						}
					}
				}
			},
			{
				"name": "set var - full src filter",
				"description": "set the source filter (if any)",
				"type": "SetVariable",
				"dependsOn": [
					{
						"activity": "lkp - get schedule task run details",
						"dependencyConditions": [
							"Succeeded"
						]
					}
				],
				"policy": {
					"secureOutput": false,
					"secureInput": false
				},
				"userProperties": [],
				"typeProperties": {
					"variableName": "plnVar_FullSrcFilter",
					"value": {
						"value": "@if(empty(activity('lkp - get schedule task run details').output.firstRow.src_sql_override_filter_col_nm),'1=1',if(equals(activity('lkp - get schedule task run details').output.firstRow.src_sql_override_filter_col_nm,'DateIDInternal'),concat('DateIDInternal >= ',activity('lkp - get schedule task run details').output.firstRow.change_control_nbr),if(contains(activity('lkp - get schedule task run details').output.firstRow.src_sql_override_filter_col_nm,'StartDateIDInternal'),concat('(StartDateIDInternal >= ', activity('lkp - get schedule task run details').output.firstRow.change_control_nbr,' or EndDateIdInternal >= ',activity('lkp - get schedule task run details').output.firstRow.change_control_nbr,')'),'1=1')))",
						"type": "Expression"
					}
				}
			}
		],
		"concurrency": 50,
		"parameters": {
			"plnPar_ScheduleTaskRunSk": {
				"type": "string",
				"defaultValue": "10011"
			},
			"plnPar_ScheduleName": {
				"type": "string",
				"defaultValue": "EDW_Initial_MR"
			},
			"plnPar_BatchName": {
				"type": "string",
				"defaultValue": "MR_Staging_Initial"
			},
			"plnPar_PhaseName": {
				"type": "string",
				"defaultValue": "Land"
			},
			"plnPar_TgtRawFileEntityNm": {
				"type": "string",
				"defaultValue": "DATAMART_dbo_CommitmentAttributes"
			}
		},
		"variables": {
			"plnVar_RawContainerName": {
				"type": "String",
				"defaultValue": "raw-mr"
			},
			"plnVar_RawFolderName": {
				"type": "String"
			},
			"plnVar_RawFileName": {
				"type": "String"
			},
			"plnVar_FullSrcQuery": {
				"type": "String"
			},
			"plnVar_SrcCountQuery": {
				"type": "String"
			},
			"plnVar_ErrorMessage": {
				"type": "String"
			},
			"plnVar_FullSrcFilter": {
				"type": "String"
			}
		},
		"folder": {
			"name": "21 - Datalake"
		},
		"annotations": [],
		"lastPublishTime": "2022-09-06T14:47:17Z"
	},
	"type": "Microsoft.DataFactory/factories/pipelines"
}