{
	"name": "pln_load_bal_chk_recon_dates",
	"properties": {
		"activities": [
			{
				"name": "Copy to tmp table",
				"type": "Copy",
				"dependsOn": [],
				"policy": {
					"timeout": "0.12:00:00",
					"retry": 0,
					"retryIntervalInSeconds": 30,
					"secureOutput": false,
					"secureInput": false
				},
				"userProperties": [],
				"typeProperties": {
					"source": {
						"type": "DelimitedTextSource",
						"storeSettings": {
							"type": "AzureBlobFSReadSettings",
							"recursive": true,
							"enablePartitionDiscovery": false
						},
						"formatSettings": {
							"type": "DelimitedTextReadSettings"
						}
					},
					"sink": {
						"type": "SqlMISink",
						"preCopyScript": "IF OBJECT_ID('work.work_balance_check_reconciliation_dates', 'U') IS NOT NULL \n  DROP TABLE work.work_balance_check_reconciliation_dates",
						"writeBehavior": "insert",
						"sqlWriterUseTableLock": false,
						"tableOption": "autoCreate"
					},
					"enableStaging": false,
					"translator": {
						"type": "TabularTranslator",
						"typeConversion": true,
						"typeConversionSettings": {
							"allowDataTruncation": true,
							"treatBooleanAsNumber": false
						}
					}
				},
				"inputs": [
					{
						"referenceName": "ds_adls_raw_file",
						"type": "DatasetReference",
						"parameters": {
							"dsPar_Container": {
								"value": "@pipeline().parameters.plnPar_SrcContainer",
								"type": "Expression"
							},
							"dsPar_Folder": {
								"value": "@pipeline().parameters.plnPar_SrcFolder",
								"type": "Expression"
							},
							"dsPar_File": {
								"value": "@pipeline().parameters.plnPar_SrcFile",
								"type": "Expression"
							},
							"dsPar_Delim": ","
						}
					}
				],
				"outputs": [
					{
						"referenceName": "ds_asqlmi_table_dynmc",
						"type": "DatasetReference",
						"parameters": {
							"dsPar_SchemaName": "work",
							"dsPar_TableName": "work_balance_check_reconciliation_dates",
							"dsPar_ServerConnection": {
								"value": "@pipeline().parameters.plnPar_TgtConnectionStr",
								"type": "Expression"
							},
							"dsPar_DatabaseName": {
								"value": "@pipeline().parameters.pln_TgtDBName",
								"type": "Expression"
							}
						}
					}
				]
			},
			{
				"name": "Copy balance check mgmt",
				"type": "Copy",
				"dependsOn": [
					{
						"activity": "Copy to tmp table",
						"dependencyConditions": [
							"Succeeded"
						]
					}
				],
				"policy": {
					"timeout": "0.12:00:00",
					"retry": 0,
					"retryIntervalInSeconds": 30,
					"secureOutput": false,
					"secureInput": false
				},
				"userProperties": [],
				"typeProperties": {
					"source": {
						"type": "SqlMISource",
						"sqlReaderQuery": "SELECT \r\nCONVERT(DATETIME, balance_check_reconciliation_run_date) AS balance_check_reconciliation_run_date,\r\nCONVERT(DATETIME, balance_check_reconciliation_as_of_date) AS balance_check_reconciliation_as_of_date,\r\nbalance_check_reconciliation_date_month_ran\r\nFROM work.work_balance_check_reconciliation_dates",
						"partitionOption": "None"
					},
					"sink": {
						"type": "SqlMISink",
						"writeBehavior": "upsert",
						"upsertSettings": {
							"useTempDB": true,
							"keys": [
								"balance_check_reconciliation_run_date"
							]
						},
						"sqlWriterUseTableLock": false
					},
					"enableStaging": false,
					"translator": {
						"type": "TabularTranslator",
						"mappings": [
							{
								"source": {
									"name": "balance_check_reconciliation_run_date",
									"type": "DateTime",
									"physicalType": "datetime"
								},
								"sink": {
									"name": "balance_check_reconciliation_run_date",
									"type": "DateTime",
									"physicalType": "datetime"
								}
							},
							{
								"source": {
									"name": "balance_check_reconciliation_as_of_date",
									"type": "DateTime",
									"physicalType": "datetime"
								},
								"sink": {
									"name": "balance_check_reconciliation_as_of_date",
									"type": "DateTime",
									"physicalType": "datetime"
								}
							},
							{
								"source": {
									"name": "balance_check_reconciliation_date_month_ran",
									"type": "String",
									"physicalType": "nvarchar"
								},
								"sink": {
									"name": "balance_check_reconciliation_date_month_ran",
									"type": "String",
									"physicalType": "varchar"
								}
							}
						],
						"typeConversion": true,
						"typeConversionSettings": {
							"allowDataTruncation": true,
							"treatBooleanAsNumber": false
						}
					}
				},
				"inputs": [
					{
						"referenceName": "ds_asqlmi_table_dynmc",
						"type": "DatasetReference",
						"parameters": {
							"dsPar_SchemaName": "work",
							"dsPar_TableName": "work_balance_check_reconciliation_dates",
							"dsPar_ServerConnection": {
								"value": "@pipeline().parameters.plnPar_TgtConnectionStr",
								"type": "Expression"
							},
							"dsPar_DatabaseName": {
								"value": "@pipeline().parameters.pln_TgtDBName",
								"type": "Expression"
							}
						}
					}
				],
				"outputs": [
					{
						"referenceName": "ds_asqlmi_table_dynmc",
						"type": "DatasetReference",
						"parameters": {
							"dsPar_SchemaName": {
								"value": "@pipeline().parameters.plnPar_TgtSchema",
								"type": "Expression"
							},
							"dsPar_TableName": {
								"value": "@pipeline().parameters.plnPar_TgtTable",
								"type": "Expression"
							},
							"dsPar_ServerConnection": {
								"value": "@pipeline().parameters.plnPar_TgtConnectionStr",
								"type": "Expression"
							},
							"dsPar_DatabaseName": {
								"value": "@pipeline().parameters.pln_TgtDBName",
								"type": "Expression"
							}
						}
					}
				]
			}
		],
		"parameters": {
			"plnPar_SrcContainer": {
				"type": "string",
				"defaultValue": "balance-check"
			},
			"plnPar_SrcFolder": {
				"type": "string",
				"defaultValue": "BalanceCheckingFramework"
			},
			"plnPar_SrcFile": {
				"type": "string",
				"defaultValue": "balance_check_reconciliation_dates.csv"
			},
			"plnPar_TgtSchema": {
				"type": "string",
				"defaultValue": "mgmt"
			},
			"plnPar_TgtTable": {
				"type": "string",
				"defaultValue": "balance_check_reconciliation_dates"
			},
			"plnPar_TgtConnectionStr": {
				"type": "string",
				"defaultValue": "nw-edw-d-usw-mi.public.3dbc2ecfe1bf.database.windows.net,3342"
			},
			"pln_TgtDBName": {
				"type": "string",
				"defaultValue": "aw-validation-d-usw-sqldb"
			}
		},
		"folder": {
			"name": "Validation"
		},
		"annotations": [],
		"lastPublishTime": "2024-11-19T20:05:01Z"
	},
	"type": "Microsoft.DataFactory/factories/pipelines"
}