{
	"name": "pln_sch_ongoing_arcgis_parcels",
	"properties": {
		"activities": [
			{
				"name": "pln_run_schedule - arcgis - ongoing",
				"type": "ExecutePipeline",
				"dependsOn": [],
				"policy": {
					"secureInput": false
				},
				"userProperties": [],
				"typeProperties": {
					"pipeline": {
						"referenceName": "pln_run_schedule",
						"type": "PipelineReference"
					},
					"waitOnCompletion": true,
					"parameters": {
						"plnPar_ScheduleName": {
							"value": "@pipeline().parameters.plnPar_ScheduleName",
							"type": "Expression"
						}
					}
				}
			},
			{
				"name": "Update Trigger Flag",
				"type": "Copy",
				"dependsOn": [
					{
						"activity": "pln_run_schedule - arcgis - ongoing",
						"dependencyConditions": [
							"Succeeded"
						]
					}
				],
				"policy": {
					"timeout": "0.12:00:00",
					"retry": 0,
					"retryIntervalInSeconds": 30,
					"secureOutput": false,
					"secureInput": false
				},
				"userProperties": [],
				"typeProperties": {
					"source": {
						"type": "SqlMISource",
						"sqlReaderQuery": "SELECT concat('PARCELS work tables are ready at ', dateadd(hour,-8,GETUTCDATE()));",
						"partitionOption": "None"
					},
					"sink": {
						"type": "DelimitedTextSink",
						"storeSettings": {
							"type": "AzureBlobFSWriteSettings"
						},
						"formatSettings": {
							"type": "DelimitedTextWriteSettings",
							"quoteAllText": true,
							"fileExtension": ".txt"
						}
					},
					"enableStaging": false,
					"translator": {
						"type": "TabularTranslator",
						"typeConversion": true,
						"typeConversionSettings": {
							"allowDataTruncation": true,
							"treatBooleanAsNumber": false
						}
					}
				},
				"inputs": [
					{
						"referenceName": "ds_asqlmi_arcgis_tables",
						"type": "DatasetReference",
						"parameters": {
							"dsPar_TableName": "schedule",
							"dsPar_SchemaName": "meta_arcgis"
						}
					}
				],
				"outputs": [
					{
						"referenceName": "ds_adls_raw_arcgis_file",
						"type": "DatasetReference",
						"parameters": {
							"dsPar_Container": "raw-arcgis",
							"dsPar_Folder": "trigger_flags",
							"dsPar_File": "parcels_work_tables_flag.txt",
							"dsPar_Delimiter": ","
						}
					}
				]
			}
		],
		"parameters": {
			"plnPar_ScheduleName": {
				"type": "string",
				"defaultValue": "EDW_Daily_ArcGIS_PARCELS"
			}
		},
		"folder": {
			"name": "11 - Orchestration/schedule/02 - ongoing"
		},
		"annotations": [],
		"lastPublishTime": "2024-01-10T16:52:06Z"
	},
	"type": "Microsoft.DataFactory/factories/pipelines"
}