{
	"name": "pln_create_drop_ops_backup_tables",
	"properties": {
		"activities": [
			{
				"name": "create_ops_backup_tables",
				"type": "SqlServerStoredProcedure",
				"dependsOn": [],
				"policy": {
					"timeout": "0.12:00:00",
					"retry": 0,
					"retryIntervalInSeconds": 30,
					"secureOutput": false,
					"secureInput": false
				},
				"userProperties": [],
				"typeProperties": {
					"storedProcedureName": "[mgmt].[usp_create_ops_backup_tables]"
				},
				"linkedServiceName": {
					"referenceName": "lnks_edw_asqldb_nwedw",
					"type": "LinkedServiceReference"
				}
			},
			{
				"name": "drop_ops_backup_tables",
				"type": "SqlServerStoredProcedure",
				"dependsOn": [
					{
						"activity": "create_ops_backup_tables",
						"dependencyConditions": [
							"Succeeded"
						]
					}
				],
				"policy": {
					"timeout": "0.12:00:00",
					"retry": 0,
					"retryIntervalInSeconds": 30,
					"secureOutput": false,
					"secureInput": false
				},
				"userProperties": [],
				"typeProperties": {
					"storedProcedureName": "[mgmt].[usp_drop_ops_backup_tables]"
				},
				"linkedServiceName": {
					"referenceName": "lnks_edw_asqldb_nwedw",
					"type": "LinkedServiceReference"
				}
			}
		],
		"folder": {
			"name": "90 - Helper"
		},
		"annotations": [],
		"lastPublishTime": "2022-09-06T14:47:13Z"
	},
	"type": "Microsoft.DataFactory/factories/pipelines"
}