{
	"name": "pln_load_arcgis_raw_to_raw_unzip",
	"properties": {
		"activities": [
			{
				"name": "Get zip file name",
				"type": "GetMetadata",
				"dependsOn": [],
				"policy": {
					"timeout": "0.12:00:00",
					"retry": 0,
					"retryIntervalInSeconds": 30,
					"secureOutput": false,
					"secureInput": false
				},
				"userProperties": [],
				"typeProperties": {
					"dataset": {
						"referenceName": "ds_adls_raw_zip",
						"type": "DatasetReference",
						"parameters": {
							"dsPar_Container": {
								"value": "@pipeline().parameters.plnPar_SrcContainer",
								"type": "Expression"
							},
							"dsPar_FolderName": {
								"value": "@pipeline().parameters.plnPar_SrcFolderName",
								"type": "Expression"
							},
							"dsPar_FileName": "*.zip"
						}
					},
					"fieldList": [
						"childItems",
						"itemType"
					],
					"storeSettings": {
						"type": "AzureBlobFSReadSettings",
						"recursive": true,
						"enablePartitionDiscovery": false
					},
					"formatSettings": {
						"type": "BinaryReadSettings"
					}
				}
			},
			{
				"name": "ForEach zip file",
				"type": "ForEach",
				"dependsOn": [
					{
						"activity": "Filter zip files",
						"dependencyConditions": [
							"Succeeded"
						]
					}
				],
				"userProperties": [],
				"typeProperties": {
					"items": {
						"value": "@activity('Filter zip files').output.value",
						"type": "Expression"
					},
					"isSequential": true,
					"activities": [
						{
							"name": "Set plnVar_zipFileName",
							"type": "SetVariable",
							"dependsOn": [],
							"policy": {
								"secureOutput": false,
								"secureInput": false
							},
							"userProperties": [],
							"typeProperties": {
								"variableName": "plnVar_zipFileName",
								"value": {
									"value": "@item().name",
									"type": "Expression"
								}
							}
						},
						{
							"name": "Execute unzip Pipeline",
							"type": "ExecutePipeline",
							"dependsOn": [
								{
									"activity": "Set plnVar_zipFileName",
									"dependencyConditions": [
										"Succeeded"
									]
								}
							],
							"policy": {
								"secureInput": false
							},
							"userProperties": [],
							"typeProperties": {
								"pipeline": {
									"referenceName": "pln_load_arcgis_upzip_raw_file",
									"type": "PipelineReference"
								},
								"waitOnCompletion": true,
								"parameters": {
									"plnPar_TgtFolderName": {
										"value": "@pipeline().parameters.plnPar_TgtFolderName",
										"type": "Expression"
									},
									"plnPar_TgtContainer": {
										"value": "@pipeline().parameters.plnPar_TgtContainer",
										"type": "Expression"
									},
									"plnPar_SrcFolderName": {
										"value": "@pipeline().parameters.plnPar_SrcFolderName",
										"type": "Expression"
									},
									"plnPar_SrcContainer": {
										"value": "@pipeline().parameters.plnPar_SrcContainer",
										"type": "Expression"
									},
									"plnPar_SrcFileName": {
										"value": "@variables('plnVar_zipFileName')",
										"type": "Expression"
									}
								}
							}
						}
					]
				}
			},
			{
				"name": "Filter zip files",
				"type": "Filter",
				"dependsOn": [
					{
						"activity": "Get zip file name",
						"dependencyConditions": [
							"Succeeded"
						]
					}
				],
				"userProperties": [],
				"typeProperties": {
					"items": {
						"value": "@activity('Get zip file name').output.childItems",
						"type": "Expression"
					},
					"condition": {
						"value": "@equals(item().type, 'File')",
						"type": "Expression"
					}
				}
			}
		],
		"parameters": {
			"plnPar_SrcContainer": {
				"type": "string",
				"defaultValue": "raw-arcgis"
			},
			"plnPar_SrcFolderName": {
				"type": "string",
				"defaultValue": "parcels"
			},
			"plnPar_TgtContainer": {
				"type": "string",
				"defaultValue": "raw-arcgis"
			},
			"plnPar_TgtFolderName": {
				"type": "string",
				"defaultValue": "parcels/unzipped"
			}
		},
		"variables": {
			"plnVar_zipFileName": {
				"type": "String"
			}
		},
		"folder": {
			"name": "21 - Datalake/ArcGIS"
		},
		"annotations": [],
		"lastPublishTime": "2023-11-06T22:19:40Z"
	},
	"type": "Microsoft.DataFactory/factories/pipelines"
}