{
	"name": "pln_orch_start_schedule_arcgis",
	"properties": {
		"activities": [
			{
				"name": "sp Start Schedule",
				"type": "SqlServerStoredProcedure",
				"dependsOn": [],
				"policy": {
					"timeout": "7.00:00:00",
					"retry": 0,
					"retryIntervalInSeconds": 30,
					"secureOutput": false,
					"secureInput": false
				},
				"userProperties": [],
				"typeProperties": {
					"storedProcedureName": "[meta_arcgis].[usp_start_schedule_run]",
					"storedProcedureParameters": {
						"in_ScheduleName": {
							"value": {
								"value": "@pipeline().parameters.plnPar_ScheduleName",
								"type": "Expression"
							},
							"type": "String"
						}
					}
				},
				"linkedServiceName": {
					"referenceName": "lnks_arcgis_asqlmi_nwedw",
					"type": "LinkedServiceReference"
				}
			}
		],
		"parameters": {
			"plnPar_ScheduleName": {
				"type": "string",
				"defaultValue": "EDW_Daily"
			}
		},
		"folder": {
			"name": "ArcGIS Land and Stage/Orchestration"
		},
		"annotations": [],
		"lastPublishTime": "2024-01-10T16:52:04Z"
	},
	"type": "Microsoft.DataFactory/factories/pipelines"
}