{
	"name": "pln_bal_chk_main",
	"properties": {
		"description": "This is the main pipeline for all other balance checking validation pipelines using random accounts",
		"activities": [
			{
				"name": "Lookup Balance Checking Group",
				"type": "Lookup",
				"dependsOn": [
					{
						"activity": "If Condition not All",
						"dependencyConditions": [
							"Succeeded"
						]
					}
				],
				"policy": {
					"timeout": "0.12:00:00",
					"retry": 0,
					"retryIntervalInSeconds": 30,
					"secureOutput": false,
					"secureInput": false
				},
				"userProperties": [],
				"typeProperties": {
					"source": {
						"type": "SqlMISource",
						"sqlReaderQuery": {
							"value": "@variables('pln_VarGroupQuery')",
							"type": "Expression"
						},
						"partitionOption": "None"
					},
					"dataset": {
						"referenceName": "ds_asqlmi_table_dynmc",
						"type": "DatasetReference",
						"parameters": {
							"dsPar_SchemaName": "mgmt",
							"dsPar_TableName": "balance_check",
							"dsPar_ServerConnection": {
								"value": "@pipeline().parameters.plnPar_BalChkDBConnStr",
								"type": "Expression"
							},
							"dsPar_DatabaseName": {
								"value": "@pipeline().parameters.plnPar_BalChkDBName",
								"type": "Expression"
							}
						}
					},
					"firstRowOnly": false
				}
			},
			{
				"name": "If Condition not All",
				"type": "IfCondition",
				"dependsOn": [],
				"userProperties": [],
				"typeProperties": {
					"expression": {
						"value": "@not(equals(pipeline().parameters.plnPar_CheckingName, 'All'))",
						"type": "Expression"
					},
					"ifFalseActivities": [
						{
							"name": "Set variable Group Query 2",
							"type": "SetVariable",
							"dependsOn": [],
							"policy": {
								"secureOutput": false,
								"secureInput": false
							},
							"userProperties": [],
							"typeProperties": {
								"variableName": "pln_VarGroupQuery",
								"value": {
									"value": "@concat(\n'SELECT b.balance_check_nm \n,b.azure_pipeline_nm \n,b.source_server_nm \n,b.source_database_nm \n,b.source_connection_txt \n,b.target_server_nm \n,b.target_database_nm \n,b.target_connection_txt \n,convert(varchar(10), FORMAT(DATEADD(day, -1, GETDATE()), ''yyyyMMdd'')) as sysdate\nFROM mgmt.balance_check_group g \nINNER JOIN mgmt.balance_check b \nON b.balance_check_group_sk = g.balance_check_group_sk \nWHERE b.balance_check_run_YN_ind = ''Y'' \nAND g.balance_check_group_nm = ''',\npipeline().parameters.plnPar_GroupName,\n''''\n)",
									"type": "Expression"
								}
							}
						}
					],
					"ifTrueActivities": [
						{
							"name": "Set variable Group Query",
							"type": "SetVariable",
							"dependsOn": [],
							"policy": {
								"secureOutput": false,
								"secureInput": false
							},
							"userProperties": [],
							"typeProperties": {
								"variableName": "pln_VarGroupQuery",
								"value": {
									"value": "@concat(\n'SELECT b.balance_check_nm\n,b.azure_pipeline_nm \n,b.source_server_nm \n,b.source_database_nm \n,b.source_connection_txt \n,b.target_server_nm \n,b.target_database_nm \n,b.target_connection_txt \n,convert(varchar(10), FORMAT(DATEADD(day, -1, GETDATE()), ''yyyyMMdd'')) as sysdate\nFROM mgmt.balance_check_group g\nINNER JOIN mgmt.balance_check b\nON b.balance_check_group_sk = g.balance_check_group_sk\nWHERE b.balance_check_run_YN_ind = ''Y''\nAND g.balance_check_group_nm = ''',\npipeline().parameters.plnPar_GroupName,\n''' ',\n'AND b.balance_check_nm = ''',\npipeline().parameters.plnPar_CheckingName,\n''''\n)",
									"type": "Expression"
								}
							}
						}
					]
				}
			},
			{
				"name": "ForEach Checking",
				"type": "ForEach",
				"dependsOn": [
					{
						"activity": "Lookup Balance Checking Group",
						"dependencyConditions": [
							"Succeeded"
						]
					}
				],
				"userProperties": [],
				"typeProperties": {
					"items": {
						"value": "@activity('Lookup Balance Checking Group').output.value",
						"type": "Expression"
					},
					"isSequential": true,
					"activities": [
						{
							"name": "Switch Checking Cases",
							"type": "Switch",
							"dependsOn": [
								{
									"activity": "Set Src Conn String",
									"dependencyConditions": [
										"Succeeded"
									]
								},
								{
									"activity": "Set variable Checking Name",
									"dependencyConditions": [
										"Succeeded"
									]
								},
								{
									"activity": "Set Src DB Name",
									"dependencyConditions": [
										"Succeeded"
									]
								},
								{
									"activity": "Set Tgt Conn String",
									"dependencyConditions": [
										"Succeeded"
									]
								},
								{
									"activity": "Set Tgt DB Name",
									"dependencyConditions": [
										"Succeeded"
									]
								}
							],
							"userProperties": [],
							"typeProperties": {
								"on": {
									"value": "@item().azure_pipeline_nm",
									"type": "Expression"
								},
								"cases": [
									{
										"value": "pln_bal_chk_mr_edw_rs",
										"activities": [
											{
												"name": "Execute pln_bal_chk_mr_edw_rs",
												"type": "ExecutePipeline",
												"dependsOn": [],
												"policy": {
													"secureInput": false
												},
												"userProperties": [],
												"typeProperties": {
													"pipeline": {
														"referenceName": "pln_bal_chk_mr_edw_rs",
														"type": "PipelineReference"
													},
													"waitOnCompletion": true,
													"parameters": {
														"plnPar_BalanceCheckNM": {
															"value": "@variables('pln_VarCheckingName')",
															"type": "Expression"
														},
														"plnPar_SrcKVSConnection": {
															"value": "@variables('pln_VarSrcConnStr')",
															"type": "Expression"
														},
														"plnPar_BalChkSchema": "mgmt",
														"plnPar_BalChkDBConnection": {
															"value": "@pipeline().parameters.plnPar_BalChkDBConnStr",
															"type": "Expression"
														},
														"plnPar_BalChkDBName": {
															"value": "@pipeline().parameters.plnPar_BalChkDBName",
															"type": "Expression"
														},
														"plnPar_TgtConnStr": {
															"value": "@variables('pln_VarTgtConnStr')",
															"type": "Expression"
														},
														"plnPar_TgtDBName": {
															"value": "@variables('pln_VarTgtDBName')",
															"type": "Expression"
														}
													}
												}
											}
										]
									},
									{
										"value": "pln_bal_chk_ncino_rs",
										"activities": [
											{
												"name": "Execute Pipeline ncino edw",
												"type": "ExecutePipeline",
												"dependsOn": [],
												"policy": {
													"secureInput": false
												},
												"userProperties": [],
												"typeProperties": {
													"pipeline": {
														"referenceName": "pln_bal_chk_ncino_rs",
														"type": "PipelineReference"
													},
													"waitOnCompletion": true,
													"parameters": {
														"plnPar_BalanceCheckNM": {
															"value": "@variables('pln_VarCheckingName')",
															"type": "Expression"
														},
														"plnPar_SrcKVSConnection": {
															"value": "@variables('pln_VarSrcConnStr')",
															"type": "Expression"
														},
														"plnPar_BalChkSchema": "mgmt",
														"plnPar_BalChkDBConnection": {
															"value": "@pipeline().parameters.plnPar_BalChkDBConnStr",
															"type": "Expression"
														},
														"plnPar_BalChkDBName": {
															"value": "@pipeline().parameters.plnPar_BalChkDBName",
															"type": "Expression"
														},
														"plnPar_TgtConnStr": {
															"value": "@variables('pln_VarTgtConnStr')",
															"type": "Expression"
														},
														"plnPar_TgtDBName": {
															"value": "@variables('pln_VarTgtDBName')",
															"type": "Expression"
														}
													}
												}
											}
										]
									},
									{
										"value": "pln_bal_chk_dna_mdp_rs",
										"activities": [
											{
												"name": "Execute Pipeline dna mdp",
												"type": "ExecutePipeline",
												"dependsOn": [],
												"policy": {
													"secureInput": false
												},
												"userProperties": [],
												"typeProperties": {
													"pipeline": {
														"referenceName": "pln_bal_chk_dna_mdp_rs",
														"type": "PipelineReference"
													},
													"waitOnCompletion": true,
													"parameters": {
														"plnPar_BalanceCheckNM": {
															"value": "@variables('pln_VarCheckingName')",
															"type": "Expression"
														},
														"plnPar_SrcKVSConnection": {
															"value": "@variables('pln_VarSrcConnStr')",
															"type": "Expression"
														},
														"plnPar_BalChkSchema": "mgmt",
														"plnPar_BalChkDBConnection": {
															"value": "@pipeline().parameters.plnPar_BalChkDBConnStr",
															"type": "Expression"
														},
														"plnPar_BalChkDBName": {
															"value": "@pipeline().parameters.plnPar_BalChkDBName",
															"type": "Expression"
														},
														"plnPar_TgtConnStr": {
															"value": "@variables('pln_VarTgtConnStr')",
															"type": "Expression"
														},
														"plnPar_TgtDBName": {
															"value": "@variables('pln_VarTgtDBName')",
															"type": "Expression"
														}
													}
												}
											}
										]
									},
									{
										"value": "pln_bal_chk_empower_mr_rs",
										"activities": [
											{
												"name": "Execute Pipeline emPOWER to MR",
												"type": "ExecutePipeline",
												"dependsOn": [],
												"policy": {
													"secureInput": false
												},
												"userProperties": [],
												"typeProperties": {
													"pipeline": {
														"referenceName": "pln_bal_chk_empower_mr_rs",
														"type": "PipelineReference"
													},
													"waitOnCompletion": true,
													"parameters": {
														"plnPar_BalanceCheckNM": {
															"value": "@variables('pln_VarCheckingName')",
															"type": "Expression"
														},
														"plnPar_SrcKVSConnection": {
															"value": "@variables('pln_VarSrcConnStr')",
															"type": "Expression"
														},
														"plnPar_BalChkSchema": "mgmt",
														"plnPar_BalChkDBConnection": {
															"value": "@pipeline().parameters.plnPar_BalChkDBConnStr",
															"type": "Expression"
														},
														"plnPar_BalChkDBName": {
															"value": "@pipeline().parameters.plnPar_BalChkDBName",
															"type": "Expression"
														},
														"plnPar_TgtConnStr": {
															"value": "@variables('pln_VarTgtConnStr')",
															"type": "Expression"
														},
														"plnPar_TgtDBName": {
															"value": "@variables('pln_VarTgtDBName')",
															"type": "Expression"
														}
													}
												}
											}
										]
									},
									{
										"value": "pln_bal_chk_emp_mr_ncino_rs",
										"activities": [
											{
												"name": "Execute emPOWER MR nCino validation",
												"type": "ExecutePipeline",
												"dependsOn": [],
												"policy": {
													"secureInput": false
												},
												"userProperties": [],
												"typeProperties": {
													"pipeline": {
														"referenceName": "pln_bal_chk_emp_mr_ncino_rs",
														"type": "PipelineReference"
													},
													"waitOnCompletion": true,
													"parameters": {
														"plnPar_BalanceCheckNM": {
															"value": "@variables('pln_VarCheckingName')",
															"type": "Expression"
														},
														"plnPar_SrcKVSConnection": {
															"value": "@variables('pln_VarSrcConnStr')",
															"type": "Expression"
														},
														"plnPar_BalChkSchema": "mgmt",
														"plnPar_BalChkDBConnection": {
															"value": "@pipeline().parameters.plnPar_BalChkDBConnStr",
															"type": "Expression"
														},
														"plnPar_BalChkDBName": {
															"value": "@pipeline().parameters.plnPar_BalChkDBName",
															"type": "Expression"
														},
														"plnPar_TgtConnStr": {
															"value": "@variables('pln_VarTgtConnStr')",
															"type": "Expression"
														},
														"plnPar_TgtDBName": {
															"value": "@variables('pln_VarTgtDBName')",
															"type": "Expression"
														}
													}
												}
											}
										]
									},
									{
										"value": "pln_bal_chk_fcwmr_edw_rs",
										"activities": [
											{
												"name": "Execute pln_bal_chk_fcwmr_edw_rs",
												"type": "ExecutePipeline",
												"dependsOn": [],
												"policy": {
													"secureInput": false
												},
												"userProperties": [],
												"typeProperties": {
													"pipeline": {
														"referenceName": "pln_bal_chk_fcwmr_edw_rs",
														"type": "PipelineReference"
													},
													"waitOnCompletion": true,
													"parameters": {
														"plnPar_BalanceCheckNM": {
															"value": "@variables('pln_VarCheckingName')",
															"type": "Expression"
														},
														"plnPar_SrcKVSConnection": {
															"value": "@variables('pln_VarSrcConnStr')",
															"type": "Expression"
														},
														"plnPar_BalChkSchema": "mgmt",
														"plnPar_BalChkDBConnection": {
															"value": "@pipeline().parameters.plnPar_BalChkDBConnStr",
															"type": "Expression"
														},
														"plnPar_BalChkDBName": {
															"value": "@pipeline().parameters.plnPar_BalChkDBName",
															"type": "Expression"
														},
														"plnPar_TgtConnStr": {
															"value": "@variables('pln_VarTgtConnStr')",
															"type": "Expression"
														},
														"plnPar_TgtDBName": {
															"value": "@variables('pln_VarTgtDBName')",
															"type": "Expression"
														}
													}
												}
											}
										]
									},
									{
										"value": "pln_bal_chk_dna_mdp_cp",
										"activities": [
											{
												"name": "Execute DNA MDP Completeness",
												"type": "ExecutePipeline",
												"dependsOn": [],
												"policy": {
													"secureInput": false
												},
												"userProperties": [],
												"typeProperties": {
													"pipeline": {
														"referenceName": "pln_bal_chk_dna_mdp_cp",
														"type": "PipelineReference"
													},
													"waitOnCompletion": true,
													"parameters": {
														"plnPar_BalCKConn": {
															"value": "@pipeline().parameters.plnPar_BalChkDBConnStr",
															"type": "Expression"
														},
														"plnPar_BalCKDBName": {
															"value": "@pipeline().parameters.plnPar_BalChkDBName",
															"type": "Expression"
														},
														"plnPar_BalCKName": {
															"value": "@variables('pln_VarCheckingName')",
															"type": "Expression"
														}
													}
												}
											}
										]
									},
									{
										"value": "pln_bal_chk_emp_mr_ncino_cp",
										"activities": [
											{
												"name": "Execute empower mr ncino completeness",
												"type": "ExecutePipeline",
												"dependsOn": [],
												"policy": {
													"secureInput": false
												},
												"userProperties": [],
												"typeProperties": {
													"pipeline": {
														"referenceName": "pln_bal_chk_emp_mr_ncino_cp",
														"type": "PipelineReference"
													},
													"waitOnCompletion": true,
													"parameters": {
														"plnPar_BalCKConn": {
															"value": "@pipeline().parameters.plnPar_BalChkDBConnStr",
															"type": "Expression"
														},
														"plnPar_BalCKDBName": {
															"value": "@pipeline().parameters.plnPar_BalChkDBName",
															"type": "Expression"
														},
														"plnPar_BalCKName": {
															"value": "@variables('pln_VarCheckingName')",
															"type": "Expression"
														}
													}
												}
											}
										]
									}
								]
							}
						},
						{
							"name": "Set Src Conn String",
							"type": "SetVariable",
							"dependsOn": [],
							"policy": {
								"secureOutput": false,
								"secureInput": false
							},
							"userProperties": [],
							"typeProperties": {
								"variableName": "pln_VarSrcConnStr",
								"value": {
									"value": "@item().source_connection_txt",
									"type": "Expression"
								}
							}
						},
						{
							"name": "Set variable Checking Name",
							"type": "SetVariable",
							"dependsOn": [],
							"policy": {
								"secureOutput": false,
								"secureInput": false
							},
							"userProperties": [],
							"typeProperties": {
								"variableName": "pln_VarCheckingName",
								"value": {
									"value": "@item().balance_check_nm",
									"type": "Expression"
								}
							}
						},
						{
							"name": "Set Src DB Name",
							"type": "SetVariable",
							"dependsOn": [],
							"policy": {
								"secureOutput": false,
								"secureInput": false
							},
							"userProperties": [],
							"typeProperties": {
								"variableName": "pln_VarSrcDBName",
								"value": {
									"value": "@item().source_database_nm",
									"type": "Expression"
								}
							}
						},
						{
							"name": "Set Tgt Conn String",
							"type": "SetVariable",
							"dependsOn": [],
							"policy": {
								"secureOutput": false,
								"secureInput": false
							},
							"userProperties": [],
							"typeProperties": {
								"variableName": "pln_VarTgtConnStr",
								"value": {
									"value": "@item().target_connection_txt",
									"type": "Expression"
								}
							}
						},
						{
							"name": "Set Tgt DB Name",
							"type": "SetVariable",
							"dependsOn": [],
							"policy": {
								"secureOutput": false,
								"secureInput": false
							},
							"userProperties": [],
							"typeProperties": {
								"variableName": "pln_VarTgtDBName",
								"value": {
									"value": "@item().target_database_nm",
									"type": "Expression"
								}
							}
						}
					]
				}
			}
		],
		"parameters": {
			"plnPar_GroupName": {
				"type": "string",
				"defaultValue": "MR EDW Recon"
			},
			"plnPar_CheckingName": {
				"type": "string",
				"defaultValue": "All"
			},
			"plnPar_BalChkDBConnStr": {
				"type": "string",
				"defaultValue": "nw-edw-d-usw-mi.public.3dbc2ecfe1bf.database.windows.net,3342"
			},
			"plnPar_BalChkDBName": {
				"type": "string",
				"defaultValue": "aw-validation-d-usw-sqldb"
			}
		},
		"variables": {
			"pln_VarGroupQuery": {
				"type": "String"
			},
			"pln_VarSrcConnStr": {
				"type": "String"
			},
			"pln_VarCheckingName": {
				"type": "String"
			},
			"pln_VarSrcDBName": {
				"type": "String"
			},
			"pln_VarTgtConnStr": {
				"type": "String"
			},
			"pln_VarTgtDBName": {
				"type": "String"
			}
		},
		"folder": {
			"name": "Validation"
		},
		"annotations": [],
		"lastPublishTime": "2024-10-31T14:51:24Z"
	},
	"type": "Microsoft.DataFactory/factories/pipelines"
}