{
	"name": "pln_load_raw_to_larea_partition",
	"properties": {
		"activities": [
			{
				"name": "set var - raw folder name",
				"description": "sets the variable for the raw folder name to the entity name and the date",
				"type": "SetVariable",
				"dependsOn": [
					{
						"activity": "lkp - get schedule task run details",
						"dependencyConditions": [
							"Succeeded"
						]
					}
				],
				"policy": {
					"secureOutput": false,
					"secureInput": false
				},
				"userProperties": [],
				"typeProperties": {
					"variableName": "plnVar_RawFolderName",
					"value": {
						"value": "@concat(activity('lkp - get schedule task run details').output.firstRow.src_file_folder_name_txt,'\\',replace(activity('lkp - get schedule task run details').output.firstRow.schedule_task_run_dt,'-','\\'))",
						"type": "Expression"
					}
				}
			},
			{
				"name": "set var - raw file name",
				"description": "sets the variable for the raw file name to the entity name + full + the date",
				"type": "SetVariable",
				"dependsOn": [
					{
						"activity": "lkp - get schedule task run details",
						"dependencyConditions": [
							"Succeeded"
						]
					}
				],
				"policy": {
					"secureOutput": false,
					"secureInput": false
				},
				"userProperties": [],
				"typeProperties": {
					"variableName": "plnVar_RawFileName",
					"value": {
						"value": "@concat(activity('lkp - get schedule task run details').output.firstRow.src_file_name_pattern_txt,'_',replace(activity('lkp - get schedule task run details').output.firstRow.schedule_task_run_dt,'-',''),'_full', '.',\nactivity('lkp - get schedule task run details').output.firstRow.src_file_extension_cd)",
						"type": "Expression"
					}
				}
			},
			{
				"name": "set var - sql drop larea table if exists",
				"type": "SetVariable",
				"dependsOn": [
					{
						"activity": "lkp - get schedule task run details",
						"dependencyConditions": [
							"Succeeded"
						]
					}
				],
				"policy": {
					"secureOutput": false,
					"secureInput": false
				},
				"userProperties": [],
				"typeProperties": {
					"variableName": "plnVar_SqlDropLAreaTable",
					"value": {
						"value": "@concat('if exists (select * from sys.all_objects obj join sys.schemas sch on obj.schema_id = sch.schema_id and sch.name = ''', variables('plnVar_TgtSchemaName'), ''' where obj.name = ''',activity('lkp - get schedule task run details').output.firstRow.tgt_entity_nm,''' and obj.type =''u'') drop table ',variables('plnVar_TgtSchemaName'),'.',activity('lkp - get schedule task run details').output.firstRow.tgt_entity_nm,';')",
						"type": "Expression"
					}
				}
			},
			{
				"name": "lkp - get schedule task run details",
				"type": "Lookup",
				"dependsOn": [],
				"policy": {
					"timeout": "7.00:00:00",
					"retry": 0,
					"retryIntervalInSeconds": 30,
					"secureOutput": false,
					"secureInput": false
				},
				"userProperties": [],
				"typeProperties": {
					"source": {
						"type": "AzureSqlSource",
						"sqlReaderStoredProcedureName": "[mgmt].[usp_get_schedule_task_run_details]",
						"storedProcedureParameters": {
							"in_ScheduleTaskRunSk": {
								"type": "Int64",
								"value": {
									"value": "@pipeline().parameters.plnPar_ScheduleTaskRunSk",
									"type": "Expression"
								}
							}
						},
						"queryTimeout": "02:00:00",
						"partitionOption": "None"
					},
					"dataset": {
						"referenceName": "ds_asqldb_edw_table",
						"type": "DatasetReference",
						"parameters": {
							"dsPar_SchemaName": "dbo",
							"dsPar_TableName": "schedule_task_run"
						}
					},
					"firstRowOnly": true
				}
			},
			{
				"name": "exec - proc - build landing table",
				"type": "SqlServerStoredProcedure",
				"dependsOn": [
					{
						"activity": "foreach - folder - copy files",
						"dependencyConditions": [
							"Succeeded"
						]
					}
				],
				"policy": {
					"timeout": "7.00:00:00",
					"retry": 0,
					"retryIntervalInSeconds": 30,
					"secureOutput": false,
					"secureInput": false
				},
				"userProperties": [],
				"typeProperties": {
					"storedProcedureName": "[mgmt].[usp_build_landing_table]",
					"storedProcedureParameters": {
						"in_ScheduleTaskRunSk": {
							"value": {
								"value": "@pipeline().parameters.plnPar_ScheduleTaskRunSk",
								"type": "Expression"
							},
							"type": "Int64"
						},
						"in_TempSchemaNm": {
							"value": {
								"value": "@variables('plnVar_TempSchemaName')",
								"type": "Expression"
							},
							"type": "String"
						},
						"in_TempTableNm": {
							"value": {
								"value": "@concat(variables('plnVar_TgtSchemaName'), '_', activity('lkp - get schedule task run details').output.firstRow.tgt_entity_nm)",
								"type": "Expression"
							},
							"type": "String"
						},
						"in_TgtSchemaNm": {
							"value": {
								"value": "@variables('plnVar_TgtSchemaName')",
								"type": "Expression"
							},
							"type": "String"
						},
						"in_TgtTableNm": {
							"value": {
								"value": "@activity('lkp - get schedule task run details').output.firstRow.tgt_entity_nm",
								"type": "Expression"
							},
							"type": "String"
						}
					}
				},
				"linkedServiceName": {
					"referenceName": "lnks_edw_asqldb_nwedw",
					"type": "LinkedServiceReference"
				}
			},
			{
				"name": "set var - error msg - larea tbl proc failure",
				"type": "SetVariable",
				"dependsOn": [
					{
						"activity": "exec - proc - build landing table",
						"dependencyConditions": [
							"Failed"
						]
					}
				],
				"policy": {
					"secureOutput": false,
					"secureInput": false
				},
				"userProperties": [],
				"typeProperties": {
					"variableName": "plnVar_ErrorMessage",
					"value": {
						"value": "Stored procedure to load staging table failed. View pipeline run log for details",
						"type": "Expression"
					}
				}
			},
			{
				"name": "exec - pln - end task - larea tbl proc failure",
				"type": "ExecutePipeline",
				"dependsOn": [
					{
						"activity": "set var - error msg - larea tbl proc failure",
						"dependencyConditions": [
							"Succeeded"
						]
					}
				],
				"policy": {
					"secureInput": false
				},
				"userProperties": [],
				"typeProperties": {
					"pipeline": {
						"referenceName": "pln_orch_end_task",
						"type": "PipelineReference"
					},
					"waitOnCompletion": true,
					"parameters": {
						"plnPar_TaskApplicationRunIdTxt": {
							"value": "@concat('PLN_RUN_ID: ',pipeline().RunId ,' | PLN_NM: ',pipeline().Pipeline,' | DF_NM: ',pipeline().DataFactory)",
							"type": "Expression"
						},
						"plnPar_TaskRunStatusCd": "FAILED",
						"plnPar_TaskRunStatusDesc": {
							"value": "@variables('plnVar_ErrorMessage')",
							"type": "Expression"
						},
						"plnPar_ScheduleTaskRunSk": {
							"value": "@pipeline().parameters.plnPar_ScheduleTaskRunSk",
							"type": "Expression"
						}
					}
				}
			},
			{
				"name": "exec - proc - update row counts",
				"type": "SqlServerStoredProcedure",
				"dependsOn": [
					{
						"activity": "exec - proc - build landing table",
						"dependencyConditions": [
							"Succeeded"
						]
					},
					{
						"activity": "foreach - folder - copy files",
						"dependencyConditions": [
							"Succeeded"
						]
					}
				],
				"policy": {
					"timeout": "7.00:00:00",
					"retry": 0,
					"retryIntervalInSeconds": 30,
					"secureOutput": false,
					"secureInput": false
				},
				"userProperties": [],
				"typeProperties": {
					"storedProcedureName": "[mgmt].[usp_update_row_counts]",
					"storedProcedureParameters": {
						"in_ScheduleTaskRunSk": {
							"value": {
								"value": "@pipeline().parameters.plnPar_ScheduleTaskRunSk",
								"type": "Expression"
							},
							"type": "Int64"
						},
						"in_SourceRowCount": {
							"value": "0",
							"type": "Int64"
						},
						"in_TargetRowCount": {
							"value": "0",
							"type": "Int64"
						},
						"in_TaskApplicationRunIdTxt": {
							"value": {
								"value": "@pipeline().RunId",
								"type": "Expression"
							},
							"type": "String"
						}
					}
				},
				"linkedServiceName": {
					"referenceName": "lnks_edw_asqldb_nwedw",
					"type": "LinkedServiceReference"
				}
			},
			{
				"name": "exec - fail pipeline - load work initial - stored proc",
				"type": "ExecutePipeline",
				"dependsOn": [
					{
						"activity": "exec - pln - end task - larea tbl proc failure",
						"dependencyConditions": [
							"Succeeded"
						]
					}
				],
				"policy": {
					"secureInput": false
				},
				"userProperties": [],
				"typeProperties": {
					"pipeline": {
						"referenceName": "pln_fail_pipeline_template",
						"type": "PipelineReference"
					},
					"waitOnCompletion": true
				}
			},
			{
				"name": "foreach - folder - copy files",
				"type": "ForEach",
				"dependsOn": [
					{
						"activity": "get - mr folder names",
						"dependencyConditions": [
							"Succeeded"
						]
					}
				],
				"userProperties": [],
				"typeProperties": {
					"items": {
						"value": "@activity('get - mr folder names').output.childItems",
						"type": "Expression"
					},
					"isSequential": false,
					"batchCount": 20,
					"activities": [
						{
							"name": "copy - raw files to the edw work area",
							"type": "Copy",
							"dependsOn": [],
							"policy": {
								"timeout": "7.00:00:00",
								"retry": 2,
								"retryIntervalInSeconds": 30,
								"secureOutput": false,
								"secureInput": false
							},
							"userProperties": [],
							"typeProperties": {
								"source": {
									"type": "DelimitedTextSource",
									"additionalColumns": [
										{
											"name": "src_file_nm",
											"value": "$$FILEPATH"
										},
										{
											"name": "create_process_run_sk",
											"value": {
												"value": "@pipeline().parameters.plnPar_ScheduleTaskRunSk",
												"type": "Expression"
											}
										}
									],
									"storeSettings": {
										"type": "AzureBlobFSReadSettings",
										"recursive": false,
										"wildcardFolderPath": {
											"value": "@concat(variables('plnVar_RawFolderName'),'/',item().name,'/')",
											"type": "Expression"
										},
										"wildcardFileName": {
											"value": "@concat('*',replace(replace(replace(replace(activity('lkp - get schedule task run details').output.firstRow.src_entity_nm,'DATAMART_',''),'eReviewMR_',''),'RD_Common_',''),'RD_GLMart_',''),'*')",
											"type": "Expression"
										},
										"enablePartitionDiscovery": false
									},
									"formatSettings": {
										"type": "DelimitedTextReadSettings"
									}
								},
								"sink": {
									"type": "AzureSqlSink",
									"tableOption": "autoCreate",
									"disableMetricsCollection": false
								},
								"enableStaging": false,
								"dataIntegrationUnits": 32,
								"translator": {
									"type": "TabularTranslator",
									"typeConversion": true,
									"typeConversionSettings": {
										"allowDataTruncation": true,
										"treatBooleanAsNumber": false
									}
								}
							},
							"inputs": [
								{
									"referenceName": "ds_adls_raw_folder_pipeDelim",
									"type": "DatasetReference",
									"parameters": {
										"dsPar_Container": {
											"value": "@variables('plnVar_RawContainerName')",
											"type": "Expression"
										},
										"dsPar_Folder": {
											"value": "@concat(variables('plnVar_RawFolderName'),'/',item().name,'/')",
											"type": "Expression"
										}
									}
								}
							],
							"outputs": [
								{
									"referenceName": "ds_asqldb_edw_table",
									"type": "DatasetReference",
									"parameters": {
										"dsPar_SchemaName": {
											"value": "@variables('plnVar_TempSchemaName')",
											"type": "Expression"
										},
										"dsPar_TableName": {
											"value": "@concat(variables('plnVar_TgtSchemaName'), '_', activity('lkp - get schedule task run details').output.firstRow.tgt_entity_nm)",
											"type": "Expression"
										}
									}
								}
							]
						},
						{
							"name": "exec - pln - end task - copy failure",
							"type": "ExecutePipeline",
							"dependsOn": [
								{
									"activity": "copy - raw files to the edw work area",
									"dependencyConditions": [
										"Failed"
									]
								}
							],
							"policy": {
								"secureInput": false
							},
							"userProperties": [],
							"typeProperties": {
								"pipeline": {
									"referenceName": "pln_orch_end_task",
									"type": "PipelineReference"
								},
								"waitOnCompletion": true,
								"parameters": {
									"plnPar_TaskApplicationRunIdTxt": {
										"value": "@concat('PLN_RUN_ID: ',pipeline().RunId ,' | PLN_NM: ',pipeline().Pipeline,' | DF_NM: ',pipeline().DataFactory)",
										"type": "Expression"
									},
									"plnPar_TaskRunStatusCd": "FAILED",
									"plnPar_TaskRunStatusDesc": {
										"value": "@coalesce(activity('copy - raw files to the edw work area').output.errors[0].message,'')",
										"type": "Expression"
									},
									"plnPar_ScheduleTaskRunSk": {
										"value": "@pipeline().parameters.plnPar_ScheduleTaskRunSk",
										"type": "Expression"
									}
								}
							}
						},
						{
							"name": "exec - fail pipeline - load work initial - copy failed",
							"type": "ExecutePipeline",
							"dependsOn": [
								{
									"activity": "exec - pln - end task - copy failure",
									"dependencyConditions": [
										"Succeeded"
									]
								}
							],
							"policy": {
								"secureInput": false
							},
							"userProperties": [],
							"typeProperties": {
								"pipeline": {
									"referenceName": "pln_fail_pipeline_template",
									"type": "PipelineReference"
								},
								"waitOnCompletion": true
							}
						}
					]
				}
			},
			{
				"name": "get - mr folder names",
				"type": "GetMetadata",
				"dependsOn": [
					{
						"activity": "set var - raw folder name",
						"dependencyConditions": [
							"Succeeded"
						]
					},
					{
						"activity": "set var - raw file name",
						"dependencyConditions": [
							"Succeeded"
						]
					},
					{
						"activity": "set var - sql drop larea table if exists",
						"dependencyConditions": [
							"Succeeded"
						]
					}
				],
				"policy": {
					"timeout": "7.00:00:00",
					"retry": 0,
					"retryIntervalInSeconds": 30,
					"secureOutput": false,
					"secureInput": false
				},
				"userProperties": [],
				"typeProperties": {
					"dataset": {
						"referenceName": "ds_adls_raw_folder_pipeDelim",
						"type": "DatasetReference",
						"parameters": {
							"dsPar_Container": {
								"value": "@variables('plnVar_RawContainerName')",
								"type": "Expression"
							},
							"dsPar_Folder": {
								"value": "@variables('plnVar_RawFolderName')",
								"type": "Expression"
							}
						}
					},
					"fieldList": [
						"childItems"
					],
					"storeSettings": {
						"type": "AzureBlobFSReadSettings",
						"recursive": true,
						"enablePartitionDiscovery": false
					},
					"formatSettings": {
						"type": "DelimitedTextReadSettings"
					}
				}
			}
		],
		"parameters": {
			"plnPar_ScheduleTaskRunSk": {
				"type": "string",
				"defaultValue": "9810"
			},
			"plnPar_ScheduleName": {
				"type": "string",
				"defaultValue": "EDW_Daily"
			},
			"plnPar_BatchName": {
				"type": "string",
				"defaultValue": "MR_Staging_Daily"
			},
			"plnPar_PhaseName": {
				"type": "string",
				"defaultValue": "Stage"
			},
			"plnPar_TgtTableNm": {
				"type": "string",
				"defaultValue": "DATAMART_dbo_MarketingFact"
			}
		},
		"variables": {
			"plnVar_RawContainerName": {
				"type": "String",
				"defaultValue": "raw-mr"
			},
			"plnVar_RawFolderName": {
				"type": "String"
			},
			"plnVar_RawFileName": {
				"type": "String"
			},
			"plnVar_SqlDropLAreaTable": {
				"type": "String"
			},
			"plnVar_TgtSchemaName": {
				"type": "String",
				"defaultValue": "land_mr"
			},
			"plnVar_TempSchemaName": {
				"type": "String",
				"defaultValue": "work"
			},
			"plnVar_ErrorMessage": {
				"type": "String"
			}
		},
		"folder": {
			"name": "31 - Staging"
		},
		"annotations": [],
		"lastPublishTime": "2022-09-06T14:47:15Z"
	},
	"type": "Microsoft.DataFactory/factories/pipelines"
}