{
	"name": "pln_load_bal_chk_group",
	"properties": {
		"activities": [
			{
				"name": "Copy balance check",
				"type": "Copy",
				"dependsOn": [],
				"policy": {
					"timeout": "0.12:00:00",
					"retry": 0,
					"retryIntervalInSeconds": 30,
					"secureOutput": false,
					"secureInput": false
				},
				"userProperties": [],
				"typeProperties": {
					"source": {
						"type": "DelimitedTextSource",
						"storeSettings": {
							"type": "AzureBlobFSReadSettings",
							"recursive": true,
							"enablePartitionDiscovery": false
						},
						"formatSettings": {
							"type": "DelimitedTextReadSettings"
						}
					},
					"sink": {
						"type": "SqlMISink",
						"writeBehavior": "upsert",
						"upsertSettings": {
							"useTempDB": true,
							"keys": [
								"balance_check_group_sk"
							]
						},
						"sqlWriterUseTableLock": false
					},
					"enableStaging": false,
					"translator": {
						"type": "TabularTranslator",
						"mappings": [
							{
								"source": {
									"name": "balance_check_group_sk",
									"type": "String",
									"physicalType": "String"
								},
								"sink": {
									"name": "balance_check_group_sk",
									"type": "Int32",
									"physicalType": "int"
								}
							},
							{
								"source": {
									"name": "balance_check_group_nm",
									"type": "String",
									"physicalType": "String"
								},
								"sink": {
									"name": "balance_check_group_nm",
									"type": "String",
									"physicalType": "varchar"
								}
							},
							{
								"source": {
									"name": "balance_check_group_nm_desc",
									"type": "String",
									"physicalType": "String"
								},
								"sink": {
									"name": "balance_check_group_nm_desc",
									"type": "String",
									"physicalType": "varchar"
								}
							}
						],
						"typeConversion": true,
						"typeConversionSettings": {
							"allowDataTruncation": true,
							"treatBooleanAsNumber": false
						}
					}
				},
				"inputs": [
					{
						"referenceName": "ds_adls_raw_file",
						"type": "DatasetReference",
						"parameters": {
							"dsPar_Container": {
								"value": "@pipeline().parameters.plnPar_SrcContainer",
								"type": "Expression"
							},
							"dsPar_Folder": {
								"value": "@pipeline().parameters.plnPar_SrcFolder",
								"type": "Expression"
							},
							"dsPar_File": {
								"value": "@pipeline().parameters.plnPar_SrcFile",
								"type": "Expression"
							},
							"dsPar_Delim": ","
						}
					}
				],
				"outputs": [
					{
						"referenceName": "ds_asqlmi_table_dynmc",
						"type": "DatasetReference",
						"parameters": {
							"dsPar_SchemaName": {
								"value": "@pipeline().parameters.plnPar_TgtSchema",
								"type": "Expression"
							},
							"dsPar_TableName": {
								"value": "@pipeline().parameters.plnPar_TgtTable",
								"type": "Expression"
							},
							"dsPar_ServerConnection": {
								"value": "@pipeline().parameters.plnPar_TgtConnectionStr",
								"type": "Expression"
							},
							"dsPar_DatabaseName": {
								"value": "@pipeline().parameters.pln_TgtDBName",
								"type": "Expression"
							}
						}
					}
				]
			}
		],
		"parameters": {
			"plnPar_SrcContainer": {
				"type": "string",
				"defaultValue": "balance-check"
			},
			"plnPar_SrcFolder": {
				"type": "string",
				"defaultValue": "BalanceCheckingFramework"
			},
			"plnPar_SrcFile": {
				"type": "string",
				"defaultValue": "balance_check_group.csv"
			},
			"plnPar_TgtSchema": {
				"type": "string",
				"defaultValue": "mgmt"
			},
			"plnPar_TgtTable": {
				"type": "string",
				"defaultValue": "balance_check_group"
			},
			"plnPar_TgtConnectionStr": {
				"type": "string",
				"defaultValue": "nw-edw-d-usw-mi.public.3dbc2ecfe1bf.database.windows.net,3342"
			},
			"pln_TgtDBName": {
				"type": "string",
				"defaultValue": "aw-validation-d-usw-sqldb"
			}
		},
		"folder": {
			"name": "Validation"
		},
		"annotations": [],
		"lastPublishTime": "2024-04-11T20:23:06Z"
	},
	"type": "Microsoft.DataFactory/factories/pipelines"
}