{
	"name": "pln_sch_ongoing_mr_02_load_trig_file",
	"properties": {
		"activities": [
			{
				"name": "get meta - file details",
				"type": "GetMetadata",
				"dependsOn": [],
				"policy": {
					"timeout": "7.00:00:00",
					"retry": 0,
					"retryIntervalInSeconds": 30,
					"secureOutput": false,
					"secureInput": false
				},
				"userProperties": [],
				"typeProperties": {
					"dataset": {
						"referenceName": "ds_adls_ext_file_edp",
						"type": "DatasetReference",
						"parameters": {
							"dsPar_EDP_File_Name": {
								"value": "@pipeline().parameters.plnPar_FileName",
								"type": "Expression"
							},
							"dsPar_EDP_Container_Name": {
								"value": "@pipeline().parameters.plnPar_ContainerName",
								"type": "Expression"
							},
							"dsPar_EDP_Folder_Name": {
								"value": "@pipeline().parameters.plnPar_FolderName",
								"type": "Expression"
							}
						}
					},
					"fieldList": [
						"contentMD5",
						"itemName",
						"lastModified",
						"size"
					],
					"storeSettings": {
						"type": "AzureBlobFSReadSettings",
						"recursive": true,
						"enablePartitionDiscovery": false
					},
					"formatSettings": {
						"type": "DelimitedTextReadSettings"
					}
				}
			},
			{
				"name": "lkp - get file status",
				"description": "lkp to get the file status from the tracking table, if it is already in the table",
				"type": "Lookup",
				"dependsOn": [
					{
						"activity": "get meta - file details",
						"dependencyConditions": [
							"Succeeded"
						]
					}
				],
				"policy": {
					"timeout": "7.00:00:00",
					"retry": 0,
					"retryIntervalInSeconds": 30,
					"secureOutput": false,
					"secureInput": false
				},
				"userProperties": [],
				"typeProperties": {
					"source": {
						"type": "AzureSqlSource",
						"sqlReaderQuery": {
							"value": "@concat('select t.dummy_cd, file_processed_status_cd \n\tfrom (select ''1'' as dummy_cd) t\n\tleft outer join mgmt.mr_trigger_file_log mtfl\n\ton 1=1\n\tand file_nm = '''\n    ,activity('get meta - file details').output.itemName\n    ,'''')",
							"type": "Expression"
						},
						"queryTimeout": "02:00:00",
						"partitionOption": "None"
					},
					"dataset": {
						"referenceName": "ds_asqldb_edw_table",
						"type": "DatasetReference",
						"parameters": {
							"dsPar_SchemaName": "mgmt",
							"dsPar_TableName": "mr_trigger_file_log"
						}
					}
				}
			},
			{
				"name": "Set - new work table status",
				"type": "SetVariable",
				"dependsOn": [
					{
						"activity": "lkp - get file status",
						"dependencyConditions": [
							"Succeeded"
						]
					}
				],
				"policy": {
					"secureOutput": false,
					"secureInput": false
				},
				"userProperties": [],
				"typeProperties": {
					"variableName": "plnVar_FileWorkTableStatus",
					"value": {
						"value": "@IF(lessOrEquals(int(substring(pipeline().parameters.plnPar_FileName,add(lastIndexOf(pipeline().parameters.plnPar_FileName,'_'),1),8)),pipeline().parameters.plnPar_MRLastSuccessRunDtInt)\n\n,IF(empty(activity('lkp - get file status').output.firstRow.file_processed_status_cd)\n\n,IF(pipeline().parameters.plnPar_ArchiveFlag,'REMOVED','IGNORED')\n\n,IF(and(pipeline().parameters.plnPar_ArchiveFlag,equals(activity('lkp - get file status').output.firstRow.file_processed_status_cd,'PROCESSED')),\n'ARCHIVED',activity('lkp - get file status').output.firstRow.file_processed_status_cd)\n)\n\n,IF(empty(activity('lkp - get file status').output.firstRow.file_processed_status_cd), 'QUEUED','NOCHANGE')\n\n)",
						"type": "Expression"
					}
				}
			},
			{
				"name": "lkp - insert log files in work table",
				"type": "Lookup",
				"dependsOn": [
					{
						"activity": "Set - new work table status",
						"dependencyConditions": [
							"Succeeded"
						]
					}
				],
				"policy": {
					"timeout": "7.00:00:00",
					"retry": 0,
					"retryIntervalInSeconds": 30,
					"secureOutput": false,
					"secureInput": false
				},
				"userProperties": [],
				"typeProperties": {
					"source": {
						"type": "AzureSqlSource",
						"sqlReaderQuery": {
							"value": "@concat(' if exists (select * from sys.all_objects obj ',\n\t\t\t\t' join sys.schemas sch ',\n\t\t\t\t' on obj.schema_id = sch.schema_id ',\n\t\t\t\t' and sch.name = ''work'' ',\n\t\t\t' where obj.name = ''mgmt_mr_trigger_file_log'' and obj.type = ''u'')\n  insert into work.mgmt_mr_trigger_file_log select convert(varchar(1024),'''\n  ,concat(pipeline().parameters.plnPar_ContainerName,'\\',\n\tpipeline().parameters.plnPar_FolderName), ''') as file_path_txt, ',\n\tpipeline().parameters.plnPar_MRTrigParam, \n\t' as mr_trigger_params_sk, convert(varchar(1024),'' ',\n    activity('get meta - file details').output.itemName, ' '') as file_nm, '' ',\n    pipeline().RunId, ' '' as schedule_task_application_run_id_txt, convert(varchar(1024),''',\n    activity('get meta - file details').output.lastModified, ''') as file_lastModified_utc_dt_txt,', \n    'substring(convert(varchar(64),DATEADD(hh,-8,convert(datetime,replace(substring(replace(trim(''', activity('get meta - file details').output.lastModified, '''),'' '', ''''),1,19),''T'','' ''))),121),1,19) as file_lastModified_pst_dt_txt,', \n    'DATEADD(hh,-8,convert(datetime,replace(substring(replace(trim(''', activity('get meta - file details').output.lastModified, '''),'' '', ''''),1,19),''T'','' ''))) as file_lastModified_pst_dt, convert(varchar(1024),'' ',\n\tactivity('get meta - file details').output.contentMD5, ' '') as contentMD5, ',\n    activity('get meta - file details').output.size, ' as file_size, ',\n    'convert(varchar(1024),''',variables('plnVar_FileWorkTableStatus'),''') as file_processed_status_cd ',\n    'else select convert(varchar(1024),''',\n    concat(pipeline().parameters.plnPar_ContainerName,'\\',\n    pipeline().parameters.plnPar_FolderName), ''') as file_path_txt, ',\n\tpipeline().parameters.plnPar_MRTrigParam, \n\t' as mr_trigger_params_sk, convert(varchar(1024),'' ',\n    activity('get meta - file details').output.itemName, ' '') as file_nm, '' ',\n    pipeline().RunId, ' '' as schedule_task_application_run_id_txt, convert(varchar(1024),''',\n    activity('get meta - file details').output.lastModified, ''') as file_lastModified_utc_dt_txt,', \n    'substring(convert(varchar(64),DATEADD(hh,-8,convert(datetime,replace(substring(replace(trim(''', activity('get meta - file details').output.lastModified, '''),'' '', ''''),1,19),''T'','' ''))),121),1,19) as file_lastModified_pst_dt_txt,', \n    'DATEADD(hh,-8,convert(datetime,replace(substring(replace(trim(''', activity('get meta - file details').output.lastModified, '''),'' '', ''''),1,19),''T'','' ''))) as file_lastModified_pst_dt, convert(varchar(1024),'' ',\n\tactivity('get meta - file details').output.contentMD5, ' '') as contentMD5, ',\n    activity('get meta - file details').output.size, ' as file_size, ',\n    'convert(varchar(1024),''',variables('plnVar_FileWorkTableStatus'),''') as file_processed_status_cd into work.mgmt_mr_trigger_file_log; ',\n    \n    ' select 1 as status_cd;')",
							"type": "Expression"
						},
						"queryTimeout": "02:00:00",
						"partitionOption": "None"
					},
					"dataset": {
						"referenceName": "ds_asqldb_edw_table",
						"type": "DatasetReference",
						"parameters": {
							"dsPar_SchemaName": "work",
							"dsPar_TableName": "mgmt_mr_trigger_files_log"
						}
					}
				}
			}
		],
		"parameters": {
			"plnPar_ContainerName": {
				"type": "string"
			},
			"plnPar_FolderName": {
				"type": "string"
			},
			"plnPar_FileName": {
				"type": "string"
			},
			"plnPar_ArchiveFlag": {
				"type": "bool"
			},
			"plnPar_MRLastSuccessRunDtInt": {
				"type": "int"
			},
			"plnPar_ArchivePath": {
				"type": "string"
			},
			"plnPar_MRTrigParam": {
				"type": "string"
			}
		},
		"variables": {
			"plnVar_FileWorkTableStatus": {
				"type": "String"
			}
		},
		"folder": {
			"name": "90 - Helper/MR Trigger File Load"
		},
		"annotations": [],
		"lastPublishTime": "2023-09-18T15:29:23Z"
	},
	"type": "Microsoft.DataFactory/factories/pipelines"
}