{
	"name": "pln_load_sftp_files",
	"properties": {
		"activities": [
			{
				"name": "SFTP data",
				"type": "Copy",
				"dependsOn": [],
				"policy": {
					"timeout": "0.12:00:00",
					"retry": 0,
					"retryIntervalInSeconds": 30,
					"secureOutput": false,
					"secureInput": false
				},
				"userProperties": [],
				"typeProperties": {
					"source": {
						"type": "BinarySource",
						"storeSettings": {
							"type": "SftpReadSettings",
							"recursive": true,
							"modifiedDatetimeStart": null,
							"modifiedDatetimeEnd": null,
							"wildcardFolderPath": "Inbound/EVE_Extract",
							"wildcardFileName": "*.txt",
							"deleteFilesAfterCompletion": false,
							"disableChunking": false
						},
						"formatSettings": {
							"type": "BinaryReadSettings"
						}
					},
					"sink": {
						"type": "BinarySink",
						"storeSettings": {
							"type": "AzureBlobFSWriteSettings"
						}
					},
					"enableStaging": false
				},
				"inputs": [
					{
						"referenceName": "sftp_files",
						"type": "DatasetReference"
					}
				],
				"outputs": [
					{
						"referenceName": "ds_adls_raw_binary",
						"type": "DatasetReference",
						"parameters": {
							"dsPar_Container": "test-sftp",
							"dsPar_Folder": {
								"value": "@concat('EVE_Extract','/',formatDateTime(utcnow(),'yyyy'),'/',formatDateTime(utcnow(),'MM'),'/',formatDateTime(utcnow(),'dd'))",
								"type": "Expression"
							}
						}
					}
				]
			}
		],
		"folder": {
			"name": "51 - Q2EVE Files"
		},
		"annotations": [],
		"lastPublishTime": "2024-11-04T07:15:24Z"
	},
	"type": "Microsoft.DataFactory/factories/pipelines"
}