{
	"name": "pln_run_task_ncino_fact_ongoing",
	"properties": {
		"activities": [
			{
				"name": "ForEach Task",
				"type": "ForEach",
				"dependsOn": [
					{
						"activity": "set var - tasks array",
						"dependencyConditions": [
							"Succeeded"
						]
					}
				],
				"userProperties": [],
				"typeProperties": {
					"items": {
						"value": "@variables('plnVar_TasksArray')",
						"type": "Expression"
					},
					"batchCount": 10,
					"activities": [
						{
							"name": "Switch - TaskType",
							"type": "Switch",
							"dependsOn": [
								{
									"activity": "lkp - get sch task run details pre run",
									"dependencyConditions": [
										"Succeeded"
									]
								}
							],
							"userProperties": [],
							"typeProperties": {
								"on": {
									"value": "@split(item(),',')[0]",
									"type": "Expression"
								},
								"cases": [
									{
										"value": "plnLoadnCinoFactActColatrl",
										"activities": [
											{
												"name": "exec - start task - pres ncino - fact acct collateral",
												"type": "ExecutePipeline",
												"dependsOn": [],
												"policy": {
													"secureInput": false
												},
												"userProperties": [],
												"typeProperties": {
													"pipeline": {
														"referenceName": "pln_orch_start_task",
														"type": "PipelineReference"
													},
													"waitOnCompletion": true,
													"parameters": {
														"plnPar_BatchName": {
															"value": "@pipeline().parameters.plnPar_BatchName",
															"type": "Expression"
														},
														"plnPar_PhaseName": {
															"value": "@pipeline().parameters.plnPar_PhaseName",
															"type": "Expression"
														},
														"plnPar_ScheduleName": {
															"value": "@pipeline().parameters.plnPar_ScheduleName",
															"type": "Expression"
														},
														"plnPar_TaskApplicationRunIdTxt": {
															"value": "@pipeline().RunId",
															"type": "Expression"
														},
														"plnPar_ScheduleTaskRunSk": {
															"value": "@split(item(),',')[1]",
															"type": "Expression"
														}
													}
												}
											},
											{
												"name": "exec - pln load - pres ncino - fact acct collateral",
												"type": "ExecutePipeline",
												"dependsOn": [
													{
														"activity": "exec - start task - pres ncino - fact acct collateral",
														"dependencyConditions": [
															"Succeeded"
														]
													}
												],
												"policy": {
													"secureInput": false
												},
												"userProperties": [],
												"typeProperties": {
													"pipeline": {
														"referenceName": "pln_load_fact_account_collateral",
														"type": "PipelineReference"
													},
													"waitOnCompletion": true,
													"parameters": {
														"plnPar_ScheduleTaskRunSk": {
															"value": "@int(split(item(),',')[1])",
															"type": "Expression"
														},
														"plnPar_ScheduleName": {
															"value": "@pipeline().parameters.plnPar_ScheduleName",
															"type": "Expression"
														},
														"plnPar_BatchName": {
															"value": "@pipeline().parameters.plnPar_BatchName",
															"type": "Expression"
														},
														"plnPar_PhaseName": {
															"value": "@pipeline().parameters.plnPar_PhaseName",
															"type": "Expression"
														},
														"plnPar_TgtTableNm": {
															"value": "@activity('lkp - get sch task run details pre run').output.firstRow.tgt_entity_nm",
															"type": "Expression"
														}
													}
												}
											}
										]
									},
									{
										"value": "plnLoadnCinoFactLoanColatrl",
										"activities": [
											{
												"name": "exec - start task - pres ncino - fact loan collateral",
												"type": "ExecutePipeline",
												"dependsOn": [],
												"policy": {
													"secureInput": false
												},
												"userProperties": [],
												"typeProperties": {
													"pipeline": {
														"referenceName": "pln_orch_start_task",
														"type": "PipelineReference"
													},
													"waitOnCompletion": true,
													"parameters": {
														"plnPar_BatchName": {
															"value": "@pipeline().parameters.plnPar_BatchName",
															"type": "Expression"
														},
														"plnPar_PhaseName": {
															"value": "@pipeline().parameters.plnPar_PhaseName",
															"type": "Expression"
														},
														"plnPar_ScheduleName": {
															"value": "@pipeline().parameters.plnPar_ScheduleName",
															"type": "Expression"
														},
														"plnPar_TaskApplicationRunIdTxt": {
															"value": "@pipeline().RunId",
															"type": "Expression"
														},
														"plnPar_ScheduleTaskRunSk": {
															"value": "@split(item(),',')[1]",
															"type": "Expression"
														}
													}
												}
											},
											{
												"name": "exec - pln load - pres ncino - fact loan collateral",
												"type": "ExecutePipeline",
												"dependsOn": [
													{
														"activity": "exec - start task - pres ncino - fact loan collateral",
														"dependencyConditions": [
															"Succeeded"
														]
													}
												],
												"policy": {
													"secureInput": false
												},
												"userProperties": [],
												"typeProperties": {
													"pipeline": {
														"referenceName": "pln_load_fact_loan_collateral",
														"type": "PipelineReference"
													},
													"waitOnCompletion": true,
													"parameters": {
														"plnPar_ScheduleTaskRunSk": {
															"value": "@int(split(item(),',')[1])",
															"type": "Expression"
														},
														"plnPar_ScheduleName": {
															"value": "@pipeline().parameters.plnPar_ScheduleName",
															"type": "Expression"
														},
														"plnPar_BatchName": {
															"value": "@pipeline().parameters.plnPar_BatchName",
															"type": "Expression"
														},
														"plnPar_PhaseName": {
															"value": "@pipeline().parameters.plnPar_PhaseName",
															"type": "Expression"
														},
														"plnPar_TgtTableNm": {
															"value": "@activity('lkp - get sch task run details pre run').output.firstRow.tgt_entity_nm",
															"type": "Expression"
														}
													}
												}
											}
										]
									},
									{
										"value": "plnLoadnCinoFactStkOwnrshp",
										"activities": [
											{
												"name": "exec - start task - pres ncino - fact stock ownership",
												"type": "ExecutePipeline",
												"dependsOn": [],
												"policy": {
													"secureInput": false
												},
												"userProperties": [],
												"typeProperties": {
													"pipeline": {
														"referenceName": "pln_orch_start_task",
														"type": "PipelineReference"
													},
													"waitOnCompletion": true,
													"parameters": {
														"plnPar_BatchName": {
															"value": "@pipeline().parameters.plnPar_BatchName",
															"type": "Expression"
														},
														"plnPar_PhaseName": {
															"value": "@pipeline().parameters.plnPar_PhaseName",
															"type": "Expression"
														},
														"plnPar_ScheduleName": {
															"value": "@pipeline().parameters.plnPar_ScheduleName",
															"type": "Expression"
														},
														"plnPar_TaskApplicationRunIdTxt": {
															"value": "@pipeline().RunId",
															"type": "Expression"
														},
														"plnPar_ScheduleTaskRunSk": {
															"value": "@split(item(),',')[1]",
															"type": "Expression"
														}
													}
												}
											},
											{
												"name": "exec - pln load - pres ncino - fact stock ownership",
												"type": "ExecutePipeline",
												"dependsOn": [
													{
														"activity": "exec - start task - pres ncino - fact stock ownership",
														"dependencyConditions": [
															"Succeeded"
														]
													}
												],
												"policy": {
													"secureInput": false
												},
												"userProperties": [],
												"typeProperties": {
													"pipeline": {
														"referenceName": "pln_load_fact_stock_ownership",
														"type": "PipelineReference"
													},
													"waitOnCompletion": true,
													"parameters": {
														"plnPar_ScheduleTaskRunSk": {
															"value": "@int(split(item(),',')[1])",
															"type": "Expression"
														},
														"plnPar_ScheduleName": {
															"value": "@pipeline().parameters.plnPar_ScheduleName",
															"type": "Expression"
														},
														"plnPar_BatchName": {
															"value": "@pipeline().parameters.plnPar_BatchName",
															"type": "Expression"
														},
														"plnPar_PhaseName": {
															"value": "@pipeline().parameters.plnPar_PhaseName",
															"type": "Expression"
														},
														"plnPar_TgtTableNm": {
															"value": "@activity('lkp - get sch task run details pre run').output.firstRow.tgt_entity_nm",
															"type": "Expression"
														}
													}
												}
											}
										]
									},
									{
										"value": "plnLoadnCinoFactStkOwnrshpChgTr",
										"activities": [
											{
												"name": "exec - start task - pres ncino - fact stockown chng trk",
												"type": "ExecutePipeline",
												"dependsOn": [],
												"policy": {
													"secureInput": false
												},
												"userProperties": [],
												"typeProperties": {
													"pipeline": {
														"referenceName": "pln_orch_start_task",
														"type": "PipelineReference"
													},
													"waitOnCompletion": true,
													"parameters": {
														"plnPar_BatchName": {
															"value": "@pipeline().parameters.plnPar_BatchName",
															"type": "Expression"
														},
														"plnPar_PhaseName": {
															"value": "@pipeline().parameters.plnPar_PhaseName",
															"type": "Expression"
														},
														"plnPar_ScheduleName": {
															"value": "@pipeline().parameters.plnPar_ScheduleName",
															"type": "Expression"
														},
														"plnPar_TaskApplicationRunIdTxt": {
															"value": "@pipeline().RunId",
															"type": "Expression"
														},
														"plnPar_ScheduleTaskRunSk": {
															"value": "@split(item(),',')[1]",
															"type": "Expression"
														}
													}
												}
											},
											{
												"name": "exec - pln load - pres ncino - fact stockown chng trk",
												"type": "ExecutePipeline",
												"dependsOn": [
													{
														"activity": "exec - start task - pres ncino - fact stockown chng trk",
														"dependencyConditions": [
															"Succeeded"
														]
													}
												],
												"policy": {
													"secureInput": false
												},
												"userProperties": [],
												"typeProperties": {
													"pipeline": {
														"referenceName": "pln_load_fact_stock_ownership_change_tracking",
														"type": "PipelineReference"
													},
													"waitOnCompletion": true,
													"parameters": {
														"plnPar_ScheduleTaskRunSk": {
															"value": "@int(split(item(),',')[1])",
															"type": "Expression"
														},
														"plnPar_ScheduleName": {
															"value": "@pipeline().parameters.plnPar_ScheduleName",
															"type": "Expression"
														},
														"plnPar_BatchName": {
															"value": "@pipeline().parameters.plnPar_BatchName",
															"type": "Expression"
														},
														"plnPar_PhaseName": {
															"value": "@pipeline().parameters.plnPar_PhaseName",
															"type": "Expression"
														},
														"plnPar_TgtTableNm": {
															"value": "@activity('lkp - get sch task run details pre run').output.firstRow.tgt_entity_nm",
															"type": "Expression"
														}
													}
												}
											}
										]
									},
									{
										"value": "plnLoadnCinoFactApprslReqDtl",
										"activities": [
											{
												"name": "exec - start task - pres ncino - fact apprsl reqst dtl",
												"type": "ExecutePipeline",
												"dependsOn": [],
												"policy": {
													"secureInput": false
												},
												"userProperties": [],
												"typeProperties": {
													"pipeline": {
														"referenceName": "pln_orch_start_task",
														"type": "PipelineReference"
													},
													"waitOnCompletion": true,
													"parameters": {
														"plnPar_BatchName": {
															"value": "@pipeline().parameters.plnPar_BatchName",
															"type": "Expression"
														},
														"plnPar_PhaseName": {
															"value": "@pipeline().parameters.plnPar_PhaseName",
															"type": "Expression"
														},
														"plnPar_ScheduleName": {
															"value": "@pipeline().parameters.plnPar_ScheduleName",
															"type": "Expression"
														},
														"plnPar_TaskApplicationRunIdTxt": {
															"value": "@pipeline().RunId",
															"type": "Expression"
														},
														"plnPar_ScheduleTaskRunSk": {
															"value": "@split(item(),',')[1]",
															"type": "Expression"
														}
													}
												}
											},
											{
												"name": "exec - pln load - pres ncino - fact apprsl reqst dtl",
												"type": "ExecutePipeline",
												"dependsOn": [
													{
														"activity": "exec - start task - pres ncino - fact apprsl reqst dtl",
														"dependencyConditions": [
															"Succeeded"
														]
													}
												],
												"policy": {
													"secureInput": false
												},
												"userProperties": [],
												"typeProperties": {
													"pipeline": {
														"referenceName": "pln_load_fact_appraisal_request_detail",
														"type": "PipelineReference"
													},
													"waitOnCompletion": true,
													"parameters": {
														"plnPar_ScheduleTaskRunSk": {
															"value": "@int(split(item(),',')[1])",
															"type": "Expression"
														},
														"plnPar_ScheduleName": {
															"value": "@pipeline().parameters.plnPar_ScheduleName",
															"type": "Expression"
														},
														"plnPar_BatchName": {
															"value": "@pipeline().parameters.plnPar_BatchName",
															"type": "Expression"
														},
														"plnPar_PhaseName": {
															"value": "@pipeline().parameters.plnPar_PhaseName",
															"type": "Expression"
														},
														"plnPar_TgtTableNm": {
															"value": "@activity('lkp - get sch task run details pre run').output.firstRow.tgt_entity_nm",
															"type": "Expression"
														}
													}
												}
											}
										]
									},
									{
										"value": "plnLoadnCinoFactLoanBrwngStr",
										"activities": [
											{
												"name": "exec - start task - pres ncino - fact ln brrwng strctr",
												"type": "ExecutePipeline",
												"dependsOn": [],
												"policy": {
													"secureInput": false
												},
												"userProperties": [],
												"typeProperties": {
													"pipeline": {
														"referenceName": "pln_orch_start_task",
														"type": "PipelineReference"
													},
													"waitOnCompletion": true,
													"parameters": {
														"plnPar_BatchName": {
															"value": "@pipeline().parameters.plnPar_BatchName",
															"type": "Expression"
														},
														"plnPar_PhaseName": {
															"value": "@pipeline().parameters.plnPar_PhaseName",
															"type": "Expression"
														},
														"plnPar_ScheduleName": {
															"value": "@pipeline().parameters.plnPar_ScheduleName",
															"type": "Expression"
														},
														"plnPar_TaskApplicationRunIdTxt": {
															"value": "@pipeline().RunId",
															"type": "Expression"
														},
														"plnPar_ScheduleTaskRunSk": {
															"value": "@split(item(),',')[1]",
															"type": "Expression"
														}
													}
												}
											},
											{
												"name": "exec - pln load - pres ncino - fact ln brrwng strctr",
												"type": "ExecutePipeline",
												"dependsOn": [
													{
														"activity": "exec - start task - pres ncino - fact ln brrwng strctr",
														"dependencyConditions": [
															"Succeeded"
														]
													}
												],
												"policy": {
													"secureInput": false
												},
												"userProperties": [],
												"typeProperties": {
													"pipeline": {
														"referenceName": "pln_load_fact_loan_borrowing_structure",
														"type": "PipelineReference"
													},
													"waitOnCompletion": true,
													"parameters": {
														"plnPar_ScheduleTaskRunSk": {
															"value": "@int(split(item(),',')[1])",
															"type": "Expression"
														},
														"plnPar_ScheduleName": {
															"value": "@pipeline().parameters.plnPar_ScheduleName",
															"type": "Expression"
														},
														"plnPar_BatchName": {
															"value": "@pipeline().parameters.plnPar_BatchName",
															"type": "Expression"
														},
														"plnPar_PhaseName": {
															"value": "@pipeline().parameters.plnPar_PhaseName",
															"type": "Expression"
														},
														"plnPar_TgtTableNm": {
															"value": "@activity('lkp - get sch task run details pre run').output.firstRow.tgt_entity_nm",
															"type": "Expression"
														}
													}
												}
											}
										]
									}
								]
							}
						},
						{
							"name": "If sch task not FAILED  - switch success",
							"type": "IfCondition",
							"dependsOn": [
								{
									"activity": "lkp - get sch task run details post run - success",
									"dependencyConditions": [
										"Succeeded"
									]
								}
							],
							"userProperties": [],
							"typeProperties": {
								"expression": {
									"value": "@if(equals(activity('lkp - get sch task run details post run - success').output.firstRow.schedule_task_run_status_cd,'FAILED'),False,True)",
									"type": "Expression"
								},
								"ifFalseActivities": [
									{
										"name": "exec - end phase post task run - fail - switch success",
										"type": "ExecutePipeline",
										"dependsOn": [
											{
												"activity": "exec - end task post run - failed - switch success",
												"dependencyConditions": [
													"Succeeded"
												]
											}
										],
										"policy": {
											"secureInput": false
										},
										"userProperties": [],
										"typeProperties": {
											"pipeline": {
												"referenceName": "pln_orch_end_phase",
												"type": "PipelineReference"
											},
											"waitOnCompletion": true,
											"parameters": {
												"plnPar_BatchName": {
													"value": "@pipeline().parameters.plnPar_BatchName\n",
													"type": "Expression"
												},
												"plnPar_PhaseName": {
													"value": "@pipeline().parameters.plnPar_PhaseName",
													"type": "Expression"
												},
												"plnPar_PhaseRunStatusCd": "FAILED"
											}
										}
									},
									{
										"name": "exec - end task post run - failed - switch success",
										"type": "ExecutePipeline",
										"dependsOn": [],
										"policy": {
											"secureInput": false
										},
										"userProperties": [],
										"typeProperties": {
											"pipeline": {
												"referenceName": "pln_orch_end_task",
												"type": "PipelineReference"
											},
											"waitOnCompletion": true,
											"parameters": {
												"plnPar_TaskApplicationRunIdTxt": {
													"value": "@pipeline().RunId",
													"type": "Expression"
												},
												"plnPar_TaskRunStatusCd": "FAILED",
												"plnPar_ScheduleTaskRunSk": {
													"value": "@activity('lkp - get sch task run details post run - success').output.firstRow.schedule_task_run_sk",
													"type": "Expression"
												}
											}
										}
									}
								],
								"ifTrueActivities": [
									{
										"name": "exec - end task post run - succeeded",
										"type": "ExecutePipeline",
										"dependsOn": [],
										"policy": {
											"secureInput": false
										},
										"userProperties": [],
										"typeProperties": {
											"pipeline": {
												"referenceName": "pln_orch_end_task",
												"type": "PipelineReference"
											},
											"waitOnCompletion": true,
											"parameters": {
												"plnPar_TaskApplicationRunIdTxt": {
													"value": "@pipeline().RunId",
													"type": "Expression"
												},
												"plnPar_ScheduleTaskRunSk": {
													"value": "@activity('lkp - get sch task run details post run - success').output.firstRow.schedule_task_run_sk",
													"type": "Expression"
												}
											}
										}
									}
								]
							}
						},
						{
							"name": "lkp - get sch task run details post run - success",
							"type": "Lookup",
							"dependsOn": [
								{
									"activity": "Switch - TaskType",
									"dependencyConditions": [
										"Succeeded"
									]
								}
							],
							"policy": {
								"timeout": "7.00:00:00",
								"retry": 0,
								"retryIntervalInSeconds": 30,
								"secureOutput": false,
								"secureInput": false
							},
							"userProperties": [],
							"typeProperties": {
								"source": {
									"type": "AzureSqlSource",
									"sqlReaderStoredProcedureName": "[mgmt].[usp_get_schedule_task_run_details]",
									"storedProcedureParameters": {
										"in_ScheduleTaskRunSk": {
											"type": "Int64",
											"value": {
												"value": "@int(split(item(),',')[1])",
												"type": "Expression"
											}
										}
									},
									"queryTimeout": "02:00:00",
									"partitionOption": "None"
								},
								"dataset": {
									"referenceName": "ds_asqldb_edw_table",
									"type": "DatasetReference",
									"parameters": {
										"dsPar_SchemaName": "mgmt",
										"dsPar_TableName": "batch"
									}
								}
							}
						},
						{
							"name": "lkp - get sch task run details pre run",
							"type": "Lookup",
							"dependsOn": [],
							"policy": {
								"timeout": "7.00:00:00",
								"retry": 0,
								"retryIntervalInSeconds": 30,
								"secureOutput": false,
								"secureInput": false
							},
							"userProperties": [],
							"typeProperties": {
								"source": {
									"type": "AzureSqlSource",
									"sqlReaderStoredProcedureName": "[mgmt].[usp_get_schedule_task_run_details]",
									"storedProcedureParameters": {
										"in_ScheduleTaskRunSk": {
											"type": "Int64",
											"value": {
												"value": "@int(split(item(),',')[1])",
												"type": "Expression"
											}
										}
									},
									"queryTimeout": "02:00:00",
									"partitionOption": "None"
								},
								"dataset": {
									"referenceName": "ds_asqldb_edw_table",
									"type": "DatasetReference",
									"parameters": {
										"dsPar_SchemaName": "mgmt",
										"dsPar_TableName": "batch"
									}
								}
							}
						},
						{
							"name": "exec - end phase post task run - fail - switch fail",
							"type": "ExecutePipeline",
							"dependsOn": [
								{
									"activity": "exec - end task post run - failed - switch fail",
									"dependencyConditions": [
										"Succeeded"
									]
								}
							],
							"policy": {
								"secureInput": false
							},
							"userProperties": [],
							"typeProperties": {
								"pipeline": {
									"referenceName": "pln_orch_end_phase",
									"type": "PipelineReference"
								},
								"waitOnCompletion": true,
								"parameters": {
									"plnPar_BatchName": {
										"value": "@pipeline().parameters.plnPar_BatchName\n",
										"type": "Expression"
									},
									"plnPar_PhaseName": {
										"value": "@pipeline().parameters.plnPar_PhaseName",
										"type": "Expression"
									},
									"plnPar_PhaseRunStatusCd": "FAILED"
								}
							}
						},
						{
							"name": "exec - end task post run - failed - switch fail",
							"type": "ExecutePipeline",
							"dependsOn": [
								{
									"activity": "Switch - TaskType",
									"dependencyConditions": [
										"Failed"
									]
								}
							],
							"policy": {
								"secureInput": false
							},
							"userProperties": [],
							"typeProperties": {
								"pipeline": {
									"referenceName": "pln_orch_end_task",
									"type": "PipelineReference"
								},
								"waitOnCompletion": true,
								"parameters": {
									"plnPar_TaskApplicationRunIdTxt": {
										"value": "@pipeline().RunId",
										"type": "Expression"
									},
									"plnPar_TaskRunStatusCd": "FAILED",
									"plnPar_ScheduleTaskRunSk": {
										"value": "@activity('lkp - get sch task run details pre run').output.firstRow.schedule_task_run_sk",
										"type": "Expression"
									}
								}
							}
						}
					]
				}
			},
			{
				"name": "set var - tasks array",
				"type": "SetVariable",
				"dependsOn": [],
				"policy": {
					"secureOutput": false,
					"secureInput": false
				},
				"userProperties": [],
				"typeProperties": {
					"variableName": "plnVar_TasksArray",
					"value": {
						"value": "@split(pipeline().parameters.plnPar_TaskDetails,'*')",
						"type": "Expression"
					}
				}
			}
		],
		"parameters": {
			"plnPar_ScheduleName": {
				"type": "string",
				"defaultValue": "EDW_Daily"
			},
			"plnPar_BatchName": {
				"type": "string",
				"defaultValue": "MR_Staging_Daily"
			},
			"plnPar_PhaseName": {
				"type": "string",
				"defaultValue": "Stage"
			},
			"plnPar_ScheduleRunDate": {
				"type": "string",
				"defaultValue": "2021-06-10"
			},
			"plnPar_TaskDetails": {
				"type": "string",
				"defaultValue": "pln_stg_raw_to_land_full,27*pln_stg_raw_to_land_full,28"
			}
		},
		"variables": {
			"plnVar_TaskRunDetails": {
				"type": "String"
			},
			"plnVar_TasksArray": {
				"type": "Array"
			},
			"plnVar_test1": {
				"type": "String"
			},
			"plnVar_test2": {
				"type": "String"
			}
		},
		"folder": {
			"name": "11 - Orchestration"
		},
		"annotations": [],
		"lastPublishTime": "2022-09-06T14:47:16Z"
	},
	"type": "Microsoft.DataFactory/factories/pipelines"
}