{
	"name": "pln_orch_end_phase_arcgis",
	"properties": {
		"description": "marks a specific phase as ended in the abc metadata",
		"activities": [
			{
				"name": "sp End Phase Run",
				"type": "SqlServerStoredProcedure",
				"dependsOn": [],
				"policy": {
					"timeout": "7.00:00:00",
					"retry": 0,
					"retryIntervalInSeconds": 30,
					"secureOutput": false,
					"secureInput": false
				},
				"userProperties": [],
				"typeProperties": {
					"storedProcedureName": "[meta_arcgis].[usp_end_phase_run]",
					"storedProcedureParameters": {
						"in_batchName": {
							"value": {
								"value": "@pipeline().parameters.plnPar_BatchName",
								"type": "Expression"
							},
							"type": "String"
						},
						"in_PhaseName": {
							"value": {
								"value": "@pipeline().parameters.plnPar_PhaseName",
								"type": "Expression"
							},
							"type": "String"
						},
						"in_PhaseRunStatusCd": {
							"value": {
								"value": "@pipeline().parameters.plnPar_PhaseRunStatusCd",
								"type": "Expression"
							},
							"type": "String"
						}
					}
				},
				"linkedServiceName": {
					"referenceName": "lnks_arcgis_asqlmi_nwedw",
					"type": "LinkedServiceReference"
				}
			}
		],
		"parameters": {
			"plnPar_BatchName": {
				"type": "string",
				"defaultValue": "MR Daily"
			},
			"plnPar_PhaseName": {
				"type": "string",
				"defaultValue": "Stage"
			},
			"plnPar_PhaseRunStatusCd": {
				"type": "string",
				"defaultValue": "COMPLETE"
			}
		},
		"folder": {
			"name": "ArcGIS Land and Stage/Orchestration"
		},
		"annotations": [],
		"lastPublishTime": "2024-01-10T16:52:05Z"
	},
	"type": "Microsoft.DataFactory/factories/pipelines"
}