{
	"name": "df_get_MPCILivestockRiskProtection",
	"properties": {
		"folder": {
			"name": "AgencyRoot"
		},
		"type": "MappingDataFlow",
		"typeProperties": {
			"sources": [
				{
					"dataset": {
						"referenceName": "ds_adls_raw_json_p14_p17",
						"type": "DatasetReference"
					},
					"name": "AgencyRootSource"
				}
			],
			"sinks": [
				{
					"dataset": {
						"referenceName": "ds_asqldb_edw_table",
						"type": "DatasetReference"
					},
					"name": "sink1"
				}
			],
			"transformations": [
				{
					"name": "flatten1",
					"description": "Unrolling arrays"
				},
				{
					"name": "derivedColumn1"
				}
			],
			"scriptLines": [
				"parameters{",
				"     record_create_process_run_sk as integer (100),",
				"     record_create_ts as timestamp (currentUTC()),",
				"     src_file_nm as string",
				"}",
				"source(output(",
				"          data as (p14InsuranceInForceRecords as (nodes as (aipCode as string, aipInsuranceInForceKey as integer, aipPolicyProducerKey as integer, p17LivestockRiskProtectionRecords as (aipLiabilityAmount as integer, aipSubsidyAmount as short, aipTotalPremiumAmount as short, aiplrpPremiumKey as integer, headCount as short)[], reinsuranceYear as short)[], pageInfo as (endCursor as string, hasNextPage as boolean, startCursor as string)))",
				"     ),",
				"     allowSchemaDrift: true,",
				"     validateSchema: false,",
				"     ignoreNoFilesFound: false,",
				"     documentForm: 'documentPerLine') ~> AgencyRootSource",
				"derivedColumn1 foldDown(unrollMultiple(data.p14InsuranceInForceRecords.nodes,data.p14InsuranceInForceRecords.nodes.p17LivestockRiskProtectionRecords),",
				"     mapColumn(",
				"          aipInsuranceInForceKey = data.p14InsuranceInForceRecords.nodes.aipInsuranceInForceKey,",
				"          aipPolicyProducerKey = data.p14InsuranceInForceRecords.nodes.aipPolicyProducerKey,",
				"          reinsuranceYear = data.p14InsuranceInForceRecords.nodes.reinsuranceYear,",
				"          aipCode = data.p14InsuranceInForceRecords.nodes.aipCode,",
				"          aiplrpPremiumKey = data.p14InsuranceInForceRecords.nodes.p17LivestockRiskProtectionRecords.aiplrpPremiumKey,",
				"          aipLiabilityAmount = data.p14InsuranceInForceRecords.nodes.p17LivestockRiskProtectionRecords.aipLiabilityAmount,",
				"          aipSubsidyAmount = data.p14InsuranceInForceRecords.nodes.p17LivestockRiskProtectionRecords.aipSubsidyAmount,",
				"          aipTotalPremiumAmount = data.p14InsuranceInForceRecords.nodes.p17LivestockRiskProtectionRecords.aipTotalPremiumAmount,",
				"          headCount = data.p14InsuranceInForceRecords.nodes.p17LivestockRiskProtectionRecords.headCount,",
				"          startCursor = data.p14InsuranceInForceRecords.pageInfo.startCursor,",
				"          endCursor = data.p14InsuranceInForceRecords.pageInfo.endCursor,",
				"          hasNextPage = data.p14InsuranceInForceRecords.pageInfo.hasNextPage,",
				"          record_create_process_run_sk,",
				"          record_create_ts,",
				"          src_file_nm",
				"     ),",
				"     skipDuplicateMapInputs: false,",
				"     skipDuplicateMapOutputs: false) ~> flatten1",
				"AgencyRootSource derive(record_create_process_run_sk = $record_create_process_run_sk,",
				"          record_create_ts = $record_create_ts,",
				"          src_file_nm = $src_file_nm) ~> derivedColumn1",
				"flatten1 sink(allowSchemaDrift: true,",
				"     validateSchema: false,",
				"     deletable:false,",
				"     insertable:true,",
				"     updateable:false,",
				"     upsertable:false,",
				"     format: 'table',",
				"     skipDuplicateMapInputs: true,",
				"     skipDuplicateMapOutputs: true,",
				"     errorHandlingOption: 'stopOnFirstError') ~> sink1"
			]
		}
	}
}