{
	"name": "df_get_MPCILivestockGrossMargin",
	"properties": {
		"folder": {
			"name": "AgencyRoot"
		},
		"type": "MappingDataFlow",
		"typeProperties": {
			"sources": [
				{
					"dataset": {
						"referenceName": "ds_adls_raw_json_p14_p16",
						"type": "DatasetReference"
					},
					"name": "AgencyRootSource"
				}
			],
			"sinks": [
				{
					"dataset": {
						"referenceName": "ds_asqldb_edw_table",
						"type": "DatasetReference"
					},
					"name": "sink1"
				}
			],
			"transformations": [
				{
					"name": "flatten1",
					"description": "Unrolling arrays"
				},
				{
					"name": "derivedColumn1"
				}
			],
			"scriptLines": [
				"parameters{",
				"     record_create_process_run_sk as integer (100),",
				"     record_create_ts as timestamp (currentUTC()),",
				"     src_file_nm as string",
				"}",
				"source(output(",
				"          data as (p14InsuranceInForceRecords as (nodes as (aipInsuranceInForceKey as string, aipPolicyProducerKey as string, reinsuranceYear as integer, aipCode as string, p16LivestockGrossMarginPremiumRecords as (aiplgmPremiumKey as string, aipLiabilityAmount as integer, aipSubsidyAmount as integer, aipTotalPremiumAmount as integer)[])[], pageInfo as (startCursor as string, endCursor as string, hasNextPage as boolean)))",
				"     ),",
				"     allowSchemaDrift: true,",
				"     validateSchema: false,",
				"     ignoreNoFilesFound: false,",
				"     documentForm: 'documentPerLine') ~> AgencyRootSource",
				"derivedColumn1 foldDown(unrollMultiple(data.p14InsuranceInForceRecords.nodes,data.p14InsuranceInForceRecords.nodes.p16LivestockGrossMarginPremiumRecords),",
				"     mapColumn(",
				"          aipInsuranceInForceKey = data.p14InsuranceInForceRecords.nodes.aipInsuranceInForceKey,",
				"          aipPolicyProducerKey = data.p14InsuranceInForceRecords.nodes.aipPolicyProducerKey,",
				"          reinsuranceYear = data.p14InsuranceInForceRecords.nodes.reinsuranceYear,",
				"          aipCode = data.p14InsuranceInForceRecords.nodes.aipCode,",
				"          aiplgmPremiumKey = data.p14InsuranceInForceRecords.nodes.p16LivestockGrossMarginPremiumRecords.aiplgmPremiumKey,",
				"          aipLiabilityAmount = data.p14InsuranceInForceRecords.nodes.p16LivestockGrossMarginPremiumRecords.aipLiabilityAmount,",
				"          aipSubsidyAmount = data.p14InsuranceInForceRecords.nodes.p16LivestockGrossMarginPremiumRecords.aipSubsidyAmount,",
				"          aipTotalPremiumAmount = data.p14InsuranceInForceRecords.nodes.p16LivestockGrossMarginPremiumRecords.aipTotalPremiumAmount,",
				"          startCursor = data.p14InsuranceInForceRecords.pageInfo.startCursor,",
				"          endCursor = data.p14InsuranceInForceRecords.pageInfo.endCursor,",
				"          hasNextPage = data.p14InsuranceInForceRecords.pageInfo.hasNextPage,",
				"          record_create_process_run_sk,",
				"          record_create_ts,",
				"          src_file_nm",
				"     ),",
				"     skipDuplicateMapInputs: false,",
				"     skipDuplicateMapOutputs: false) ~> flatten1",
				"AgencyRootSource derive(record_create_process_run_sk = $record_create_process_run_sk,",
				"          record_create_ts = $record_create_ts,",
				"          src_file_nm = $src_file_nm) ~> derivedColumn1",
				"flatten1 sink(allowSchemaDrift: true,",
				"     validateSchema: false,",
				"     deletable:false,",
				"     insertable:true,",
				"     updateable:false,",
				"     upsertable:false,",
				"     format: 'table',",
				"     skipDuplicateMapInputs: true,",
				"     skipDuplicateMapOutputs: true,",
				"     errorHandlingOption: 'stopOnFirstError') ~> sink1"
			]
		}
	}
}