{
	"name": "df_load_arcgis_taxassessor_old",
	"properties": {
		"folder": {
			"name": "ArcGIS"
		},
		"type": "MappingDataFlow",
		"typeProperties": {
			"sources": [
				{
					"linkedService": {
						"referenceName": "lnks_edw_adls_rawstor",
						"type": "LinkedServiceReference"
					},
					"name": "sourceFile"
				}
			],
			"sinks": [
				{
					"linkedService": {
						"referenceName": "lnks_arcgis_asqldb_nwedw",
						"type": "LinkedServiceReference"
					},
					"name": "sinkDB"
				}
			],
			"transformations": [
				{
					"name": "derivedColumns"
				}
			],
			"scriptLines": [
				"parameters{",
				"     dfPar_SrcContainer as string ('raw-arcgis'),",
				"     dfPar_SrcFolder as string ('parcels/unzipped/NORTHWEST_FARM_CREDIT_SERVICES_ADDON_TAXASSESSOR_0001_001.zip'),",
				"     dfPar_SrcFile as string ('NORTHWEST_FARM_CREDIT_SERVICES_ADDON_TAXASSESSOR_0001_001.txt'),",
				"     dfPar_TgtSchema as string ('work_dev'),",
				"     dfPar_TgtTable as string ('work_taxassessor'),",
				"     dfPar_SrcDelimiter as string ('\\t'),",
				"     dfPar_LoadOrder as string ('202306260001001'),",
				"     dfPar_ErrFolder as string ('parcels/bad_record_taxassessor')",
				"}",
				"source(output(",
				"          {[ATTOM ID]} as integer,",
				"          SitusStateCode as string,",
				"          SitusCounty as string,",
				"          PropertyJurisdictionName as string,",
				"          SitusStateCountyFIPS as integer,",
				"          CombinedStatisticalArea as string,",
				"          CBSAName as string,",
				"          CBSACode as integer,",
				"          MSAName as string,",
				"          MSACode as integer,",
				"          MetropolitanDivision as string,",
				"          MinorCivilDivisionName as string,",
				"          MinorCivilDivisionCode as integer,",
				"          NeighborhoodCode as string,",
				"          CensusFIPSPlaceCode as integer,",
				"          CensusTract as integer,",
				"          CensusBlockGroup as short,",
				"          CensusBlock as short,",
				"          ParcelNumberRaw as string,",
				"          ParcelNumberFormatted as long,",
				"          ParcelNumberYearAdded as short,",
				"          ParcelNumberAlternate as integer,",
				"          ParcelMapBook as string,",
				"          ParcelMapPage as string,",
				"          ParcelNumberYearChange as short,",
				"          ParcelNumberPrevious as string,",
				"          ParcelAccountNumber as string,",
				"          PropertyAddressFull as string,",
				"          PropertyAddressHouseNumber as integer,",
				"          PropertyAddressStreetDirection as string,",
				"          PropertyAddressStreetName as string,",
				"          PropertyAddressStreetSuffix as string,",
				"          PropertyAddressStreetPostDirection as string,",
				"          PropertyAddressUnitPrefix as string,",
				"          PropertyAddressUnitValue as string,",
				"          PropertyAddressCity as string,",
				"          PropertyAddressState as string,",
				"          PropertyAddressZIP as integer,",
				"          PropertyAddressZIP4 as short,",
				"          PropertyAddressCRRT as string,",
				"          PropertyAddressInfoPrivacy as string,",
				"          CongressionalDistrictHouse as short,",
				"          PropertyLatitude as double,",
				"          PropertyLongitude as double,",
				"          GeoQuality as boolean,",
				"          LegalDescription as string,",
				"          LegalRange as string,",
				"          LegalTownship as string,",
				"          LegalSection as short,",
				"          LegalQuarter as string,",
				"          LegalQuarterQuarter as string,",
				"          LegalSubdivision as string,",
				"          LegalPhase as string,",
				"          LegalTractNumber as string,",
				"          LegalBlock1 as string,",
				"          LegalBlock2 as string,",
				"          LegalLotNumber1 as string,",
				"          LegalLotNumber2 as short,",
				"          LegalLotNumber3 as string,",
				"          LegalUnit as short,",
				"          PartyOwner1NameFull as string,",
				"          PartyOwner1NameFirst as string,",
				"          PartyOwner1NameMiddle as string,",
				"          PartyOwner1NameLast as string,",
				"          PartyOwner1NameSuffix as string,",
				"          TrustDescription as string,",
				"          CompanyFlag as boolean,",
				"          PartyOwner2NameFull as string,",
				"          PartyOwner2NameFirst as string,",
				"          PartyOwner2NameMiddle as string,",
				"          PartyOwner2NameLast as string,",
				"          PartyOwner2NameSuffix as string,",
				"          OwnerTypeDescription1 as string,",
				"          OwnershipVestingRelationCode as string,",
				"          PartyOwner3NameFull as string,",
				"          PartyOwner3NameFirst as string,",
				"          PartyOwner3NameMiddle as string,",
				"          PartyOwner3NameLast as string,",
				"          PartyOwner3NameSuffix as string,",
				"          PartyOwner4NameFull as string,",
				"          PartyOwner4NameFirst as string,",
				"          PartyOwner4NameMiddle as string,",
				"          PartyOwner4NameLast as string,",
				"          PartyOwner4NameSuffix as string,",
				"          OwnerTypeDescription2 as string,",
				"          ContactOwnerMailingCounty as string,",
				"          ContactOwnerMailingFIPS as integer,",
				"          ContactOwnerMailAddressFull as string,",
				"          ContactOwnerMailAddressHouseNumber as string,",
				"          ContactOwnerMailAddressStreetDirection as string,",
				"          ContactOwnerMailAddressStreetName as string,",
				"          ContactOwnerMailAddressStreetSuffix as string,",
				"          ContactOwnerMailAddressStreetPostDirection as string,",
				"          ContactOwnerMailAddressUnitPrefix as string,",
				"          ContactOwnerMailAddressUnit as string,",
				"          ContactOwnerMailAddressCity as string,",
				"          ContactOwnerMailAddressState as string,",
				"          ContactOwnerMailAddressZIP as integer,",
				"          ContactOwnerMailAddressZIP4 as short,",
				"          ContactOwnerMailAddressCRRT as string,",
				"          ContactOwnerMailAddressInfoFormat as string,",
				"          ContactOwnerMailInfoPrivacy as string,",
				"          StatusOwnerOccupiedFlag as boolean,",
				"          DeedOwner1NameFull as string,",
				"          DeedOwner1NameFirst as string,",
				"          DeedOwner1NameMiddle as string,",
				"          DeedOwner1NameLast as string,",
				"          DeedOwner1NameSuffix as string,",
				"          DeedOwner2NameFull as string,",
				"          DeedOwner2NameFirst as string,",
				"          DeedOwner2NameMiddle as string,",
				"          DeedOwner2NameLast as string,",
				"          DeedOwner2NameSuffix as string,",
				"          DeedOwner3NameFull as string,",
				"          DeedOwner3NameFirst as string,",
				"          DeedOwner3NameMiddle as string,",
				"          DeedOwner3NameLast as string,",
				"          DeedOwner3NameSuffix as string,",
				"          DeedOwner4NameFull as string,",
				"          DeedOwner4NameFirst as string,",
				"          DeedOwner4NameMiddle as string,",
				"          DeedOwner4NameLast as string,",
				"          DeedOwner4NameSuffix as string,",
				"          TaxYearAssessed as short,",
				"          TaxAssessedValueTotal as integer,",
				"          TaxAssessedValueImprovements as integer,",
				"          TaxAssessedValueLand as integer,",
				"          TaxAssessedImprovementsPerc as double,",
				"          PreviousAssessedValue as integer,",
				"          TaxMarketValueYear as short,",
				"          TaxMarketValueTotal as integer,",
				"          TaxMarketValueImprovements as integer,",
				"          TaxMarketValueLand as integer,",
				"          TaxMarketImprovementsPerc as double,",
				"          TaxFiscalYear as short,",
				"          TaxRateArea as string,",
				"          TaxBilledAmount as double,",
				"          TaxDelinquentYear as short,",
				"          LastAssessorTaxRollUpdate as date,",
				"          AssrLastUpdated as date,",
				"          TaxExemptionHomeownerFlag as boolean,",
				"          TaxExemptionDisabledFlag as boolean,",
				"          TaxExemptionSeniorFlag as boolean,",
				"          TaxExemptionVeteranFlag as boolean,",
				"          TaxExemptionWidowFlag as boolean,",
				"          TaxExemptionAdditional as boolean,",
				"          YearBuilt as short,",
				"          YearBuiltEffective as short,",
				"          ZonedCodeLocal as string,",
				"          PropertyUseMuni as string,",
				"          PropertyUseGroup as string,",
				"          PropertyUseStandardized as short,",
				"          AssessorLastSaleDate as date,",
				"          AssessorLastSaleAmount as integer,",
				"          AssessorPriorSaleDate as date,",
				"          AssessorPriorSaleAmount as integer,",
				"          LastOwnershipTransferDate as date,",
				"          LastOwnershipTransferDocumentNumber as string,",
				"          LastOwnershipTransferTransactionID as integer,",
				"          DeedLastSaleDocumentBook as string,",
				"          DeedLastSaleDocumentPage as short,",
				"          DeedLastDocumentNumber as string,",
				"          DeedLastSaleDate as date,",
				"          DeedLastSalePrice as integer,",
				"          DeedLastSaleTransactionID as integer,",
				"          AreaBuilding as short,",
				"          AreaBuildingDefinitionCode as short,",
				"          AreaGross as integer,",
				"          Area1stFloor as short,",
				"          Area2ndFloor as short,",
				"          AreaUpperFloors as boolean,",
				"          AreaLotAcres as double,",
				"          AreaLotSF as double,",
				"          AreaLotDepth as double,",
				"          AreaLotWidth as double,",
				"          RoomsAtticArea as boolean,",
				"          RoomsAtticFlag as string,",
				"          RoomsBasementArea as short,",
				"          RoomsBasementAreaFinished as short,",
				"          RoomsBasementAreaUnfinished as short,",
				"          ParkingGarage as short,",
				"          ParkingGarageArea as short,",
				"          ParkingCarport as boolean,",
				"          ParkingCarportArea as short,",
				"          HVACCoolingDetail as short,",
				"          HVACHeatingDetail as short,",
				"          HVACHeatingFuel as short,",
				"          UtilitiesSewageUsage as short,",
				"          UtilitiesWaterSource as short,",
				"          UtilitiesMobileHomeHookupFlag as boolean,",
				"          Foundation as short,",
				"          Construction as short,",
				"          InteriorStructure as short,",
				"          PlumbingFixturesCount as short,",
				"          ConstructionFireResistanceClass as short,",
				"          SafetyFireSprinklersFlag as boolean,",
				"          FlooringMaterialPrimary as short,",
				"          BathCount as double,",
				"          BathPartialCount as short,",
				"          BedroomsCount as short,",
				"          RoomsCount as short,",
				"          StoriesCount as short,",
				"          UnitsCount as short,",
				"          RoomsBonusRoomFlag as boolean,",
				"          RoomsBreakfastNookFlag as boolean,",
				"          RoomsCellarFlag as boolean,",
				"          RoomsCellarWineFlag as boolean,",
				"          RoomsExerciseFlag as boolean,",
				"          RoomsFamilyCode as boolean,",
				"          RoomsGameFlag as boolean,",
				"          RoomsGreatFlag as boolean,",
				"          RoomsHobbyFlag as boolean,",
				"          RoomsLaundryFlag as boolean,",
				"          RoomsMediaFlag as boolean,",
				"          RoomsMudFlag as boolean,",
				"          RoomsOfficeArea as string,",
				"          RoomsOfficeFlag as boolean,",
				"          RoomsSafeRoomFlag as boolean,",
				"          RoomsSittingFlag as boolean,",
				"          RoomsStormShelter as boolean,",
				"          RoomsStudyFlag as boolean,",
				"          RoomsSunroomFlag as boolean,",
				"          RoomsUtilityArea as string,",
				"          RoomsUtilityCode as boolean,",
				"          Fireplace as short,",
				"          FireplaceCount as short,",
				"          AccessabilityElevatorFlag as boolean,",
				"          AccessabilityHandicapFlag as boolean,",
				"          EscalatorFlag as boolean,",
				"          CentralVacuumFlag as string,",
				"          ContentIntercomFlag as string,",
				"          ContentSoundSystemFlag as boolean,",
				"          WetBarFlag as boolean,",
				"          SecurityAlarmFlag as string,",
				"          StructureStyle as short,",
				"          Exterior1Code as string,",
				"          RoofMaterial as short,",
				"          RoofConstruction as short,",
				"          ContentStormShutterFlag as boolean,",
				"          ContentOverheadDoorFlag as boolean,",
				"          ViewDescription as string,",
				"          PorchCode as string,",
				"          PorchArea as short,",
				"          PatioArea as short,",
				"          DeckFlag as boolean,",
				"          DeckArea as short,",
				"          FeatureBalconyFlag as boolean,",
				"          BalconyArea as short,",
				"          BreezewayFlag as string,",
				"          ParkingRVParkingFlag as boolean,",
				"          ParkingSpaceCount as short,",
				"          DrivewayArea as boolean,",
				"          DrivewayMaterial as string,",
				"          Pool as short,",
				"          PoolArea as short,",
				"          ContentSaunaFlag as boolean,",
				"          TopographyCode as short,",
				"          FenceCode as boolean,",
				"          FenceArea as boolean,",
				"          CourtyardFlag as boolean,",
				"          CourtyardArea as string,",
				"          ArborPergolaFlag as boolean,",
				"          SprinklersFlag as boolean,",
				"          GolfCourseGreenFlag as boolean,",
				"          TennisCourtFlag as boolean,",
				"          SportsCourtFlag as boolean,",
				"          ArenaFlag as boolean,",
				"          WaterFeatureFlag as boolean,",
				"          PondFlag as boolean,",
				"          BoatLiftFlag as boolean,",
				"          BuildingsCount as short,",
				"          BathHouseArea as string,",
				"          BathHouseFlag as boolean,",
				"          BoatAccessFlag as boolean,",
				"          BoatHouseArea as string,",
				"          BoatHouseFlag as boolean,",
				"          CabinArea as string,",
				"          CabinFlag as boolean,",
				"          CanopyArea as short,",
				"          CanopyFlag as boolean,",
				"          GazeboArea as string,",
				"          GazeboFlag as string,",
				"          GraineryArea as string,",
				"          GraineryFlag as string,",
				"          GreenHouseArea as string,",
				"          GreenHouseFlag as boolean,",
				"          GuestHouseArea as string,",
				"          GuestHouseFlag as boolean,",
				"          KennelArea as string,",
				"          KennelFlag as boolean,",
				"          LeanToArea as string,",
				"          LeanToFlag as string,",
				"          LoadingPlatformArea as short,",
				"          LoadingPlatformFlag as boolean,",
				"          MilkHouseArea as string,",
				"          MilkHouseFlag as boolean,",
				"          OutdoorKitchenFireplaceFlag as boolean,",
				"          PoolHouseArea as string,",
				"          PoolHouseFlag as boolean,",
				"          PoultryHouseArea as string,",
				"          PoultryHouseFlag as boolean,",
				"          QuonsetArea as string,",
				"          QuonsetFlag as boolean,",
				"          ShedArea as short,",
				"          ShedCode as boolean,",
				"          SiloArea as string,",
				"          SiloFlag as boolean,",
				"          StableArea as string,",
				"          StableFlag as boolean,",
				"          StorageBuildingArea as string,",
				"          StorageBuildingFlag as boolean,",
				"          UtilityBuildingArea as short,",
				"          UtilityBuildingFlag as boolean,",
				"          PoleStructureArea as string,",
				"          PoleStructureFlag as boolean,",
				"          CommunityRecRoomFlag as string,",
				"          PublicationDate as date,",
				"          ParcelShellRecord as boolean",
				"     ),",
				"     useSchema: false,",
				"     allowSchemaDrift: true,",
				"     validateSchema: false,",
				"     ignoreNoFilesFound: false,",
				"     format: 'delimited',",
				"     fileSystem: ($dfPar_SrcContainer),",
				"     folderPath: ($dfPar_SrcFolder),",
				"     fileName: ($dfPar_SrcFile),",
				"     columnDelimiter: ($dfPar_SrcDelimiter),",
				"     escapeChar: '\\\\',",
				"     quoteChar: '\\\"',",
				"     columnNamesAsHeader: true) ~> sourceFile",
				"sourceFile derive(load_order = $dfPar_LoadOrder,",
				"          file_name = $dfPar_SrcFile) ~> derivedColumns",
				"derivedColumns sink(allowSchemaDrift: true,",
				"     validateSchema: false,",
				"     input(",
				"          ATTOM_ID as string,",
				"          SitusStateCode as string,",
				"          SitusCounty as string,",
				"          PropertyJurisdictionName as string,",
				"          SitusStateCountyFIPS as string,",
				"          CombinedStatisticalArea as string,",
				"          CBSAName as string,",
				"          CBSACode as string,",
				"          MSAName as string,",
				"          MSACode as string,",
				"          MetropolitanDivision as string,",
				"          MinorCivilDivisionName as string,",
				"          MinorCivilDivisionCode as string,",
				"          NeighborhoodCode as string,",
				"          CensusFIPSPlaceCode as string,",
				"          CensusTract as string,",
				"          CensusBlockGroup as string,",
				"          CensusBlock as string,",
				"          ParcelNumberRaw as string,",
				"          ParcelNumberFormatted as string,",
				"          ParcelNumberYearAdded as string,",
				"          ParcelNumberAlternate as string,",
				"          ParcelMapBook as string,",
				"          ParcelMapPage as string,",
				"          ParcelNumberYearChange as string,",
				"          ParcelNumberPrevious as string,",
				"          ParcelAccountNumber as string,",
				"          PropertyAddressFull as string,",
				"          PropertyAddressHouseNumber as string,",
				"          PropertyAddressStreetDirection as string,",
				"          PropertyAddressStreetName as string,",
				"          PropertyAddressStreetSuffix as string,",
				"          PropertyAddressStreetPostDirection as string,",
				"          PropertyAddressUnitPrefix as string,",
				"          PropertyAddressUnitValue as string,",
				"          PropertyAddressCity as string,",
				"          PropertyAddressState as string,",
				"          PropertyAddressZIP as string,",
				"          PropertyAddressZIP4 as string,",
				"          PropertyAddressCRRT as string,",
				"          PropertyAddressInfoPrivacy as string,",
				"          CongressionalDistrictHouse as string,",
				"          PropertyLatitude as string,",
				"          PropertyLongitude as string,",
				"          GeoQuality as string,",
				"          LegalDescription as string,",
				"          LegalRange as string,",
				"          LegalTownship as string,",
				"          LegalSection as string,",
				"          LegalQuarter as string,",
				"          LegalQuarterQuarter as string,",
				"          LegalSubdivision as string,",
				"          LegalPhase as string,",
				"          LegalTractNumber as string,",
				"          LegalBlock1 as string,",
				"          LegalBlock2 as string,",
				"          LegalLotNumber1 as string,",
				"          LegalLotNumber2 as string,",
				"          LegalLotNumber3 as string,",
				"          LegalUnit as string,",
				"          PartyOwner1NameFull as string,",
				"          PartyOwner1NameFirst as string,",
				"          PartyOwner1NameMiddle as string,",
				"          PartyOwner1NameLast as string,",
				"          PartyOwner1NameSuffix as string,",
				"          TrustDescription as string,",
				"          CompanyFlag as string,",
				"          PartyOwner2NameFull as string,",
				"          PartyOwner2NameFirst as string,",
				"          PartyOwner2NameMiddle as string,",
				"          PartyOwner2NameLast as string,",
				"          PartyOwner2NameSuffix as string,",
				"          OwnerTypeDescription1 as string,",
				"          OwnershipVestingRelationCode as string,",
				"          PartyOwner3NameFull as string,",
				"          PartyOwner3NameFirst as string,",
				"          PartyOwner3NameMiddle as string,",
				"          PartyOwner3NameLast as string,",
				"          PartyOwner3NameSuffix as string,",
				"          PartyOwner4NameFull as string,",
				"          PartyOwner4NameFirst as string,",
				"          PartyOwner4NameMiddle as string,",
				"          PartyOwner4NameLast as string,",
				"          PartyOwner4NameSuffix as string,",
				"          OwnerTypeDescription2 as string,",
				"          ContactOwnerMailingCounty as string,",
				"          ContactOwnerMailingFIPS as string,",
				"          ContactOwnerMailAddressFull as string,",
				"          ContactOwnerMailAddressHouseNumber as string,",
				"          ContactOwnerMailAddressStreetDirection as string,",
				"          ContactOwnerMailAddressStreetName as string,",
				"          ContactOwnerMailAddressStreetSuffix as string,",
				"          ContactOwnerMailAddressStreetPostDirection as string,",
				"          ContactOwnerMailAddressUnitPrefix as string,",
				"          ContactOwnerMailAddressUnit as string,",
				"          ContactOwnerMailAddressCity as string,",
				"          ContactOwnerMailAddressState as string,",
				"          ContactOwnerMailAddressZIP as string,",
				"          ContactOwnerMailAddressZIP4 as string,",
				"          ContactOwnerMailAddressCRRT as string,",
				"          ContactOwnerMailAddressInfoFormat as string,",
				"          ContactOwnerMailInfoPrivacy as string,",
				"          StatusOwnerOccupiedFlag as string,",
				"          DeedOwner1NameFull as string,",
				"          DeedOwner1NameFirst as string,",
				"          DeedOwner1NameMiddle as string,",
				"          DeedOwner1NameLast as string,",
				"          DeedOwner1NameSuffix as string,",
				"          DeedOwner2NameFull as string,",
				"          DeedOwner2NameFirst as string,",
				"          DeedOwner2NameMiddle as string,",
				"          DeedOwner2NameLast as string,",
				"          DeedOwner2NameSuffix as string,",
				"          DeedOwner3NameFull as string,",
				"          DeedOwner3NameFirst as string,",
				"          DeedOwner3NameMiddle as string,",
				"          DeedOwner3NameLast as string,",
				"          DeedOwner3NameSuffix as string,",
				"          DeedOwner4NameFull as string,",
				"          DeedOwner4NameFirst as string,",
				"          DeedOwner4NameMiddle as string,",
				"          DeedOwner4NameLast as string,",
				"          DeedOwner4NameSuffix as string,",
				"          TaxYearAssessed as string,",
				"          TaxAssessedValueTotal as string,",
				"          TaxAssessedValueImprovements as string,",
				"          TaxAssessedValueLand as string,",
				"          TaxAssessedImprovementsPerc as string,",
				"          PreviousAssessedValue as string,",
				"          TaxMarketValueYear as string,",
				"          TaxMarketValueTotal as string,",
				"          TaxMarketValueImprovements as string,",
				"          TaxMarketValueLand as string,",
				"          TaxMarketImprovementsPerc as string,",
				"          TaxFiscalYear as string,",
				"          TaxRateArea as string,",
				"          TaxBilledAmount as string,",
				"          TaxDelinquentYear as string,",
				"          LastAssessorTaxRollUpdate as string,",
				"          AssrLastUpdated as string,",
				"          TaxExemptionHomeownerFlag as string,",
				"          TaxExemptionDisabledFlag as string,",
				"          TaxExemptionSeniorFlag as string,",
				"          TaxExemptionVeteranFlag as string,",
				"          TaxExemptionWidowFlag as string,",
				"          TaxExemptionAdditional as string,",
				"          YearBuilt as string,",
				"          YearBuiltEffective as string,",
				"          ZonedCodeLocal as string,",
				"          PropertyUseMuni as string,",
				"          PropertyUseGroup as string,",
				"          PropertyUseStandardized as string,",
				"          AssessorLastSaleDate as string,",
				"          AssessorLastSaleAmount as string,",
				"          AssessorPriorSaleDate as string,",
				"          AssessorPriorSaleAmount as string,",
				"          LastOwnershipTransferDate as string,",
				"          LastOwnershipTransferDocumentNumber as string,",
				"          LastOwnershipTransferTransactionID as string,",
				"          DeedLastSaleDocumentBook as string,",
				"          DeedLastSaleDocumentPage as string,",
				"          DeedLastDocumentNumber as string,",
				"          DeedLastSaleDate as string,",
				"          DeedLastSalePrice as string,",
				"          DeedLastSaleTransactionID as string,",
				"          AreaBuilding as string,",
				"          AreaBuildingDefinitionCode as string,",
				"          AreaGross as string,",
				"          Area1stFloor as string,",
				"          Area2ndFloor as string,",
				"          AreaUpperFloors as string,",
				"          AreaLotAcres as string,",
				"          AreaLotSF as string,",
				"          AreaLotDepth as string,",
				"          AreaLotWidth as string,",
				"          RoomsAtticArea as string,",
				"          RoomsAtticFlag as string,",
				"          RoomsBasementArea as string,",
				"          RoomsBasementAreaFinished as string,",
				"          RoomsBasementAreaUnfinished as string,",
				"          ParkingGarage as string,",
				"          ParkingGarageArea as string,",
				"          ParkingCarport as string,",
				"          ParkingCarportArea as string,",
				"          HVACCoolingDetail as string,",
				"          HVACHeatingDetail as string,",
				"          HVACHeatingFuel as string,",
				"          UtilitiesSewageUsage as string,",
				"          UtilitiesWaterSource as string,",
				"          UtilitiesMobileHomeHookupFlag as string,",
				"          Foundation as string,",
				"          Construction as string,",
				"          InteriorStructure as string,",
				"          PlumbingFixturesCount as string,",
				"          ConstructionFireResistanceClass as string,",
				"          SafetyFireSprinklersFlag as string,",
				"          FlooringMaterialPrimary as string,",
				"          BathCount as string,",
				"          BathPartialCount as string,",
				"          BedroomsCount as string,",
				"          RoomsCount as string,",
				"          StoriesCount as string,",
				"          UnitsCount as string,",
				"          RoomsBonusRoomFlag as string,",
				"          RoomsBreakfastNookFlag as string,",
				"          RoomsCellarFlag as string,",
				"          RoomsCellarWineFlag as string,",
				"          RoomsExerciseFlag as string,",
				"          RoomsFamilyCode as string,",
				"          RoomsGameFlag as string,",
				"          RoomsGreatFlag as string,",
				"          RoomsHobbyFlag as string,",
				"          RoomsLaundryFlag as string,",
				"          RoomsMediaFlag as string,",
				"          RoomsMudFlag as string,",
				"          RoomsOfficeArea as string,",
				"          RoomsOfficeFlag as string,",
				"          RoomsSafeRoomFlag as string,",
				"          RoomsSittingFlag as string,",
				"          RoomsStormShelter as string,",
				"          RoomsStudyFlag as string,",
				"          RoomsSunroomFlag as string,",
				"          RoomsUtilityArea as string,",
				"          RoomsUtilityCode as string,",
				"          Fireplace as string,",
				"          FireplaceCount as string,",
				"          AccessabilityElevatorFlag as string,",
				"          AccessabilityHandicapFlag as string,",
				"          EscalatorFlag as string,",
				"          CentralVacuumFlag as string,",
				"          ContentIntercomFlag as string,",
				"          ContentSoundSystemFlag as string,",
				"          WetBarFlag as string,",
				"          SecurityAlarmFlag as string,",
				"          StructureStyle as string,",
				"          Exterior1Code as string,",
				"          RoofMaterial as string,",
				"          RoofConstruction as string,",
				"          ContentStormShutterFlag as string,",
				"          ContentOverheadDoorFlag as string,",
				"          ViewDescription as string,",
				"          PorchCode as string,",
				"          PorchArea as string,",
				"          PatioArea as string,",
				"          DeckFlag as string,",
				"          DeckArea as string,",
				"          FeatureBalconyFlag as string,",
				"          BalconyArea as string,",
				"          BreezewayFlag as string,",
				"          ParkingRVParkingFlag as string,",
				"          ParkingSpaceCount as string,",
				"          DrivewayArea as string,",
				"          DrivewayMaterial as string,",
				"          Pool as string,",
				"          PoolArea as string,",
				"          ContentSaunaFlag as string,",
				"          TopographyCode as string,",
				"          FenceCode as string,",
				"          FenceArea as string,",
				"          CourtyardFlag as string,",
				"          CourtyardArea as string,",
				"          ArborPergolaFlag as string,",
				"          SprinklersFlag as string,",
				"          GolfCourseGreenFlag as string,",
				"          TennisCourtFlag as string,",
				"          SportsCourtFlag as string,",
				"          ArenaFlag as string,",
				"          WaterFeatureFlag as string,",
				"          PondFlag as string,",
				"          BoatLiftFlag as string,",
				"          BuildingsCount as string,",
				"          BathHouseArea as string,",
				"          BathHouseFlag as string,",
				"          BoatAccessFlag as string,",
				"          BoatHouseArea as string,",
				"          BoatHouseFlag as string,",
				"          CabinArea as string,",
				"          CabinFlag as string,",
				"          CanopyArea as string,",
				"          CanopyFlag as string,",
				"          GazeboArea as string,",
				"          GazeboFlag as string,",
				"          GraineryArea as string,",
				"          GraineryFlag as string,",
				"          GreenHouseArea as string,",
				"          GreenHouseFlag as string,",
				"          GuestHouseArea as string,",
				"          GuestHouseFlag as string,",
				"          KennelArea as string,",
				"          KennelFlag as string,",
				"          LeanToArea as string,",
				"          LeanToFlag as string,",
				"          LoadingPlatformArea as string,",
				"          LoadingPlatformFlag as string,",
				"          MilkHouseArea as string,",
				"          MilkHouseFlag as string,",
				"          OutdoorKitchenFireplaceFlag as string,",
				"          PoolHouseArea as string,",
				"          PoolHouseFlag as string,",
				"          PoultryHouseArea as string,",
				"          PoultryHouseFlag as string,",
				"          QuonsetArea as string,",
				"          QuonsetFlag as string,",
				"          ShedArea as string,",
				"          ShedCode as string,",
				"          SiloArea as string,",
				"          SiloFlag as string,",
				"          StableArea as string,",
				"          StableFlag as string,",
				"          StorageBuildingArea as string,",
				"          StorageBuildingFlag as string,",
				"          UtilityBuildingArea as string,",
				"          UtilityBuildingFlag as string,",
				"          PoleStructureArea as string,",
				"          PoleStructureFlag as string,",
				"          CommunityRecRoomFlag as string,",
				"          PublicationDate as string,",
				"          ParcelShellRecord as string,",
				"          load_order as long,",
				"          file_name as string",
				"     ),",
				"     format: 'table',",
				"     store: 'sqlserver',",
				"     schemaName: ($dfPar_TgtSchema),",
				"     tableName: ($dfPar_TgtTable),",
				"     insertable: true,",
				"     updateable: false,",
				"     deletable: false,",
				"     upsertable: false,",
				"     skipDuplicateMapInputs: true,",
				"     skipDuplicateMapOutputs: true,",
				"     errorHandlingOption: 'allErrors',",
				"     outputRejectedData: true,",
				"     rejectedData_container: ($dfPar_SrcContainer),",
				"     rejectedData_folderPath: ($dfPar_ErrFolder),",
				"     transactionCommit: 'single',",
				"     reportSuccessOnError: false,",
				"     outputAssertFailedRows: true,",
				"     assertFailure_container: ($dfPar_SrcContainer),",
				"     assertFailure_folderPath: ($dfPar_ErrFolder),",
				"     mapColumn(",
				"          ATTOM_ID = {[ATTOM ID]},",
				"          SitusStateCode,",
				"          SitusCounty,",
				"          PropertyJurisdictionName,",
				"          SitusStateCountyFIPS,",
				"          CombinedStatisticalArea,",
				"          CBSAName,",
				"          CBSACode,",
				"          MSAName,",
				"          MSACode,",
				"          MetropolitanDivision,",
				"          MinorCivilDivisionName,",
				"          MinorCivilDivisionCode,",
				"          NeighborhoodCode,",
				"          CensusFIPSPlaceCode,",
				"          CensusTract,",
				"          CensusBlockGroup,",
				"          CensusBlock,",
				"          ParcelNumberRaw,",
				"          ParcelNumberFormatted,",
				"          ParcelNumberYearAdded,",
				"          ParcelNumberAlternate,",
				"          ParcelMapBook,",
				"          ParcelMapPage,",
				"          ParcelNumberYearChange,",
				"          ParcelNumberPrevious,",
				"          ParcelAccountNumber,",
				"          PropertyAddressFull,",
				"          PropertyAddressHouseNumber,",
				"          PropertyAddressStreetDirection,",
				"          PropertyAddressStreetName,",
				"          PropertyAddressStreetSuffix,",
				"          PropertyAddressStreetPostDirection,",
				"          PropertyAddressUnitPrefix,",
				"          PropertyAddressUnitValue,",
				"          PropertyAddressCity,",
				"          PropertyAddressState,",
				"          PropertyAddressZIP,",
				"          PropertyAddressZIP4,",
				"          PropertyAddressCRRT,",
				"          PropertyAddressInfoPrivacy,",
				"          CongressionalDistrictHouse,",
				"          PropertyLatitude,",
				"          PropertyLongitude,",
				"          GeoQuality,",
				"          LegalDescription,",
				"          LegalRange,",
				"          LegalTownship,",
				"          LegalSection,",
				"          LegalQuarter,",
				"          LegalQuarterQuarter,",
				"          LegalSubdivision,",
				"          LegalPhase,",
				"          LegalTractNumber,",
				"          LegalBlock1,",
				"          LegalBlock2,",
				"          LegalLotNumber1,",
				"          LegalLotNumber2,",
				"          LegalLotNumber3,",
				"          LegalUnit,",
				"          PartyOwner1NameFull,",
				"          PartyOwner1NameFirst,",
				"          PartyOwner1NameMiddle,",
				"          PartyOwner1NameLast,",
				"          PartyOwner1NameSuffix,",
				"          TrustDescription,",
				"          CompanyFlag,",
				"          PartyOwner2NameFull,",
				"          PartyOwner2NameFirst,",
				"          PartyOwner2NameMiddle,",
				"          PartyOwner2NameLast,",
				"          PartyOwner2NameSuffix,",
				"          OwnerTypeDescription1,",
				"          OwnershipVestingRelationCode,",
				"          PartyOwner3NameFull,",
				"          PartyOwner3NameFirst,",
				"          PartyOwner3NameMiddle,",
				"          PartyOwner3NameLast,",
				"          PartyOwner3NameSuffix,",
				"          PartyOwner4NameFull,",
				"          PartyOwner4NameFirst,",
				"          PartyOwner4NameMiddle,",
				"          PartyOwner4NameLast,",
				"          PartyOwner4NameSuffix,",
				"          OwnerTypeDescription2,",
				"          ContactOwnerMailingCounty,",
				"          ContactOwnerMailingFIPS,",
				"          ContactOwnerMailAddressFull,",
				"          ContactOwnerMailAddressHouseNumber,",
				"          ContactOwnerMailAddressStreetDirection,",
				"          ContactOwnerMailAddressStreetName,",
				"          ContactOwnerMailAddressStreetSuffix,",
				"          ContactOwnerMailAddressStreetPostDirection,",
				"          ContactOwnerMailAddressUnitPrefix,",
				"          ContactOwnerMailAddressUnit,",
				"          ContactOwnerMailAddressCity,",
				"          ContactOwnerMailAddressState,",
				"          ContactOwnerMailAddressZIP,",
				"          ContactOwnerMailAddressZIP4,",
				"          ContactOwnerMailAddressCRRT,",
				"          ContactOwnerMailAddressInfoFormat,",
				"          ContactOwnerMailInfoPrivacy,",
				"          StatusOwnerOccupiedFlag,",
				"          DeedOwner1NameFull,",
				"          DeedOwner1NameFirst,",
				"          DeedOwner1NameMiddle,",
				"          DeedOwner1NameLast,",
				"          DeedOwner1NameSuffix,",
				"          DeedOwner2NameFull,",
				"          DeedOwner2NameFirst,",
				"          DeedOwner2NameMiddle,",
				"          DeedOwner2NameLast,",
				"          DeedOwner2NameSuffix,",
				"          DeedOwner3NameFull,",
				"          DeedOwner3NameFirst,",
				"          DeedOwner3NameMiddle,",
				"          DeedOwner3NameLast,",
				"          DeedOwner3NameSuffix,",
				"          DeedOwner4NameFull,",
				"          DeedOwner4NameFirst,",
				"          DeedOwner4NameMiddle,",
				"          DeedOwner4NameLast,",
				"          DeedOwner4NameSuffix,",
				"          TaxYearAssessed,",
				"          TaxAssessedValueTotal,",
				"          TaxAssessedValueImprovements,",
				"          TaxAssessedValueLand,",
				"          TaxAssessedImprovementsPerc,",
				"          PreviousAssessedValue,",
				"          TaxMarketValueYear,",
				"          TaxMarketValueTotal,",
				"          TaxMarketValueImprovements,",
				"          TaxMarketValueLand,",
				"          TaxMarketImprovementsPerc,",
				"          TaxFiscalYear,",
				"          TaxRateArea,",
				"          TaxBilledAmount,",
				"          TaxDelinquentYear,",
				"          LastAssessorTaxRollUpdate,",
				"          AssrLastUpdated,",
				"          TaxExemptionHomeownerFlag,",
				"          TaxExemptionDisabledFlag,",
				"          TaxExemptionSeniorFlag,",
				"          TaxExemptionVeteranFlag,",
				"          TaxExemptionWidowFlag,",
				"          TaxExemptionAdditional,",
				"          YearBuilt,",
				"          YearBuiltEffective,",
				"          ZonedCodeLocal,",
				"          PropertyUseMuni,",
				"          PropertyUseGroup,",
				"          PropertyUseStandardized,",
				"          AssessorLastSaleDate,",
				"          AssessorLastSaleAmount,",
				"          AssessorPriorSaleDate,",
				"          AssessorPriorSaleAmount,",
				"          LastOwnershipTransferDate,",
				"          LastOwnershipTransferDocumentNumber,",
				"          LastOwnershipTransferTransactionID,",
				"          DeedLastSaleDocumentBook,",
				"          DeedLastSaleDocumentPage,",
				"          DeedLastDocumentNumber,",
				"          DeedLastSaleDate,",
				"          DeedLastSalePrice,",
				"          DeedLastSaleTransactionID,",
				"          AreaBuilding,",
				"          AreaBuildingDefinitionCode,",
				"          AreaGross,",
				"          Area1stFloor,",
				"          Area2ndFloor,",
				"          AreaUpperFloors,",
				"          AreaLotAcres,",
				"          AreaLotSF,",
				"          AreaLotDepth,",
				"          AreaLotWidth,",
				"          RoomsAtticArea,",
				"          RoomsAtticFlag,",
				"          RoomsBasementArea,",
				"          RoomsBasementAreaFinished,",
				"          RoomsBasementAreaUnfinished,",
				"          ParkingGarage,",
				"          ParkingGarageArea,",
				"          ParkingCarport,",
				"          ParkingCarportArea,",
				"          HVACCoolingDetail,",
				"          HVACHeatingDetail,",
				"          HVACHeatingFuel,",
				"          UtilitiesSewageUsage,",
				"          UtilitiesWaterSource,",
				"          UtilitiesMobileHomeHookupFlag,",
				"          Foundation,",
				"          Construction,",
				"          InteriorStructure,",
				"          PlumbingFixturesCount,",
				"          ConstructionFireResistanceClass,",
				"          SafetyFireSprinklersFlag,",
				"          FlooringMaterialPrimary,",
				"          BathCount,",
				"          BathPartialCount,",
				"          BedroomsCount,",
				"          RoomsCount,",
				"          StoriesCount,",
				"          UnitsCount,",
				"          RoomsBonusRoomFlag,",
				"          RoomsBreakfastNookFlag,",
				"          RoomsCellarFlag,",
				"          RoomsCellarWineFlag,",
				"          RoomsExerciseFlag,",
				"          RoomsFamilyCode,",
				"          RoomsGameFlag,",
				"          RoomsGreatFlag,",
				"          RoomsHobbyFlag,",
				"          RoomsLaundryFlag,",
				"          RoomsMediaFlag,",
				"          RoomsMudFlag,",
				"          RoomsOfficeArea,",
				"          RoomsOfficeFlag,",
				"          RoomsSafeRoomFlag,",
				"          RoomsSittingFlag,",
				"          RoomsStormShelter,",
				"          RoomsStudyFlag,",
				"          RoomsSunroomFlag,",
				"          RoomsUtilityArea,",
				"          RoomsUtilityCode,",
				"          Fireplace,",
				"          FireplaceCount,",
				"          AccessabilityElevatorFlag,",
				"          AccessabilityHandicapFlag,",
				"          EscalatorFlag,",
				"          CentralVacuumFlag,",
				"          ContentIntercomFlag,",
				"          ContentSoundSystemFlag,",
				"          WetBarFlag,",
				"          SecurityAlarmFlag,",
				"          StructureStyle,",
				"          Exterior1Code,",
				"          RoofMaterial,",
				"          RoofConstruction,",
				"          ContentStormShutterFlag,",
				"          ContentOverheadDoorFlag,",
				"          ViewDescription,",
				"          PorchCode,",
				"          PorchArea,",
				"          PatioArea,",
				"          DeckFlag,",
				"          DeckArea,",
				"          FeatureBalconyFlag,",
				"          BalconyArea,",
				"          BreezewayFlag,",
				"          ParkingRVParkingFlag,",
				"          ParkingSpaceCount,",
				"          DrivewayArea,",
				"          DrivewayMaterial,",
				"          Pool,",
				"          PoolArea,",
				"          ContentSaunaFlag,",
				"          TopographyCode,",
				"          FenceCode,",
				"          FenceArea,",
				"          CourtyardFlag,",
				"          CourtyardArea,",
				"          ArborPergolaFlag,",
				"          SprinklersFlag,",
				"          GolfCourseGreenFlag,",
				"          TennisCourtFlag,",
				"          SportsCourtFlag,",
				"          ArenaFlag,",
				"          WaterFeatureFlag,",
				"          PondFlag,",
				"          BoatLiftFlag,",
				"          BuildingsCount,",
				"          BathHouseArea,",
				"          BathHouseFlag,",
				"          BoatAccessFlag,",
				"          BoatHouseArea,",
				"          BoatHouseFlag,",
				"          CabinArea,",
				"          CabinFlag,",
				"          CanopyArea,",
				"          CanopyFlag,",
				"          GazeboArea,",
				"          GazeboFlag,",
				"          GraineryArea,",
				"          GraineryFlag,",
				"          GreenHouseArea,",
				"          GreenHouseFlag,",
				"          GuestHouseArea,",
				"          GuestHouseFlag,",
				"          KennelArea,",
				"          KennelFlag,",
				"          LeanToArea,",
				"          LeanToFlag,",
				"          LoadingPlatformArea,",
				"          LoadingPlatformFlag,",
				"          MilkHouseArea,",
				"          MilkHouseFlag,",
				"          OutdoorKitchenFireplaceFlag,",
				"          PoolHouseArea,",
				"          PoolHouseFlag,",
				"          PoultryHouseArea,",
				"          PoultryHouseFlag,",
				"          QuonsetArea,",
				"          QuonsetFlag,",
				"          ShedArea,",
				"          ShedCode,",
				"          SiloArea,",
				"          SiloFlag,",
				"          StableArea,",
				"          StableFlag,",
				"          StorageBuildingArea,",
				"          StorageBuildingFlag,",
				"          UtilityBuildingArea,",
				"          UtilityBuildingFlag,",
				"          PoleStructureArea,",
				"          PoleStructureFlag,",
				"          CommunityRecRoomFlag,",
				"          PublicationDate,",
				"          ParcelShellRecord,",
				"          load_order,",
				"          file_name",
				"     )) ~> sinkDB"
			]
		}
	}
}