{
	"name": "df_load_arcgis_recorder",
	"properties": {
		"folder": {
			"name": "ArcGIS"
		},
		"type": "MappingDataFlow",
		"typeProperties": {
			"sources": [
				{
					"linkedService": {
						"referenceName": "lnks_edw_adls_rawstor",
						"type": "LinkedServiceReference"
					},
					"name": "sourceFile"
				}
			],
			"sinks": [
				{
					"linkedService": {
						"referenceName": "lnks_arcgis_asqlmi_nwedw",
						"type": "LinkedServiceReference"
					},
					"name": "sinkTgtDB",
					"rejectedDataLinkedService": {
						"referenceName": "lnks_edw_adls_rawstor",
						"type": "LinkedServiceReference"
					}
				}
			],
			"transformations": [
				{
					"name": "derivedColumns"
				}
			],
			"scriptLines": [
				"parameters{",
				"     dfPar_SrcContainer as string ('raw-arcgis'),",
				"     dfPar_SrcFolder as string ('parcels/unzipped/NORTHWEST_FARM_CREDIT_SERVICES_ADDON_RECORDER_0001_001.zip'),",
				"     dfPar_SrcFile as string ('NORTHWEST_FARM_CREDIT_SERVICES_ADDON_RECORDER_0001_001.txt'),",
				"     dfPar_TgtSchema as string ('work_dev'),",
				"     dfPar_TgtTable as string ('work_recorder'),",
				"     dfPar_SrcDelimiter as string ('\\t'),",
				"     dfPar_LoadOrder as string ('202306260001001'),",
				"     dfPar_ErrFolder as string ('parcels/bad_records')",
				"}",
				"source(output(",
				"          TransactionID as string,",
				"          {[ATTOM ID]} as string,",
				"          DocumentRecordingStateCode as string,",
				"          DocumentRecordingCountyName as string,",
				"          DocumentRecordingJurisdictionName as string,",
				"          DocumentRecordingCountyFIPs as string,",
				"          DocumentTypeCode as string,",
				"          DocumentNumberFormatted as string,",
				"          DocumentNumberLegacy as string,",
				"          InstrumentNumber as string,",
				"          Book as string,",
				"          Page as string,",
				"          InstrumentDate as string,",
				"          RecordingDate as string,",
				"          TransactionType as string,",
				"          TransferInfoPurchaseTypeCode as string,",
				"          ForeclosureAuctionSale as string,",
				"          TransferInfoDistressCircumstanceCode as string,",
				"          QuitclaimFlag as string,",
				"          TransferInfoMultiParcelFlag as string,",
				"          ArmsLengthFlag as string,",
				"          PartialInterest as string,",
				"          TransferAmount as string,",
				"          TransferAmountInfoAccuracy as string,",
				"          TransferTaxTotal as string,",
				"          TransferTaxCity as string,",
				"          TransferTaxCounty as string,",
				"          Grantor1NameFull as string,",
				"          Grantor1NameFirst as string,",
				"          Grantor1NameMiddle as string,",
				"          Grantor1NameLast as string,",
				"          Grantor1NameSuffix as string,",
				"          Grantor1InfoEntityClassification as string,",
				"          Grantor1InfoOwnerType as string,",
				"          Grantor2NameFull as string,",
				"          Grantor2NameFirst as string,",
				"          Grantor2NameMiddle as string,",
				"          Grantor2NameLast as string,",
				"          Grantor2NameSuffix as string,",
				"          Grantor2InfoEntityClassification as string,",
				"          Grantor2InfoOwnerType as string,",
				"          Grantor3NameFull as string,",
				"          Grantor3NameFirst as string,",
				"          Grantor3NameMiddle as string,",
				"          Grantor3NameLast as string,",
				"          Grantor3NameSuffix as string,",
				"          Grantor3InfoEntityClassification as string,",
				"          Grantor4NameFull as string,",
				"          Grantor4NameFirst as string,",
				"          Grantor4NameMiddle as string,",
				"          Grantor4NameLast as string,",
				"          Grantor4NameSuffix as string,",
				"          Grantor4InfoEntityClassification as string,",
				"          GrantorAddressFull as string,",
				"          GrantorAddressHouseNumber as string,",
				"          GrantorAddressStreetDirection as string,",
				"          GrantorAddressStreetName as string,",
				"          GrantorAddressStreetSuffix as string,",
				"          GrantorAddressStreetPostDirection as string,",
				"          GrantorAddressUnitPrefix as string,",
				"          GrantorAddressUnitValue as string,",
				"          GrantorAddressCity as string,",
				"          GrantorAddressState as string,",
				"          GrantorAddressZIP as string,",
				"          GrantorAddressZIP4 as string,",
				"          GrantorAddressCRRT as string,",
				"          GrantorAddressInfoFormat as string,",
				"          GrantorAddressInfoPrivacy as string,",
				"          Grantee1NameFull as string,",
				"          Grantee1NameFirst as string,",
				"          Grantee1NameMiddle as string,",
				"          Grantee1NameLast as string,",
				"          Grantee1NameSuffix as string,",
				"          Grantee1InfoEntityClassification as string,",
				"          Grantee1InfoOwnerType as string,",
				"          Grantee2NameFull as string,",
				"          Grantee2NameFirst as string,",
				"          Grantee2NameMiddle as string,",
				"          Grantee2NameLast as string,",
				"          Grantee2NameSuffix as string,",
				"          Grantee2InfoEntityClassification as string,",
				"          GranteeInfoVesting1 as string,",
				"          Grantee3NameFull as string,",
				"          Grantee3NameFirst as string,",
				"          Grantee3NameMiddle as string,",
				"          Grantee3NameLast as string,",
				"          Grantee3NameSuffix as string,",
				"          Grantee3InfoEntityClassification as string,",
				"          Grantee4NameFull as string,",
				"          Grantee4NameFirst as string,",
				"          Grantee4NameMiddle as string,",
				"          Grantee4NameLast as string,",
				"          Grantee4NameSuffix as string,",
				"          Grantee4InfoEntityClassification as string,",
				"          GranteeMailCareOfName as string,",
				"          GranteeInfoEntityCount as string,",
				"          GranteeInfoVesting2 as string,",
				"          GranteeInvestorFlag as string,",
				"          GranteeMailAddressFull as string,",
				"          GranteeMailAddressHouseNumber as string,",
				"          GranteeMailAddressStreetDirection as string,",
				"          GranteeMailAddressStreetName as string,",
				"          GranteeMailAddressStreetSuffix as string,",
				"          GranteeMailAddressStreetPostDirection as string,",
				"          GranteeMailAddressUnitPrefix as string,",
				"          GranteeMailAddressUnitValue as string,",
				"          GranteeMailAddressCity as string,",
				"          GranteeMailAddressState as string,",
				"          GranteeMailAddressZIP as string,",
				"          GranteeMailAddressZIP4 as string,",
				"          GranteeMailAddressCRRT as string,",
				"          GranteeMailAddressInfoFormat as string,",
				"          GranteeMailAddressInfoPrivacy as string,",
				"          GranteeGrantorOwnerRelationshipCode as string,",
				"          TitleCompanyStandardizedCode as string,",
				"          TitleCompanyStandardizedName as string,",
				"          TitleCompanyRaw as string,",
				"          LegalDescriptionPart1 as string,",
				"          LegalDescriptionPart2 as string,",
				"          LegalDescriptionPart3 as string,",
				"          LegalDescriptionPart4 as string,",
				"          LegalRange as string,",
				"          LegalTownship as string,",
				"          LegalSection as string,",
				"          LegalDistrict as string,",
				"          LegalSubDivision as string,",
				"          LegalTract as string,",
				"          LegalBlock as string,",
				"          LegalLot as string,",
				"          LegalUnit as string,",
				"          LegalPlatMapBook as string,",
				"          LegalPlatMapPage as string,",
				"          APNFormatted as string,",
				"          APNOriginal as string,",
				"          PropertyAddressFull as string,",
				"          PropertyAddressHouseNumber as string,",
				"          PropertyAddressStreetDirection as string,",
				"          PropertyAddressStreetName as string,",
				"          PropertyAddressStreetSuffix as string,",
				"          PropertyAddressStreetPostDirection as string,",
				"          PropertyAddressUnitPrefix as string,",
				"          PropertyAddressUnitValue as string,",
				"          PropertyAddressCity as string,",
				"          PropertyAddressState as string,",
				"          PropertyAddressZIP as string,",
				"          PropertyAddressZIP4 as string,",
				"          PropertyAddressCRRT as string,",
				"          PropertyAddressInfoFormat as string,",
				"          PropertyAddressInfoPrivacy as string,",
				"          RecorderMapReference as string,",
				"          PropertyUseGroup as string,",
				"          PropertyUseStandardized as string,",
				"          Mortgage1DocumentNumberFormatted as string,",
				"          Mortgage1DocumentNumberLegacy as string,",
				"          Mortgage1InstrumentNumber as string,",
				"          Mortgage1Book as string,",
				"          Mortgage1Page as string,",
				"          Mortgage1RecordingDate as string,",
				"          Mortgage1Type as string,",
				"          Mortgage1Amount as string,",
				"          Mortgage1LenderCode as string,",
				"          Mortgage1LenderNameFullStandardized as string,",
				"          Mortgage1LenderNameFirst as string,",
				"          Mortgage1LenderNameLast as string,",
				"          Mortgage1LenderAddress as string,",
				"          Mortgage1LenderAddressCity as string,",
				"          Mortgage1LenderAddressState as string,",
				"          Mortgage1LenderAddressZIP as string,",
				"          Mortgage1LenderAddressZIP4 as string,",
				"          Mortgage1LenderInfoEntityClassification as string,",
				"          Mortgage1LenderInfoSellerCarryBackFlag as string,",
				"          Mortgage1Term as string,",
				"          Mortgage1TermType as string,",
				"          Mortgage1TermDate as string,",
				"          Mortgage1InfoPrepaymentPenaltyFlag as string,",
				"          Mortgage1InfoPrepaymentTerm as string,",
				"          Mortgage1InterestRateType as string,",
				"          Mortgage1InterestRate as string,",
				"          Mortgage1InterestTypeInitial as string,",
				"          Mortgage1FixedStepConversionRate as string,",
				"          Mortgage1DocumentInfoRiderAdjustableRateFlag as string,",
				"          Mortgage1InfoInterestTypeChangeYear as string,",
				"          Mortgage1InfoInterestTypeChangeMonth as string,",
				"          Mortgage1InfoInterestTypeChangeDay as string,",
				"          Mortgage1InterestRateMinFirstChangeRateConversion as string,",
				"          Mortgage1InterestRateMaxFirstChangeRateConversion as string,",
				"          Mortgage1InterestChangeFrequency as string,",
				"          Mortgage1InterestMargin as string,",
				"          Mortgage1InterestIndex as string,",
				"          Mortgage1InterestRateMax as string,",
				"          Mortgage1AdjustableRateIndex as string,",
				"          Mortgage1InterestOnlyFlag as string,",
				"          Mortgage1InterestOnlyPeriod as string,",
				"          Mortgage2DocumentNumberFormatted as string,",
				"          Mortgage2DocumentNumberLegacy as string,",
				"          Mortgage2InstrumentNumber as string,",
				"          Mortgage2Book as string,",
				"          Mortgage2Page as string,",
				"          Mortgage2RecordingDate as string,",
				"          Mortgage2Type as string,",
				"          Mortgage2Amount as string,",
				"          Mortgage2LenderCode as string,",
				"          Mortgage2LenderNameFullStandardized as string,",
				"          Mortgage2LenderNameFirst as string,",
				"          Mortgage2LenderNameLast as string,",
				"          Mortgage2LenderAddress as string,",
				"          Mortgage2LenderAddressCity as string,",
				"          Mortgage2LenderAddressState as string,",
				"          Mortgage2LenderAddressZIP as string,",
				"          Mortgage2LenderAddressZIP4 as string,",
				"          Mortgage2LenderInfoEntityClassification as string,",
				"          Mortgage2LenderInfoSellerCarryBackFlag as string,",
				"          Mortgage2Term as string,",
				"          Mortgage2TermType as string,",
				"          Mortgage2TermDate as string,",
				"          Mortgage2InfoPrepaymentPenaltyFlag as string,",
				"          Mortgage2InfoPrepaymentTerm as string,",
				"          Mortgage2InterestRateType as string,",
				"          Mortgage2InterestRate as string,",
				"          Mortgage2InterestTypeInitial as string,",
				"          Mortgage2FixedStepConversionRate as string,",
				"          Mortgage2DocumentInfoRiderAdjustableRateFlag as string,",
				"          Mortgage2InfoInterestTypeChangeYear as string,",
				"          Mortgage2InfoInterestTypeChangeMonth as string,",
				"          Mortgage2InfoInterestTypeChangeDay as string,",
				"          Mortgage2InterestRateMinFirstChangeRateConversion as string,",
				"          Mortgage2InterestRateMaxFirstChangeRateConversion as string,",
				"          Mortgage2InterestChangeFrequency as string,",
				"          Mortgage2InterestMargin as string,",
				"          Mortgage2InterestIndex as string,",
				"          Mortgage2InterestRateMax as string,",
				"          Mortgage2AdjustableRateIndex as string,",
				"          Mortgage2InterestOnlyFlag as string,",
				"          Mortgage2InterestOnlyPeriod as string,",
				"          TransferInfoPurchaseDownPayment as string,",
				"          TransferInfoPurchaseLoanToValue as string,",
				"          LastUpdated as string,",
				"          PublicationDate as string",
				"     ),",
				"     useSchema: false,",
				"     allowSchemaDrift: true,",
				"     validateSchema: false,",
				"     ignoreNoFilesFound: false,",
				"     format: 'delimited',",
				"     fileSystem: ($dfPar_SrcContainer),",
				"     folderPath: ($dfPar_SrcFolder),",
				"     fileName: ($dfPar_SrcFile),",
				"     columnDelimiter: ($dfPar_SrcDelimiter),",
				"     escapeChar: '',",
				"     quoteChar: '',",
				"     columnNamesAsHeader: true) ~> sourceFile",
				"sourceFile derive(load_order = $dfPar_LoadOrder,",
				"          file_name = $dfPar_SrcFile) ~> derivedColumns",
				"derivedColumns sink(allowSchemaDrift: true,",
				"     validateSchema: false,",
				"     input(",
				"          TransactionID as string,",
				"          ATTOM_ID as string,",
				"          DocumentRecordingStateCode as string,",
				"          DocumentRecordingCountyName as string,",
				"          DocumentRecordingJurisdictionName as string,",
				"          DocumentRecordingCountyFIPs as string,",
				"          DocumentTypeCode as string,",
				"          DocumentNumberFormatted as string,",
				"          DocumentNumberLegacy as string,",
				"          InstrumentNumber as string,",
				"          Book as string,",
				"          Page as string,",
				"          InstrumentDate as string,",
				"          RecordingDate as string,",
				"          TransactionType as string,",
				"          TransferInfoPurchaseTypeCode as string,",
				"          ForeclosureAuctionSale as string,",
				"          TransferInfoDistressCircumstanceCode as string,",
				"          QuitclaimFlag as string,",
				"          TransferInfoMultiParcelFlag as string,",
				"          ArmsLengthFlag as string,",
				"          PartialInterest as string,",
				"          TransferAmount as string,",
				"          TransferAmountInfoAccuracy as string,",
				"          TransferTaxTotal as string,",
				"          TransferTaxCity as string,",
				"          TransferTaxCounty as string,",
				"          Grantor1NameFull as string,",
				"          Grantor1NameFirst as string,",
				"          Grantor1NameMiddle as string,",
				"          Grantor1NameLast as string,",
				"          Grantor1NameSuffix as string,",
				"          Grantor1InfoEntityClassification as string,",
				"          Grantor1InfoOwnerType as string,",
				"          Grantor2NameFull as string,",
				"          Grantor2NameFirst as string,",
				"          Grantor2NameMiddle as string,",
				"          Grantor2NameLast as string,",
				"          Grantor2NameSuffix as string,",
				"          Grantor2InfoEntityClassification as string,",
				"          Grantor2InfoOwnerType as string,",
				"          Grantor3NameFull as string,",
				"          Grantor3NameFirst as string,",
				"          Grantor3NameMiddle as string,",
				"          Grantor3NameLast as string,",
				"          Grantor3NameSuffix as string,",
				"          Grantor3InfoEntityClassification as string,",
				"          Grantor4NameFull as string,",
				"          Grantor4NameFirst as string,",
				"          Grantor4NameMiddle as string,",
				"          Grantor4NameLast as string,",
				"          Grantor4NameSuffix as string,",
				"          Grantor4InfoEntityClassification as string,",
				"          GrantorAddressFull as string,",
				"          GrantorAddressHouseNumber as string,",
				"          GrantorAddressStreetDirection as string,",
				"          GrantorAddressStreetName as string,",
				"          GrantorAddressStreetSuffix as string,",
				"          GrantorAddressStreetPostDirection as string,",
				"          GrantorAddressUnitPrefix as string,",
				"          GrantorAddressUnitValue as string,",
				"          GrantorAddressCity as string,",
				"          GrantorAddressState as string,",
				"          GrantorAddressZIP as string,",
				"          GrantorAddressZIP4 as string,",
				"          GrantorAddressCRRT as string,",
				"          GrantorAddressInfoFormat as string,",
				"          GrantorAddressInfoPrivacy as string,",
				"          Grantee1NameFull as string,",
				"          Grantee1NameFirst as string,",
				"          Grantee1NameMiddle as string,",
				"          Grantee1NameLast as string,",
				"          Grantee1NameSuffix as string,",
				"          Grantee1InfoEntityClassification as string,",
				"          Grantee1InfoOwnerType as string,",
				"          Grantee2NameFull as string,",
				"          Grantee2NameFirst as string,",
				"          Grantee2NameMiddle as string,",
				"          Grantee2NameLast as string,",
				"          Grantee2NameSuffix as string,",
				"          Grantee2InfoEntityClassification as string,",
				"          GranteeInfoVesting1 as string,",
				"          Grantee3NameFull as string,",
				"          Grantee3NameFirst as string,",
				"          Grantee3NameMiddle as string,",
				"          Grantee3NameLast as string,",
				"          Grantee3NameSuffix as string,",
				"          Grantee3InfoEntityClassification as string,",
				"          Grantee4NameFull as string,",
				"          Grantee4NameFirst as string,",
				"          Grantee4NameMiddle as string,",
				"          Grantee4NameLast as string,",
				"          Grantee4NameSuffix as string,",
				"          Grantee4InfoEntityClassification as string,",
				"          GranteeMailCareOfName as string,",
				"          GranteeInfoEntityCount as string,",
				"          GranteeInfoVesting2 as string,",
				"          GranteeInvestorFlag as string,",
				"          GranteeMailAddressFull as string,",
				"          GranteeMailAddressHouseNumber as string,",
				"          GranteeMailAddressStreetDirection as string,",
				"          GranteeMailAddressStreetName as string,",
				"          GranteeMailAddressStreetSuffix as string,",
				"          GranteeMailAddressStreetPostDirection as string,",
				"          GranteeMailAddressUnitPrefix as string,",
				"          GranteeMailAddressUnitValue as string,",
				"          GranteeMailAddressCity as string,",
				"          GranteeMailAddressState as string,",
				"          GranteeMailAddressZIP as string,",
				"          GranteeMailAddressZIP4 as string,",
				"          GranteeMailAddressCRRT as string,",
				"          GranteeMailAddressInfoFormat as string,",
				"          GranteeMailAddressInfoPrivacy as string,",
				"          GranteeGrantorOwnerRelationshipCode as string,",
				"          TitleCompanyStandardizedCode as string,",
				"          TitleCompanyStandardizedName as string,",
				"          TitleCompanyRaw as string,",
				"          LegalDescriptionPart1 as string,",
				"          LegalDescriptionPart2 as string,",
				"          LegalDescriptionPart3 as string,",
				"          LegalDescriptionPart4 as string,",
				"          LegalRange as string,",
				"          LegalTownship as string,",
				"          LegalSection as string,",
				"          LegalDistrict as string,",
				"          LegalSubDivision as string,",
				"          LegalTract as string,",
				"          LegalBlock as string,",
				"          LegalLot as string,",
				"          LegalUnit as string,",
				"          LegalPlatMapBook as string,",
				"          LegalPlatMapPage as string,",
				"          APNFormatted as string,",
				"          APNOriginal as string,",
				"          PropertyAddressFull as string,",
				"          PropertyAddressHouseNumber as string,",
				"          PropertyAddressStreetDirection as string,",
				"          PropertyAddressStreetName as string,",
				"          PropertyAddressStreetSuffix as string,",
				"          PropertyAddressStreetPostDirection as string,",
				"          PropertyAddressUnitPrefix as string,",
				"          PropertyAddressUnitValue as string,",
				"          PropertyAddressCity as string,",
				"          PropertyAddressState as string,",
				"          PropertyAddressZIP as string,",
				"          PropertyAddressZIP4 as string,",
				"          PropertyAddressCRRT as string,",
				"          PropertyAddressInfoFormat as string,",
				"          PropertyAddressInfoPrivacy as string,",
				"          RecorderMapReference as string,",
				"          PropertyUseGroup as string,",
				"          PropertyUseStandardized as string,",
				"          Mortgage1DocumentNumberFormatted as string,",
				"          Mortgage1DocumentNumberLegacy as string,",
				"          Mortgage1InstrumentNumber as string,",
				"          Mortgage1Book as string,",
				"          Mortgage1Page as string,",
				"          Mortgage1RecordingDate as string,",
				"          Mortgage1Type as string,",
				"          Mortgage1Amount as string,",
				"          Mortgage1LenderCode as string,",
				"          Mortgage1LenderNameFullStandardized as string,",
				"          Mortgage1LenderNameFirst as string,",
				"          Mortgage1LenderNameLast as string,",
				"          Mortgage1LenderAddress as string,",
				"          Mortgage1LenderAddressCity as string,",
				"          Mortgage1LenderAddressState as string,",
				"          Mortgage1LenderAddressZIP as string,",
				"          Mortgage1LenderAddressZIP4 as string,",
				"          Mortgage1LenderInfoEntityClassification as string,",
				"          Mortgage1LenderInfoSellerCarryBackFlag as string,",
				"          Mortgage1Term as string,",
				"          Mortgage1TermType as string,",
				"          Mortgage1TermDate as string,",
				"          Mortgage1InfoPrepaymentPenaltyFlag as string,",
				"          Mortgage1InfoPrepaymentTerm as string,",
				"          Mortgage1InterestRateType as string,",
				"          Mortgage1InterestRate as string,",
				"          Mortgage1InterestTypeInitial as string,",
				"          Mortgage1FixedStepConversionRate as string,",
				"          Mortgage1DocumentInfoRiderAdjustableRateFlag as string,",
				"          Mortgage1InfoInterestTypeChangeYear as string,",
				"          Mortgage1InfoInterestTypeChangeMonth as string,",
				"          Mortgage1InfoInterestTypeChangeDay as string,",
				"          Mortgage1InterestRateMinFirstChangeRateConversion as string,",
				"          Mortgage1InterestRateMaxFirstChangeRateConversion as string,",
				"          Mortgage1InterestChangeFrequency as string,",
				"          Mortgage1InterestMargin as string,",
				"          Mortgage1InterestIndex as string,",
				"          Mortgage1InterestRateMax as string,",
				"          Mortgage1AdjustableRateIndex as string,",
				"          Mortgage1InterestOnlyFlag as string,",
				"          Mortgage1InterestOnlyPeriod as string,",
				"          Mortgage2DocumentNumberFormatted as string,",
				"          Mortgage2DocumentNumberLegacy as string,",
				"          Mortgage2InstrumentNumber as string,",
				"          Mortgage2Book as string,",
				"          Mortgage2Page as string,",
				"          Mortgage2RecordingDate as string,",
				"          Mortgage2Type as string,",
				"          Mortgage2Amount as string,",
				"          Mortgage2LenderCode as string,",
				"          Mortgage2LenderNameFullStandardized as string,",
				"          Mortgage2LenderNameFirst as string,",
				"          Mortgage2LenderNameLast as string,",
				"          Mortgage2LenderAddress as string,",
				"          Mortgage2LenderAddressCity as string,",
				"          Mortgage2LenderAddressState as string,",
				"          Mortgage2LenderAddressZIP as string,",
				"          Mortgage2LenderAddressZIP4 as string,",
				"          Mortgage2LenderInfoEntityClassification as string,",
				"          Mortgage2LenderInfoSellerCarryBackFlag as string,",
				"          Mortgage2Term as string,",
				"          Mortgage2TermType as string,",
				"          Mortgage2TermDate as string,",
				"          Mortgage2InfoPrepaymentPenaltyFlag as string,",
				"          Mortgage2InfoPrepaymentTerm as string,",
				"          Mortgage2InterestRateType as string,",
				"          Mortgage2InterestRate as string,",
				"          Mortgage2InterestTypeInitial as string,",
				"          Mortgage2FixedStepConversionRate as string,",
				"          Mortgage2DocumentInfoRiderAdjustableRateFlag as string,",
				"          Mortgage2InfoInterestTypeChangeYear as string,",
				"          Mortgage2InfoInterestTypeChangeMonth as string,",
				"          Mortgage2InfoInterestTypeChangeDay as string,",
				"          Mortgage2InterestRateMinFirstChangeRateConversion as string,",
				"          Mortgage2InterestRateMaxFirstChangeRateConversion as string,",
				"          Mortgage2InterestChangeFrequency as string,",
				"          Mortgage2InterestMargin as string,",
				"          Mortgage2InterestIndex as string,",
				"          Mortgage2InterestRateMax as string,",
				"          Mortgage2AdjustableRateIndex as string,",
				"          Mortgage2InterestOnlyFlag as string,",
				"          Mortgage2InterestOnlyPeriod as string,",
				"          TransferInfoPurchaseDownPayment as string,",
				"          TransferInfoPurchaseLoanToValue as string,",
				"          LastUpdated as string,",
				"          PublicationDate as string,",
				"          load_order as long,",
				"          file_name as string",
				"     ),",
				"     format: 'table',",
				"     store: 'sqlserver',",
				"     schemaName: ($dfPar_TgtSchema),",
				"     tableName: ($dfPar_TgtTable),",
				"     insertable: true,",
				"     updateable: false,",
				"     deletable: false,",
				"     upsertable: false,",
				"     skipDuplicateMapInputs: true,",
				"     skipDuplicateMapOutputs: true,",
				"     errorHandlingOption: 'allErrors',",
				"     outputRejectedData: true,",
				"     rejectedData_fileSystem: ($dfPar_SrcContainer),",
				"     rejectedData_folderPath: ($dfPar_ErrFolder),",
				"     transactionCommit: 'single',",
				"     reportSuccessOnError: false,",
				"     outputAssertFailedRows: true,",
				"     assertFailure_fileSystem: ($dfPar_SrcContainer),",
				"     assertFailure_folderPath: ($dfPar_ErrFolder),",
				"     mapColumn(",
				"          TransactionID,",
				"          ATTOM_ID = {[ATTOM ID]},",
				"          DocumentRecordingStateCode,",
				"          DocumentRecordingCountyName,",
				"          DocumentRecordingJurisdictionName,",
				"          DocumentRecordingCountyFIPs,",
				"          DocumentTypeCode,",
				"          DocumentNumberFormatted,",
				"          DocumentNumberLegacy,",
				"          InstrumentNumber,",
				"          Book,",
				"          Page,",
				"          InstrumentDate,",
				"          RecordingDate,",
				"          TransactionType,",
				"          TransferInfoPurchaseTypeCode,",
				"          ForeclosureAuctionSale,",
				"          TransferInfoDistressCircumstanceCode,",
				"          QuitclaimFlag,",
				"          TransferInfoMultiParcelFlag,",
				"          ArmsLengthFlag,",
				"          PartialInterest,",
				"          TransferAmount,",
				"          TransferAmountInfoAccuracy,",
				"          TransferTaxTotal,",
				"          TransferTaxCity,",
				"          TransferTaxCounty,",
				"          Grantor1NameFull,",
				"          Grantor1NameFirst,",
				"          Grantor1NameMiddle,",
				"          Grantor1NameLast,",
				"          Grantor1NameSuffix,",
				"          Grantor1InfoEntityClassification,",
				"          Grantor1InfoOwnerType,",
				"          Grantor2NameFull,",
				"          Grantor2NameFirst,",
				"          Grantor2NameMiddle,",
				"          Grantor2NameLast,",
				"          Grantor2NameSuffix,",
				"          Grantor2InfoEntityClassification,",
				"          Grantor2InfoOwnerType,",
				"          Grantor3NameFull,",
				"          Grantor3NameFirst,",
				"          Grantor3NameMiddle,",
				"          Grantor3NameLast,",
				"          Grantor3NameSuffix,",
				"          Grantor3InfoEntityClassification,",
				"          Grantor4NameFull,",
				"          Grantor4NameFirst,",
				"          Grantor4NameMiddle,",
				"          Grantor4NameLast,",
				"          Grantor4NameSuffix,",
				"          Grantor4InfoEntityClassification,",
				"          GrantorAddressFull,",
				"          GrantorAddressHouseNumber,",
				"          GrantorAddressStreetDirection,",
				"          GrantorAddressStreetName,",
				"          GrantorAddressStreetSuffix,",
				"          GrantorAddressStreetPostDirection,",
				"          GrantorAddressUnitPrefix,",
				"          GrantorAddressUnitValue,",
				"          GrantorAddressCity,",
				"          GrantorAddressState,",
				"          GrantorAddressZIP,",
				"          GrantorAddressZIP4,",
				"          GrantorAddressCRRT,",
				"          GrantorAddressInfoFormat,",
				"          GrantorAddressInfoPrivacy,",
				"          Grantee1NameFull,",
				"          Grantee1NameFirst,",
				"          Grantee1NameMiddle,",
				"          Grantee1NameLast,",
				"          Grantee1NameSuffix,",
				"          Grantee1InfoEntityClassification,",
				"          Grantee1InfoOwnerType,",
				"          Grantee2NameFull,",
				"          Grantee2NameFirst,",
				"          Grantee2NameMiddle,",
				"          Grantee2NameLast,",
				"          Grantee2NameSuffix,",
				"          Grantee2InfoEntityClassification,",
				"          GranteeInfoVesting1,",
				"          Grantee3NameFull,",
				"          Grantee3NameFirst,",
				"          Grantee3NameMiddle,",
				"          Grantee3NameLast,",
				"          Grantee3NameSuffix,",
				"          Grantee3InfoEntityClassification,",
				"          Grantee4NameFull,",
				"          Grantee4NameFirst,",
				"          Grantee4NameMiddle,",
				"          Grantee4NameLast,",
				"          Grantee4NameSuffix,",
				"          Grantee4InfoEntityClassification,",
				"          GranteeMailCareOfName,",
				"          GranteeInfoEntityCount,",
				"          GranteeInfoVesting2,",
				"          GranteeInvestorFlag,",
				"          GranteeMailAddressFull,",
				"          GranteeMailAddressHouseNumber,",
				"          GranteeMailAddressStreetDirection,",
				"          GranteeMailAddressStreetName,",
				"          GranteeMailAddressStreetSuffix,",
				"          GranteeMailAddressStreetPostDirection,",
				"          GranteeMailAddressUnitPrefix,",
				"          GranteeMailAddressUnitValue,",
				"          GranteeMailAddressCity,",
				"          GranteeMailAddressState,",
				"          GranteeMailAddressZIP,",
				"          GranteeMailAddressZIP4,",
				"          GranteeMailAddressCRRT,",
				"          GranteeMailAddressInfoFormat,",
				"          GranteeMailAddressInfoPrivacy,",
				"          GranteeGrantorOwnerRelationshipCode,",
				"          TitleCompanyStandardizedCode,",
				"          TitleCompanyStandardizedName,",
				"          TitleCompanyRaw,",
				"          LegalDescriptionPart1,",
				"          LegalDescriptionPart2,",
				"          LegalDescriptionPart3,",
				"          LegalDescriptionPart4,",
				"          LegalRange,",
				"          LegalTownship,",
				"          LegalSection,",
				"          LegalDistrict,",
				"          LegalSubDivision,",
				"          LegalTract,",
				"          LegalBlock,",
				"          LegalLot,",
				"          LegalUnit,",
				"          LegalPlatMapBook,",
				"          LegalPlatMapPage,",
				"          APNFormatted,",
				"          APNOriginal,",
				"          PropertyAddressFull,",
				"          PropertyAddressHouseNumber,",
				"          PropertyAddressStreetDirection,",
				"          PropertyAddressStreetName,",
				"          PropertyAddressStreetSuffix,",
				"          PropertyAddressStreetPostDirection,",
				"          PropertyAddressUnitPrefix,",
				"          PropertyAddressUnitValue,",
				"          PropertyAddressCity,",
				"          PropertyAddressState,",
				"          PropertyAddressZIP,",
				"          PropertyAddressZIP4,",
				"          PropertyAddressCRRT,",
				"          PropertyAddressInfoFormat,",
				"          PropertyAddressInfoPrivacy,",
				"          RecorderMapReference,",
				"          PropertyUseGroup,",
				"          PropertyUseStandardized,",
				"          Mortgage1DocumentNumberFormatted,",
				"          Mortgage1DocumentNumberLegacy,",
				"          Mortgage1InstrumentNumber,",
				"          Mortgage1Book,",
				"          Mortgage1Page,",
				"          Mortgage1RecordingDate,",
				"          Mortgage1Type,",
				"          Mortgage1Amount,",
				"          Mortgage1LenderCode,",
				"          Mortgage1LenderNameFullStandardized,",
				"          Mortgage1LenderNameFirst,",
				"          Mortgage1LenderNameLast,",
				"          Mortgage1LenderAddress,",
				"          Mortgage1LenderAddressCity,",
				"          Mortgage1LenderAddressState,",
				"          Mortgage1LenderAddressZIP,",
				"          Mortgage1LenderAddressZIP4,",
				"          Mortgage1LenderInfoEntityClassification,",
				"          Mortgage1LenderInfoSellerCarryBackFlag,",
				"          Mortgage1Term,",
				"          Mortgage1TermType,",
				"          Mortgage1TermDate,",
				"          Mortgage1InfoPrepaymentPenaltyFlag,",
				"          Mortgage1InfoPrepaymentTerm,",
				"          Mortgage1InterestRateType,",
				"          Mortgage1InterestRate,",
				"          Mortgage1InterestTypeInitial,",
				"          Mortgage1FixedStepConversionRate,",
				"          Mortgage1DocumentInfoRiderAdjustableRateFlag,",
				"          Mortgage1InfoInterestTypeChangeYear,",
				"          Mortgage1InfoInterestTypeChangeMonth,",
				"          Mortgage1InfoInterestTypeChangeDay,",
				"          Mortgage1InterestRateMinFirstChangeRateConversion,",
				"          Mortgage1InterestRateMaxFirstChangeRateConversion,",
				"          Mortgage1InterestChangeFrequency,",
				"          Mortgage1InterestMargin,",
				"          Mortgage1InterestIndex,",
				"          Mortgage1InterestRateMax,",
				"          Mortgage1AdjustableRateIndex,",
				"          Mortgage1InterestOnlyFlag,",
				"          Mortgage1InterestOnlyPeriod,",
				"          Mortgage2DocumentNumberFormatted,",
				"          Mortgage2DocumentNumberLegacy,",
				"          Mortgage2InstrumentNumber,",
				"          Mortgage2Book,",
				"          Mortgage2Page,",
				"          Mortgage2RecordingDate,",
				"          Mortgage2Type,",
				"          Mortgage2Amount,",
				"          Mortgage2LenderCode,",
				"          Mortgage2LenderNameFullStandardized,",
				"          Mortgage2LenderNameFirst,",
				"          Mortgage2LenderNameLast,",
				"          Mortgage2LenderAddress,",
				"          Mortgage2LenderAddressCity,",
				"          Mortgage2LenderAddressState,",
				"          Mortgage2LenderAddressZIP,",
				"          Mortgage2LenderAddressZIP4,",
				"          Mortgage2LenderInfoEntityClassification,",
				"          Mortgage2LenderInfoSellerCarryBackFlag,",
				"          Mortgage2Term,",
				"          Mortgage2TermType,",
				"          Mortgage2TermDate,",
				"          Mortgage2InfoPrepaymentPenaltyFlag,",
				"          Mortgage2InfoPrepaymentTerm,",
				"          Mortgage2InterestRateType,",
				"          Mortgage2InterestRate,",
				"          Mortgage2InterestTypeInitial,",
				"          Mortgage2FixedStepConversionRate,",
				"          Mortgage2DocumentInfoRiderAdjustableRateFlag,",
				"          Mortgage2InfoInterestTypeChangeYear,",
				"          Mortgage2InfoInterestTypeChangeMonth,",
				"          Mortgage2InfoInterestTypeChangeDay,",
				"          Mortgage2InterestRateMinFirstChangeRateConversion,",
				"          Mortgage2InterestRateMaxFirstChangeRateConversion,",
				"          Mortgage2InterestChangeFrequency,",
				"          Mortgage2InterestMargin,",
				"          Mortgage2InterestIndex,",
				"          Mortgage2InterestRateMax,",
				"          Mortgage2AdjustableRateIndex,",
				"          Mortgage2InterestOnlyFlag,",
				"          Mortgage2InterestOnlyPeriod,",
				"          TransferInfoPurchaseDownPayment,",
				"          TransferInfoPurchaseLoanToValue,",
				"          LastUpdated,",
				"          PublicationDate,",
				"          load_order,",
				"          file_name",
				"     )) ~> sinkTgtDB"
			]
		}
	}
}