{
	"name": "df_load_arcgis_propertydeletes",
	"properties": {
		"folder": {
			"name": "ArcGIS"
		},
		"type": "MappingDataFlow",
		"typeProperties": {
			"sources": [
				{
					"linkedService": {
						"referenceName": "lnks_edw_adls_rawstor",
						"type": "LinkedServiceReference"
					},
					"name": "sourceFile"
				}
			],
			"sinks": [
				{
					"linkedService": {
						"referenceName": "lnks_arcgis_asqlmi_nwedw",
						"type": "LinkedServiceReference"
					},
					"name": "sinkDB"
				}
			],
			"transformations": [
				{
					"name": "derivedColumns"
				}
			],
			"scriptLines": [
				"parameters{",
				"     dfPar_SrcContainer as string ('raw-arcgis'),",
				"     dfPar_SrcFolder as string ('parcels/unzipped/NORTHWEST_FARM_CREDIT_SERVICES_MONTHLY_PROPERTYDELETES_0018_20230706.zip'),",
				"     dfPar_SrcFile as string ('NORTHWEST_FARM_CREDIT_SERVICES_MONTHLY_PROPERTYDELETES_0018_20230706.txt'),",
				"     dfPar_TgtSchema as string ('work_dev'),",
				"     dfPar_TgtTable as string ('work_property_deletes'),",
				"     dfPar_SrcDelimiter as string ('\\t'),",
				"     dfPar_LoadOrder as string ('202307060018'),",
				"     dfPar_ErrFolder as string ('parcels/bad_record_propertydelete')",
				"}",
				"source(output(",
				"          {[ATTOM ID]} as string",
				"     ),",
				"     useSchema: false,",
				"     allowSchemaDrift: true,",
				"     validateSchema: false,",
				"     ignoreNoFilesFound: false,",
				"     format: 'delimited',",
				"     fileSystem: ($dfPar_SrcContainer),",
				"     folderPath: ($dfPar_SrcFolder),",
				"     fileName: ($dfPar_SrcFile),",
				"     columnDelimiter: ($dfPar_SrcDelimiter),",
				"     escapeChar: '',",
				"     quoteChar: '',",
				"     columnNamesAsHeader: true) ~> sourceFile",
				"sourceFile derive(load_order = $dfPar_LoadOrder,",
				"          file_name = $dfPar_SrcFile) ~> derivedColumns",
				"derivedColumns sink(allowSchemaDrift: true,",
				"     validateSchema: false,",
				"     input(",
				"          ATTOM_ID as string,",
				"          load_order as long,",
				"          file_name as string",
				"     ),",
				"     format: 'table',",
				"     store: 'sqlserver',",
				"     schemaName: ($dfPar_TgtSchema),",
				"     tableName: ($dfPar_TgtTable),",
				"     insertable: true,",
				"     updateable: false,",
				"     deletable: false,",
				"     upsertable: false,",
				"     skipDuplicateMapInputs: true,",
				"     skipDuplicateMapOutputs: true,",
				"     errorHandlingOption: 'allErrors',",
				"     outputRejectedData: true,",
				"     rejectedData_container: ($dfPar_SrcContainer),",
				"     rejectedData_folderPath: ($dfPar_ErrFolder),",
				"     transactionCommit: 'single',",
				"     reportSuccessOnError: false,",
				"     outputAssertFailedRows: true,",
				"     assertFailure_container: ($dfPar_SrcContainer),",
				"     assertFailure_folderPath: ($dfPar_ErrFolder),",
				"     mapColumn(",
				"          ATTOM_ID = {[ATTOM ID]},",
				"          load_order,",
				"          file_name",
				"     )) ~> sinkDB"
			]
		}
	}
}