{
	"name": "df_load_arcgis_mls_deletes",
	"properties": {
		"folder": {
			"name": "ArcGIS"
		},
		"type": "MappingDataFlow",
		"typeProperties": {
			"sources": [
				{
					"linkedService": {
						"referenceName": "lnks_edw_adls_rawstor",
						"type": "LinkedServiceReference"
					},
					"name": "sourceFile"
				}
			],
			"sinks": [
				{
					"linkedService": {
						"referenceName": "lnks_arcgis_asqlmi_nwedw",
						"type": "LinkedServiceReference"
					},
					"name": "sinkDB"
				}
			],
			"transformations": [
				{
					"name": "derivedColumns"
				}
			],
			"scriptLines": [
				"parameters{",
				"     dfPar_SrcContainer as string ('raw-arcgis'),",
				"     dfPar_SrcFolder as string ('mls/unzipped/agwest-cc-1_1_20230705044333.zip'),",
				"     dfPar_SrcFile as string ('agwest-cc-1_1_20230705044333_deletes.csv'),",
				"     dfPar_TgtSchema as string ('work_arcgis'),",
				"     dfPar_TgtTable as string ('work_mls_deletes'),",
				"     dfPar_SrcDelimiter as string (','),",
				"     dfPar_LoadOrder as string ('20230705044333'),",
				"     dfPar_ErrFolder as string ('mls/ETL_ERRORS/mls_deletes')",
				"}",
				"source(output(",
				"          cc_property_id_1 as string,",
				"          cc_record_id_1 as string",
				"     ),",
				"     useSchema: false,",
				"     allowSchemaDrift: true,",
				"     validateSchema: false,",
				"     ignoreNoFilesFound: false,",
				"     format: 'delimited',",
				"     fileSystem: ($dfPar_SrcContainer),",
				"     folderPath: ($dfPar_SrcFolder),",
				"     fileName: ($dfPar_SrcFile),",
				"     columnDelimiter: ($dfPar_SrcDelimiter),",
				"     escapeChar: '\\\\',",
				"     quoteChar: '\\\"',",
				"     columnNamesAsHeader: true) ~> sourceFile",
				"sourceFile derive(load_order = $dfPar_LoadOrder,",
				"          file_name = $dfPar_SrcFile) ~> derivedColumns",
				"derivedColumns sink(allowSchemaDrift: true,",
				"     validateSchema: false,",
				"     input(",
				"          cc_property_id_1 as string,",
				"          cc_record_id_1 as string,",
				"          load_order as long,",
				"          file_name as string",
				"     ),",
				"     format: 'table',",
				"     store: 'sqlserver',",
				"     schemaName: ($dfPar_TgtSchema),",
				"     tableName: ($dfPar_TgtTable),",
				"     insertable: true,",
				"     updateable: false,",
				"     deletable: false,",
				"     upsertable: false,",
				"     skipDuplicateMapInputs: true,",
				"     skipDuplicateMapOutputs: true,",
				"     errorHandlingOption: 'allErrors',",
				"     outputRejectedData: true,",
				"     rejectedData_container: ($dfPar_SrcContainer),",
				"     rejectedData_folderPath: ($dfPar_ErrFolder),",
				"     transactionCommit: 'single',",
				"     reportSuccessOnError: false,",
				"     outputAssertFailedRows: true,",
				"     assertFailure_container: ($dfPar_SrcContainer),",
				"     assertFailure_folderPath: ($dfPar_ErrFolder),",
				"     mapColumn(",
				"          cc_property_id_1,",
				"          cc_record_id_1,",
				"          load_order,",
				"          file_name",
				"     )) ~> sinkDB"
			]
		}
	}
}