{
	"name": "df_load_arcgis_mls_listings_history",
	"properties": {
		"folder": {
			"name": "ArcGIS"
		},
		"type": "MappingDataFlow",
		"typeProperties": {
			"sources": [
				{
					"linkedService": {
						"referenceName": "lnks_edw_adls_rawstor",
						"type": "LinkedServiceReference"
					},
					"name": "sourceFile"
				}
			],
			"sinks": [
				{
					"linkedService": {
						"referenceName": "lnks_arcgis_asqlmi_nwedw",
						"type": "LinkedServiceReference"
					},
					"name": "sinkDB"
				}
			],
			"transformations": [
				{
					"name": "derivedColumns"
				}
			],
			"scriptLines": [
				"parameters{",
				"     dfPar_SrcContainer as string ('raw-arcgis'),",
				"     dfPar_SrcFolder as string ('mls/AGWEST_20240423.zip'),",
				"     dfPar_SrcFile as string ('AGWEST_20240423.txt'),",
				"     dfPar_TgtSchema as string ('work_arcgis'),",
				"     dfPar_TgtTable as string ('work_mls_listings'),",
				"     dfPar_SrcDelimiter as string ('|'),",
				"     dfPar_LoadOrder as string ('20230628042005'),",
				"     dfPar_ErrFolder as string ('mls/ETL_ERRORS/mls_listings')",
				"}",
				"source(output(",
				"          Deprecated1 as string,",
				"          MLSRecordID as string,",
				"          MLSListingID as string,",
				"          Deprecated2 as string,",
				"          StatusChangeDate as string,",
				"          {[ATTOM ID]} as string,",
				"          PropertyAddressFull as string,",
				"          PropertyAddressHouseNumber as string,",
				"          PropertyAddressStreetDirection as string,",
				"          PropertyAddressStreetName as string,",
				"          PropertyAddressStreetSuffix as string,",
				"          PropertyAddressStreetPostDirection as string,",
				"          PropertyAddressUnitPrefix as string,",
				"          PropertyAddressUnitValue as string,",
				"          Deprecated3 as string,",
				"          PropertyAddressCity as string,",
				"          PropertyAddressState as string,",
				"          PropertyAddressZIP as string,",
				"          PropertyAddressZIP4 as string,",
				"          SitusCounty as string,",
				"          MLSListingAddress as string,",
				"          MLSListingCity as string,",
				"          MLSListingState as string,",
				"          MLSListingZip as string,",
				"          MLSListingCountyFIPS as string,",
				"          AssessorLastSaleAmount as string,",
				"          AssessorLastSaleDate as string,",
				"          MarketValue as string,",
				"          AvgMarketPricePerSqFt as string,",
				"          Deprecated4 as string,",
				"          MLSSource as string,",
				"          ListingStatus as string,",
				"          ListingDate as string,",
				"          LatestListingPrice as string,",
				"          SpecialListingConditions as string,",
				"          LeaseDate as string,",
				"          MLSNumber as string,",
				"          Concessions as string,",
				"          ConcessionsAmount as string,",
				"          ConcessionsComments as string,",
				"          ContingencyDate as string,",
				"          ContingencyDescription as string,",
				"          ATTOMPropertyTypeStandard as string,",
				"          MLSPropertyType as string,",
				"          MLSPropertySubType as string,",
				"          OwnershipDescription as string,",
				"          DaysOnMarket as string,",
				"          CumulativeDaysOnMarket as string,",
				"          Latitude as string,",
				"          Longitude as string,",
				"          APNFormatted as string,",
				"          LegalDescription as string,",
				"          LegalSubdivision as string,",
				"          ListingAgentFullName as string,",
				"          ListingAgentMLSID as string,",
				"          ListingAgentStateLicense as string,",
				"          ListingAgentAOR as string,",
				"          ListingAgentPreferredPhone as string,",
				"          ListingAgentEmail as string,",
				"          ListingOfficeName as string,",
				"          ListingOfficeMlsId as string,",
				"          ListingOfficeAOR as string,",
				"          ListingOfficePhone as string,",
				"          ListingOfficeEmail as string,",
				"          BuyerAgentFullName as string,",
				"          BuyerAgentMLSID as string,",
				"          BuyerAgentStateLicense as string,",
				"          BuyerAgentAOR as string,",
				"          BuyerAgentPreferredPhone as string,",
				"          BuyerAgentEmail as string,",
				"          BuyerOfficeName as string,",
				"          BuyerOfficeMlsId as string,",
				"          BuyerOfficeAOR as string,",
				"          BuyerOfficePhone as string,",
				"          BuyerOfficeEmail as string,",
				"          PublicListingRemarks as string,",
				"          HomeWarrantyYN as string,",
				"          TaxYearAssessed as string,",
				"          TaxAssessedValueTotal as string,",
				"          TaxAmount as string,",
				"          Deprecated5 as string,",
				"          LandLeaseAmount as string,",
				"          LandLeaseAmountFrequency as string,",
				"          LandLeaseExpirationDate as string,",
				"          AdditionalParcelsYN as string,",
				"          OwnerName as string,",
				"          OwnerVesting as string,",
				"          YearBuilt as string,",
				"          YearBuiltEffective as string,",
				"          NewConstructionYN as string,",
				"          BuilderName as string,",
				"          NumberOfLots as string,",
				"          LotSizeSquareFeet as string,",
				"          LotSizeSource as string,",
				"          LotDimensions as string,",
				"          LotFeatureList as string,",
				"          FrontageLength as string,",
				"          LivingAreaSquareFeet as string,",
				"          LivingAreaSource as string,",
				"          Stories as string,",
				"          BuildingStoriesTotal as string,",
				"          NumberOfUnitsTotal as string,",
				"          RoomsTotal as string,",
				"          BedroomsTotal as string,",
				"          BathroomsFull as string,",
				"          BathroomsHalf as string,",
				"          Deprecated6 as string,",
				"          Deprecated7 as string,",
				"          Deprecated8 as string,",
				"          Deprecated9 as string,",
				"          Deprecated10 as string,",
				"          Deprecated11 as string,",
				"          Basement as string,",
				"          BelowGradeSquareFeet as string,",
				"          BasementTotalSqFt as string,",
				"          BasementUnfinishedSqFt as string,",
				"          PropertyCondition as string,",
				"          RepairsYN as string,",
				"          RepairsDescription as string,",
				"          Disclosures as string,",
				"          ConstructionMaterials as string,",
				"          GarageSpaces as string,",
				"          {Garage } as string,",
				"          ParkingFeatures as string,",
				"          ParkingOther as string,",
				"          PoolFeatures as string,",
				"          Occupancy as string,",
				"          {[View]} as string,",
				"          HeatingFeatures as string,",
				"          Cooling as string,",
				"          Fireplace as string,",
				"          FireplaceNumber as string,",
				"          FoundationFeatures as string,",
				"          Roof as string,",
				"          ArchitecturalStyle as string,",
				"          PorchPatioYN as string,",
				"          Utilities as string,",
				"          ElectricIncluded as string,",
				"          ElectricDescription as string,",
				"          WaterSource as string,",
				"          Sewer as string,",
				"          GasDescription as string,",
				"          OtherEquipmentIncluded as string,",
				"          LaundryFeatures as string,",
				"          Appliances as string,",
				"          InteriorFeatures as string,",
				"          ExteriorFeatures as string,",
				"          FencingFeatures as string,",
				"          HorseZoningYN as string,",
				"          SeniorCommunityYN as string,",
				"          ZoningCode as string,",
				"          ZoningDescription as string,",
				"          CurrentUse as string,",
				"          PossibleUse as string,",
				"          AssociationYN as string,",
				"          Association1Name as string,",
				"          Association1Phone as string,",
				"          Association1Fee as string,",
				"          Association1FeeFrequency as string,",
				"          Association2Name as string,",
				"          Association2Phone as string,",
				"          Association2Fee as string,",
				"          Association2FeeFrequency as string,",
				"          AssociationFeeIncludes as string,",
				"          AssociationAmenities as string,",
				"          SchoolElementary as string,",
				"          SchoolElementaryDistrict as string,",
				"          SchoolMiddle as string,",
				"          SchoolMiddleDistrict as string,",
				"          SchoolHigh as string,",
				"          SchoolHighDistrict as string,",
				"          Photo1 as string,",
				"          Photo2 as string,",
				"          Photo3 as string,",
				"          Photo4 as string,",
				"          Photo5 as string,",
				"          Photo6 as string,",
				"          Photo7 as string,",
				"          Photo8 as string,",
				"          Photo9 as string,",
				"          Photo10 as string,",
				"          Photo11 as string,",
				"          Photo12 as string,",
				"          Photo13 as string,",
				"          Photo14 as string,",
				"          Photo15 as string,",
				"          Photo16 as string,",
				"          Photo17 as string,",
				"          Photo18 as string,",
				"          Photo19 as string,",
				"          Photo20 as string,",
				"          Photo21 as string,",
				"          Photo22 as string,",
				"          Photo23 as string,",
				"          Photo24 as string,",
				"          Photo25 as string,",
				"          Photo26 as string,",
				"          Photo27 as string,",
				"          Photo28 as string,",
				"          Photo29 as string,",
				"          Photo30 as string",
				"     ),",
				"     useSchema: false,",
				"     allowSchemaDrift: true,",
				"     validateSchema: false,",
				"     ignoreNoFilesFound: false,",
				"     format: 'delimited',",
				"     fileSystem: ($dfPar_SrcContainer),",
				"     folderPath: ($dfPar_SrcFolder),",
				"     fileName: ($dfPar_SrcFile),",
				"     columnDelimiter: ($dfPar_SrcDelimiter),",
				"     escapeChar: '',",
				"     quoteChar: '',",
				"     encodingName: 'IBM437',",
				"     columnNamesAsHeader: true) ~> sourceFile",
				"sourceFile derive(load_order = $dfPar_LoadOrder,",
				"          file_name = $dfPar_SrcFile) ~> derivedColumns",
				"derivedColumns sink(allowSchemaDrift: true,",
				"     validateSchema: false,",
				"     input(",
				"          Deprecated1 as string,",
				"          MLSRecordID as string,",
				"          MLSListingID as string,",
				"          Deprecated2 as string,",
				"          StatusChangeDate as string,",
				"          {ATTOM ID} as string,",
				"          PropertyAddressFull as string,",
				"          PropertyAddressHouseNumber as string,",
				"          PropertyAddressStreetDirection as string,",
				"          PropertyAddressStreetName as string,",
				"          PropertyAddressStreetSuffix as string,",
				"          PropertyAddressStreetPostDirection as string,",
				"          PropertyAddressUnitPrefix as string,",
				"          PropertyAddressUnitValue as string,",
				"          Deprecated3 as string,",
				"          PropertyAddressCity as string,",
				"          PropertyAddressState as string,",
				"          PropertyAddressZIP as string,",
				"          PropertyAddressZIP4 as string,",
				"          SitusCounty as string,",
				"          MLSListingAddress as string,",
				"          MLSListingCity as string,",
				"          MLSListingState as string,",
				"          MLSListingZip as string,",
				"          MLSListingCountyFIPS as string,",
				"          AssessorLastSaleAmount as string,",
				"          AssessorLastSaleDate as string,",
				"          MarketValue as string,",
				"          AvgMarketPricePerSqFt as string,",
				"          Deprecated4 as string,",
				"          MLSSource as string,",
				"          ListingStatus as string,",
				"          ListingDate as string,",
				"          LatestListingPrice as string,",
				"          SpecialListingConditions as string,",
				"          LeaseDate as string,",
				"          MLSNumber as string,",
				"          Concessions as string,",
				"          ConcessionsAmount as string,",
				"          ConcessionsComments as string,",
				"          ContingencyDate as string,",
				"          ContingencyDescription as string,",
				"          ATTOMPropertyTypeStandard as string,",
				"          MLSPropertyType as string,",
				"          MLSPropertySubType as string,",
				"          OwnershipDescription as string,",
				"          DaysOnMarket as string,",
				"          CumulativeDaysOnMarket as string,",
				"          Latitude as string,",
				"          Longitude as string,",
				"          APNFormatted as string,",
				"          LegalDescription as string,",
				"          LegalSubdivision as string,",
				"          ListingAgentFullName as string,",
				"          ListingAgentMLSID as string,",
				"          ListingAgentStateLicense as string,",
				"          ListingAgentAOR as string,",
				"          ListingAgentPreferredPhone as string,",
				"          ListingAgentEmail as string,",
				"          ListingOfficeName as string,",
				"          ListingOfficeMlsId as string,",
				"          ListingOfficeAOR as string,",
				"          ListingOfficePhone as string,",
				"          ListingOfficeEmail as string,",
				"          BuyerAgentFullName as string,",
				"          BuyerAgentMLSID as string,",
				"          BuyerAgentStateLicense as string,",
				"          BuyerAgentAOR as string,",
				"          BuyerAgentPreferredPhone as string,",
				"          BuyerAgentEmail as string,",
				"          BuyerOfficeName as string,",
				"          BuyerOfficeMlsId as string,",
				"          BuyerOfficeAOR as string,",
				"          BuyerOfficePhone as string,",
				"          BuyerOfficeEmail as string,",
				"          PublicListingRemarks as string,",
				"          HomeWarrantyYN as string,",
				"          TaxYearAssessed as string,",
				"          TaxAssessedValueTotal as string,",
				"          TaxAmount as string,",
				"          Deprecated5 as string,",
				"          LandLeaseAmount as string,",
				"          LandLeaseAmountFrequency as string,",
				"          LandLeaseExpirationDate as string,",
				"          AdditionalParcelsYN as string,",
				"          OwnerName as string,",
				"          OwnerVesting as string,",
				"          YearBuilt as string,",
				"          YearBuiltEffective as string,",
				"          NewConstructionYN as string,",
				"          BuilderName as string,",
				"          NumberOfLots as string,",
				"          LotSizeSquareFeet as string,",
				"          LotSizeSource as string,",
				"          LotDimensions as string,",
				"          LotFeatureList as string,",
				"          FrontageLength as string,",
				"          LivingAreaSquareFeet as string,",
				"          LivingAreaSource as string,",
				"          Stories as string,",
				"          BuildingStoriesTotal as string,",
				"          NumberOfUnitsTotal as string,",
				"          RoomsTotal as string,",
				"          BedroomsTotal as string,",
				"          BathroomsFull as string,",
				"          BathroomsHalf as string,",
				"          Deprecated6 as string,",
				"          Deprecated7 as string,",
				"          Deprecated8 as string,",
				"          Deprecated9 as string,",
				"          Deprecated10 as string,",
				"          Deprecated11 as string,",
				"          Basement as string,",
				"          BelowGradeSquareFeet as string,",
				"          BasementTotalSqFt as string,",
				"          BasementUnfinishedSqFt as string,",
				"          PropertyCondition as string,",
				"          RepairsYN as string,",
				"          RepairsDescription as string,",
				"          Disclosures as string,",
				"          ConstructionMaterials as string,",
				"          GarageSpaces as string,",
				"          Garage as string,",
				"          ParkingFeatures as string,",
				"          ParkingOther as string,",
				"          PoolFeatures as string,",
				"          Occupancy as string,",
				"          View as string,",
				"          HeatingFeatures as string,",
				"          Cooling as string,",
				"          Fireplace as string,",
				"          FireplaceNumber as string,",
				"          FoundationFeatures as string,",
				"          Roof as string,",
				"          ArchitecturalStyle as string,",
				"          PorchPatioYN as string,",
				"          Utilities as string,",
				"          ElectricIncluded as string,",
				"          ElectricDescription as string,",
				"          WaterSource as string,",
				"          Sewer as string,",
				"          GasDescription as string,",
				"          OtherEquipmentIncluded as string,",
				"          LaundryFeatures as string,",
				"          Appliances as string,",
				"          InteriorFeatures as string,",
				"          ExteriorFeatures as string,",
				"          FencingFeatures as string,",
				"          HorseZoningYN as string,",
				"          SeniorCommunityYN as string,",
				"          ZoningCode as string,",
				"          ZoningDescription as string,",
				"          CurrentUse as string,",
				"          PossibleUse as string,",
				"          AssociationYN as string,",
				"          Association1Name as string,",
				"          Association1Phone as string,",
				"          Association1Fee as string,",
				"          Association1FeeFrequency as string,",
				"          Association2Name as string,",
				"          Association2Phone as string,",
				"          Association2Fee as string,",
				"          Association2FeeFrequency as string,",
				"          AssociationFeeIncludes as string,",
				"          AssociationAmenities as string,",
				"          SchoolElementary as string,",
				"          SchoolElementaryDistrict as string,",
				"          SchoolMiddle as string,",
				"          SchoolMiddleDistrict as string,",
				"          SchoolHigh as string,",
				"          SchoolHighDistrict as string,",
				"          Photo1 as string,",
				"          Photo2 as string,",
				"          Photo3 as string,",
				"          Photo4 as string,",
				"          Photo5 as string,",
				"          Photo6 as string,",
				"          Photo7 as string,",
				"          Photo8 as string,",
				"          Photo9 as string,",
				"          Photo10 as string,",
				"          Photo11 as string,",
				"          Photo12 as string,",
				"          Photo13 as string,",
				"          Photo14 as string,",
				"          Photo15 as string,",
				"          Photo16 as string,",
				"          Photo17 as string,",
				"          Photo18 as string,",
				"          Photo19 as string,",
				"          Photo20 as string,",
				"          Photo21 as string,",
				"          Photo22 as string,",
				"          Photo23 as string,",
				"          Photo24 as string,",
				"          Photo25 as string,",
				"          Photo26 as string,",
				"          Photo27 as string,",
				"          Photo28 as string,",
				"          Photo29 as string,",
				"          Photo30 as string,",
				"          load_order as long,",
				"          file_name as string",
				"     ),",
				"     format: 'table',",
				"     store: 'sqlserver',",
				"     schemaName: ($dfPar_TgtSchema),",
				"     tableName: ($dfPar_TgtTable),",
				"     insertable: true,",
				"     updateable: false,",
				"     deletable: false,",
				"     upsertable: false,",
				"     skipDuplicateMapInputs: true,",
				"     skipDuplicateMapOutputs: true,",
				"     errorHandlingOption: 'allErrors',",
				"     outputRejectedData: true,",
				"     rejectedData_container: ($dfPar_SrcContainer),",
				"     rejectedData_folderPath: ($dfPar_ErrFolder),",
				"     transactionCommit: 'single',",
				"     reportSuccessOnError: false,",
				"     outputAssertFailedRows: true,",
				"     assertFailure_container: ($dfPar_SrcContainer),",
				"     assertFailure_folderPath: ($dfPar_ErrFolder),",
				"     mapColumn(",
				"          Deprecated1,",
				"          MLSRecordID,",
				"          MLSListingID,",
				"          Deprecated2,",
				"          StatusChangeDate,",
				"          {ATTOM ID} = {[ATTOM ID]},",
				"          PropertyAddressFull,",
				"          PropertyAddressHouseNumber,",
				"          PropertyAddressStreetDirection,",
				"          PropertyAddressStreetName,",
				"          PropertyAddressStreetSuffix,",
				"          PropertyAddressStreetPostDirection,",
				"          PropertyAddressUnitPrefix,",
				"          PropertyAddressUnitValue,",
				"          Deprecated3,",
				"          PropertyAddressCity,",
				"          PropertyAddressState,",
				"          PropertyAddressZIP,",
				"          PropertyAddressZIP4,",
				"          SitusCounty,",
				"          MLSListingAddress,",
				"          MLSListingCity,",
				"          MLSListingState,",
				"          MLSListingZip,",
				"          MLSListingCountyFIPS,",
				"          AssessorLastSaleAmount,",
				"          AssessorLastSaleDate,",
				"          MarketValue,",
				"          AvgMarketPricePerSqFt,",
				"          Deprecated4,",
				"          MLSSource,",
				"          ListingStatus,",
				"          ListingDate,",
				"          LatestListingPrice,",
				"          SpecialListingConditions,",
				"          LeaseDate,",
				"          MLSNumber,",
				"          Concessions,",
				"          ConcessionsAmount,",
				"          ConcessionsComments,",
				"          ContingencyDate,",
				"          ContingencyDescription,",
				"          ATTOMPropertyTypeStandard,",
				"          MLSPropertyType,",
				"          MLSPropertySubType,",
				"          OwnershipDescription,",
				"          DaysOnMarket,",
				"          CumulativeDaysOnMarket,",
				"          Latitude,",
				"          Longitude,",
				"          APNFormatted,",
				"          LegalDescription,",
				"          LegalSubdivision,",
				"          ListingAgentFullName,",
				"          ListingAgentMLSID,",
				"          ListingAgentStateLicense,",
				"          ListingAgentAOR,",
				"          ListingAgentPreferredPhone,",
				"          ListingAgentEmail,",
				"          ListingOfficeName,",
				"          ListingOfficeMlsId,",
				"          ListingOfficeAOR,",
				"          ListingOfficePhone,",
				"          ListingOfficeEmail,",
				"          BuyerAgentFullName,",
				"          BuyerAgentMLSID,",
				"          BuyerAgentStateLicense,",
				"          BuyerAgentAOR,",
				"          BuyerAgentPreferredPhone,",
				"          BuyerAgentEmail,",
				"          BuyerOfficeName,",
				"          BuyerOfficeMlsId,",
				"          BuyerOfficeAOR,",
				"          BuyerOfficePhone,",
				"          BuyerOfficeEmail,",
				"          PublicListingRemarks,",
				"          HomeWarrantyYN,",
				"          TaxYearAssessed,",
				"          TaxAssessedValueTotal,",
				"          TaxAmount,",
				"          Deprecated5,",
				"          LandLeaseAmount,",
				"          LandLeaseAmountFrequency,",
				"          LandLeaseExpirationDate,",
				"          AdditionalParcelsYN,",
				"          OwnerName,",
				"          OwnerVesting,",
				"          YearBuilt,",
				"          YearBuiltEffective,",
				"          NewConstructionYN,",
				"          BuilderName,",
				"          NumberOfLots,",
				"          LotSizeSquareFeet,",
				"          LotSizeSource,",
				"          LotDimensions,",
				"          LotFeatureList,",
				"          FrontageLength,",
				"          LivingAreaSquareFeet,",
				"          LivingAreaSource,",
				"          Stories,",
				"          BuildingStoriesTotal,",
				"          NumberOfUnitsTotal,",
				"          RoomsTotal,",
				"          BedroomsTotal,",
				"          BathroomsFull,",
				"          BathroomsHalf,",
				"          Deprecated6,",
				"          Deprecated7,",
				"          Deprecated8,",
				"          Deprecated9,",
				"          Deprecated10,",
				"          Deprecated11,",
				"          Basement,",
				"          BelowGradeSquareFeet,",
				"          BasementTotalSqFt,",
				"          BasementUnfinishedSqFt,",
				"          PropertyCondition,",
				"          RepairsYN,",
				"          RepairsDescription,",
				"          Disclosures,",
				"          ConstructionMaterials,",
				"          GarageSpaces,",
				"          Garage = {Garage },",
				"          ParkingFeatures,",
				"          ParkingOther,",
				"          PoolFeatures,",
				"          Occupancy,",
				"          View = {[View]},",
				"          HeatingFeatures,",
				"          Cooling,",
				"          Fireplace,",
				"          FireplaceNumber,",
				"          FoundationFeatures,",
				"          Roof,",
				"          ArchitecturalStyle,",
				"          PorchPatioYN,",
				"          Utilities,",
				"          ElectricIncluded,",
				"          ElectricDescription,",
				"          WaterSource,",
				"          Sewer,",
				"          GasDescription,",
				"          OtherEquipmentIncluded,",
				"          LaundryFeatures,",
				"          Appliances,",
				"          InteriorFeatures,",
				"          ExteriorFeatures,",
				"          FencingFeatures,",
				"          HorseZoningYN,",
				"          SeniorCommunityYN,",
				"          ZoningCode,",
				"          ZoningDescription,",
				"          CurrentUse,",
				"          PossibleUse,",
				"          AssociationYN,",
				"          Association1Name,",
				"          Association1Phone,",
				"          Association1Fee,",
				"          Association1FeeFrequency,",
				"          Association2Name,",
				"          Association2Phone,",
				"          Association2Fee,",
				"          Association2FeeFrequency,",
				"          AssociationFeeIncludes,",
				"          AssociationAmenities,",
				"          SchoolElementary,",
				"          SchoolElementaryDistrict,",
				"          SchoolMiddle,",
				"          SchoolMiddleDistrict,",
				"          SchoolHigh,",
				"          SchoolHighDistrict,",
				"          Photo1,",
				"          Photo2,",
				"          Photo3,",
				"          Photo4,",
				"          Photo5,",
				"          Photo6,",
				"          Photo7,",
				"          Photo8,",
				"          Photo9,",
				"          Photo10,",
				"          Photo11,",
				"          Photo12,",
				"          Photo13,",
				"          Photo14,",
				"          Photo15,",
				"          Photo16,",
				"          Photo17,",
				"          Photo18,",
				"          Photo19,",
				"          Photo20,",
				"          Photo21,",
				"          Photo22,",
				"          Photo23,",
				"          Photo24,",
				"          Photo25,",
				"          Photo26,",
				"          Photo27,",
				"          Photo28,",
				"          Photo29,",
				"          Photo30,",
				"          load_order,",
				"          file_name",
				"     )) ~> sinkDB"
			]
		}
	}
}