{
	"name": "ir-azure-usw",
	"properties": {
		"type": "Managed",
		"description": "integration runtime in the west us region",
		"typeProperties": {
			"computeProperties": {
				"location": "West US",
				"dataFlowProperties": {
					"computeType": "General",
					"coreCount": 16,
					"timeToLive": 15,
					"cleanup": false
				},
				"pipelineExternalComputeScaleProperties": {
					"timeToLive": 60
				}
			}
		},
		"managedVirtualNetwork": {
			"type": "ManagedVirtualNetworkReference",
			"referenceName": "default"
		}
	}
}