{
	"name": "ds_asqldb_edw_dynmc",
	"properties": {
		"linkedServiceName": {
			"referenceName": "lnks_asqldb_db",
			"type": "LinkedServiceReference",
			"parameters": {
				"lnksPar_ConnStr": {
					"value": "@dataset().dsPar_DBConnStr",
					"type": "Expression"
				},
				"lnksPar_DbName": {
					"value": "@dataset().dsPar_DBName",
					"type": "Expression"
				}
			}
		},
		"parameters": {
			"dsPar_Schema": {
				"type": "string"
			},
			"dsPar_Table": {
				"type": "string"
			},
			"dsPar_DBConnStr": {
				"type": "string"
			},
			"dsPar_DBName": {
				"type": "string"
			}
		},
		"folder": {
			"name": "EDW DB"
		},
		"annotations": [],
		"type": "AzureSqlTable",
		"schema": [],
		"typeProperties": {
			"schema": {
				"value": "@dataset().dsPar_Schema",
				"type": "Expression"
			},
			"table": {
				"value": "@dataset().dsPar_Table",
				"type": "Expression"
			}
		}
	},
	"type": "Microsoft.DataFactory/factories/datasets"
}