{
	"name": "ds_adls_ownbkp_export_folder",
	"properties": {
		"linkedServiceName": {
			"referenceName": "lnks_dynmc_adls",
			"type": "LinkedServiceReference",
			"parameters": {
				"lnksPar_adlsURL": "https://nwedwpusw01stor.dfs.core.windows.net"
			}
		},
		"parameters": {
			"ContainerName": {
				"type": "string"
			},
			"FolderName": {
				"type": "string"
			}
		},
		"folder": {
			"name": "nCino"
		},
		"annotations": [],
		"type": "DelimitedText",
		"typeProperties": {
			"location": {
				"type": "AzureBlobFSLocation",
				"folderPath": {
					"value": "@dataset().FolderName",
					"type": "Expression"
				},
				"fileSystem": {
					"value": "@dataset().ContainerName",
					"type": "Expression"
				}
			},
			"columnDelimiter": ",",
			"compressionCodec": "gzip",
			"escapeChar": "\\",
			"firstRowAsHeader": true,
			"quoteChar": "\""
		},
		"schema": []
	},
	"type": "Microsoft.DataFactory/factories/datasets"
}