{
	"name": "ds_adls_raw_folder_ncino_binary",
	"properties": {
		"linkedServiceName": {
			"referenceName": "lnks_dynmc_adls",
			"type": "LinkedServiceReference",
			"parameters": {
				"lnksPar_adlsURL": {
					"value": "https://nwedwpusw01stor.dfs.core.windows.net",
					"type": "Expression"
				}
			}
		},
		"parameters": {
			"dsPar_Container": {
				"type": "string"
			},
			"dsPar_Folder": {
				"type": "string"
			}
		},
		"annotations": [],
		"type": "Binary",
		"typeProperties": {
			"location": {
				"type": "AzureBlobFSLocation",
				"folderPath": {
					"value": "@dataset().dsPar_Folder",
					"type": "Expression"
				},
				"fileSystem": {
					"value": "@dataset().dsPar_Container",
					"type": "Expression"
				}
			}
		}
	},
	"type": "Microsoft.DataFactory/factories/datasets"
}