{
	"name": "ds_adls_raw_file_cd",
	"properties": {
		"linkedServiceName": {
			"referenceName": "lnks_edw_adls_rawstor",
			"type": "LinkedServiceReference"
		},
		"parameters": {
			"dsPar_Container": {
				"type": "string",
				"defaultValue": "tmp-ncino"
			},
			"dsPar_Folder": {
				"type": "string"
			},
			"dsPar_File": {
				"type": "string"
			},
			"dsPar_Delim": {
				"type": "string",
				"defaultValue": ","
			}
		},
		"folder": {
			"name": "EDW Raw Storage"
		},
		"annotations": [],
		"type": "DelimitedText",
		"typeProperties": {
			"location": {
				"type": "AzureBlobFSLocation",
				"fileName": {
					"value": "@dataset().dsPar_File",
					"type": "Expression"
				},
				"folderPath": {
					"value": "@dataset().dsPar_Folder",
					"type": "Expression"
				},
				"fileSystem": {
					"value": "@dataset().dsPar_Container",
					"type": "Expression"
				}
			},
			"columnDelimiter": {
				"value": "@dataset().dsPar_Delim",
				"type": "Expression"
			},
			"escapeChar": "\"",
			"firstRowAsHeader": true,
			"quoteChar": "\""
		},
		"schema": []
	},
	"type": "Microsoft.DataFactory/factories/datasets"
}