{
	"name": "ds_adls_raw_file_accounts_orig",
	"properties": {
		"linkedServiceName": {
			"referenceName": "lnks_edw_adls_rawstor",
			"type": "LinkedServiceReference"
		},
		"parameters": {
			"dsPar_Container": {
				"type": "string",
				"defaultValue": "raw-ncino"
			},
			"dsPar_Folder": {
				"type": "string"
			},
			"dsPar_File": {
				"type": "string"
			},
			"dsPar_Delim": {
				"type": "string",
				"defaultValue": ","
			}
		},
		"folder": {
			"name": "EDW Raw Storage"
		},
		"annotations": [],
		"type": "DelimitedText",
		"typeProperties": {
			"location": {
				"type": "AzureBlobFSLocation",
				"fileName": {
					"value": "@dataset().dsPar_File",
					"type": "Expression"
				},
				"folderPath": {
					"value": "@dataset().dsPar_Folder",
					"type": "Expression"
				},
				"fileSystem": {
					"value": "@dataset().dsPar_Container",
					"type": "Expression"
				}
			},
			"columnDelimiter": {
				"value": "@dataset().dsPar_Delim",
				"type": "Expression"
			},
			"escapeChar": "\"",
			"firstRowAsHeader": true,
			"quoteChar": "\""
		},
		"schema": [
			{
				"name": "Id",
				"type": "String"
			},
			{
				"name": "IsDeleted",
				"type": "String"
			},
			{
				"name": "MasterRecordId",
				"type": "String"
			},
			{
				"name": "Name",
				"type": "String"
			},
			{
				"name": "Type",
				"type": "String"
			},
			{
				"name": "RecordTypeId",
				"type": "String"
			},
			{
				"name": "ParentId",
				"type": "String"
			},
			{
				"name": "BillingStreet",
				"type": "String"
			},
			{
				"name": "BillingCity",
				"type": "String"
			},
			{
				"name": "BillingState",
				"type": "String"
			},
			{
				"name": "BillingPostalCode",
				"type": "String"
			},
			{
				"name": "BillingCountry",
				"type": "String"
			},
			{
				"name": "BillingLatitude",
				"type": "String"
			},
			{
				"name": "BillingLongitude",
				"type": "String"
			},
			{
				"name": "BillingGeocodeAccuracy",
				"type": "String"
			},
			{
				"name": "ShippingStreet",
				"type": "String"
			},
			{
				"name": "ShippingCity",
				"type": "String"
			},
			{
				"name": "ShippingState",
				"type": "String"
			},
			{
				"name": "ShippingPostalCode",
				"type": "String"
			},
			{
				"name": "ShippingCountry",
				"type": "String"
			},
			{
				"name": "ShippingLatitude",
				"type": "String"
			},
			{
				"name": "ShippingLongitude",
				"type": "String"
			},
			{
				"name": "ShippingGeocodeAccuracy",
				"type": "String"
			},
			{
				"name": "Phone",
				"type": "String"
			},
			{
				"name": "Fax",
				"type": "String"
			},
			{
				"name": "AccountNumber",
				"type": "String"
			},
			{
				"name": "Website",
				"type": "String"
			},
			{
				"name": "Sic",
				"type": "String"
			},
			{
				"name": "Industry",
				"type": "String"
			},
			{
				"name": "AnnualRevenue",
				"type": "String"
			},
			{
				"name": "NumberOfEmployees",
				"type": "String"
			},
			{
				"name": "Ownership",
				"type": "String"
			},
			{
				"name": "TickerSymbol",
				"type": "String"
			},
			{
				"name": "Description",
				"type": "String"
			},
			{
				"name": "Rating",
				"type": "String"
			},
			{
				"name": "Site",
				"type": "String"
			},
			{
				"name": "OwnerId",
				"type": "String"
			},
			{
				"name": "CreatedDate",
				"type": "String"
			},
			{
				"name": "CreatedById",
				"type": "String"
			},
			{
				"name": "LastModifiedDate",
				"type": "String"
			},
			{
				"name": "LastModifiedById",
				"type": "String"
			},
			{
				"name": "SystemModstamp",
				"type": "String"
			},
			{
				"name": "LastActivityDate",
				"type": "String"
			},
			{
				"name": "SourceSystemIdentifier",
				"type": "String"
			},
			{
				"name": "Jigsaw",
				"type": "String"
			},
			{
				"name": "JigsawCompanyId",
				"type": "String"
			},
			{
				"name": "AccountSource",
				"type": "String"
			},
			{
				"name": "SicDesc",
				"type": "String"
			},
			{
				"name": "IsPriorityRecord",
				"type": "String"
			},
			{
				"name": "fpi__ACAStrategy__c",
				"type": "String"
			},
			{
				"name": "fpi__Affiliation__c",
				"type": "String"
			},
			{
				"name": "fpi__BeaconScore__c",
				"type": "String"
			},
			{
				"name": "fpi__Birthdate__c",
				"type": "String"
			},
			{
				"name": "fpi__Branch__c",
				"type": "String"
			},
			{
				"name": "fpi__BusinessStrategy__c",
				"type": "String"
			},
			{
				"name": "fpi__CAFOType__c",
				"type": "String"
			},
			{
				"name": "fpi__CreditClass__c",
				"type": "String"
			},
			{
				"name": "fpi__CreditManager__c",
				"type": "String"
			},
			{
				"name": "fpi__DBAName__c",
				"type": "String"
			},
			{
				"name": "fpi__EligibilityComments__c",
				"type": "String"
			},
			{
				"name": "fpi__EligibilityGroup__c",
				"type": "String"
			},
			{
				"name": "fpi__Email__c",
				"type": "String"
			},
			{
				"name": "fpi__EmpiricaScore__c",
				"type": "String"
			},
			{
				"name": "fpi__EntityType__c",
				"type": "String"
			},
			{
				"name": "fpi__Equifax__c",
				"type": "String"
			},
			{
				"name": "fpi__Experian__c",
				"type": "String"
			},
			{
				"name": "fpi__FICOScore__c",
				"type": "String"
			},
			{
				"name": "fpi__FileAsName__c",
				"type": "String"
			},
			{
				"name": "fpi__FinancialServicesManager__c",
				"type": "String"
			},
			{
				"name": "fpi__FirstName__c",
				"type": "String"
			},
			{
				"name": "fpi__FullLegalName__c",
				"type": "String"
			},
			{
				"name": "fpi__HasOptedOutofEmail__c",
				"type": "String"
			},
			{
				"name": "fpi__HomePhone__c",
				"type": "String"
			},
			{
				"name": "fpi__Intelliscore__c",
				"type": "String"
			},
			{
				"name": "fpi__LastCreditReport__c",
				"type": "String"
			},
			{
				"name": "fpi__LastName__c",
				"type": "String"
			},
			{
				"name": "fpi__MaritalStatus__c",
				"type": "String"
			},
			{
				"name": "fpi__MiddleName__c",
				"type": "String"
			},
			{
				"name": "fpi__MobilePhone__c",
				"type": "String"
			},
			{
				"name": "fpi__NamedPartyOID__c",
				"type": "String"
			},
			{
				"name": "fpi__OtherCreditAmount__c",
				"type": "String"
			},
			{
				"name": "fpi__OtherPhone__c",
				"type": "String"
			},
			{
				"name": "fpi__OutstandingCredit__c",
				"type": "String"
			},
			{
				"name": "fpi__OverallAvailableTotal__c",
				"type": "String"
			},
			{
				"name": "fpi__OverallFPFTotal__c",
				"type": "String"
			},
			{
				"name": "fpi__OverallLeaseTotal__c",
				"type": "String"
			},
			{
				"name": "fpi__OverallLoanTotal__c",
				"type": "String"
			},
			{
				"name": "fpi__OverallPrincipalTotal__c",
				"type": "String"
			},
			{
				"name": "fpi__PatriotActBlocked__c",
				"type": "String"
			},
			{
				"name": "fpi__PreferredCommunicationMethod__c",
				"type": "String"
			},
			{
				"name": "fpi__PrimaryBorrowerAvailableTotal__c",
				"type": "String"
			},
			{
				"name": "fpi__PrimaryBorrowerFPFTotal__c",
				"type": "String"
			},
			{
				"name": "fpi__PrimaryBorrowerLeaseTotal__c",
				"type": "String"
			},
			{
				"name": "fpi__PrimaryBorrowerLoanTotal__c",
				"type": "String"
			},
			{
				"name": "fpi__PrimaryBorrowerPrincipalTotal__c",
				"type": "String"
			},
			{
				"name": "fpi__PrimaryContact__c",
				"type": "String"
			},
			{
				"name": "fpi__PrimaryRelationshipManager__c",
				"type": "String"
			},
			{
				"name": "fpi__Revolving__c",
				"type": "String"
			},
			{
				"name": "fpi__RiskRating__c",
				"type": "String"
			},
			{
				"name": "fpi__Salutation__c",
				"type": "String"
			},
			{
				"name": "fpi__SecondaryRelationshipManager__c",
				"type": "String"
			},
			{
				"name": "fpi__Status__c",
				"type": "String"
			},
			{
				"name": "fpi__Suffix__c",
				"type": "String"
			},
			{
				"name": "fpi__TransUnion__c",
				"type": "String"
			},
			{
				"name": "fpi__USCitizen__c",
				"type": "String"
			},
			{
				"name": "fpi__YearBeganFarming__c",
				"type": "String"
			},
			{
				"name": "fpi__ACHABANum__c",
				"type": "String"
			},
			{
				"name": "fpi__AccountType__c",
				"type": "String"
			},
			{
				"name": "fpi__Account_Sub_Type__c",
				"type": "String"
			},
			{
				"name": "fpi__AccountsCurrentlyPastDue__c",
				"type": "String"
			},
			{
				"name": "fpi__Affiliation_Comments__c",
				"type": "String"
			},
			{
				"name": "fpi__Allowed_to_Own_Other_Entity__c",
				"type": "String"
			},
			{
				"name": "fpi__Amount_Authorized_to_Borrow__c",
				"type": "String"
			},
			{
				"name": "fpi__BackupWithholding__c",
				"type": "String"
			},
			{
				"name": "fpi__BankruptcyPast10Years__c",
				"type": "String"
			},
			{
				"name": "fpi__Business_App_Supplement_Signed_by__c",
				"type": "String"
			},
			{
				"name": "fpi__Business_Application_Supplement_Date__c",
				"type": "String"
			},
			{
				"name": "fpi__Business_Owners_Validated__c",
				"type": "String"
			},
			{
				"name": "fpi__Business_Resolution_Date__c",
				"type": "String"
			},
			{
				"name": "fpi__Business_Resolution_Signed_By__c",
				"type": "String"
			},
			{
				"name": "fpi__Closely_Held_Entity__c",
				"type": "String"
			},
			{
				"name": "fpi__ConvertedFromLead__c",
				"type": "String"
			},
			{
				"name": "fpi__CreditScoreInternal__c",
				"type": "String"
			},
			{
				"name": "fpi__DQ30Days__c",
				"type": "String"
			},
			{
				"name": "fpi__DQ60Days__c",
				"type": "String"
			},
			{
				"name": "fpi__DQ90Days__c",
				"type": "String"
			},
			{
				"name": "fpi__Date_Business_Established__c",
				"type": "String"
			},
			{
				"name": "fpi__Date_Validated__c",
				"type": "String"
			},
			{
				"name": "fpi__Entity_Documents_on_File__c",
				"type": "String"
			},
			{
				"name": "fpi__InactiveDate__c",
				"type": "String"
			},
			{
				"name": "fpi__Inactive_Date__c",
				"type": "String"
			},
			{
				"name": "fpi__IsInternational__c",
				"type": "String"
			},
			{
				"name": "fpi__IsTaxIDCertified__c",
				"type": "String"
			},
			{
				"name": "fpi__LastSearchDate__c",
				"type": "String"
			},
			{
				"name": "fpi__Last_Search_Date__c",
				"type": "String"
			},
			{
				"name": "fpi__Military_Status__c",
				"type": "String"
			},
			{
				"name": "fpi__Organization_ID_for_UCC_Filings__c",
				"type": "String"
			},
			{
				"name": "fpi__PhoneComments__c",
				"type": "String"
			},
			{
				"name": "fpi__Prepare1099__c",
				"type": "String"
			},
			{
				"name": "fpi__Principal_Place_of_Business__c",
				"type": "String"
			},
			{
				"name": "fpi__Referral_Comments__c",
				"type": "String"
			},
			{
				"name": "fpi__Referred_by_Contact__c",
				"type": "String"
			},
			{
				"name": "fpi__Referred_by_Employee__c",
				"type": "String"
			},
			{
				"name": "fpi__Resolution_Meeting_Place_Date__c",
				"type": "String"
			},
			{
				"name": "fpi__Resolution_Meeting_Place__c",
				"type": "String"
			},
			{
				"name": "fpi__SWIFTNum__c",
				"type": "String"
			},
			{
				"name": "fpi__State_Registered_In__c",
				"type": "String"
			},
			{
				"name": "fpi__USCitizenStatus__c",
				"type": "String"
			},
			{
				"name": "fpi__US_Citizen_Status__c",
				"type": "String"
			},
			{
				"name": "fpi__Validated_By__c",
				"type": "String"
			},
			{
				"name": "fpi__WireABANum__c",
				"type": "String"
			},
			{
				"name": "fpi__YearRelationshipEstablished__c",
				"type": "String"
			},
			{
				"name": "fpi__AccountTaxed__c",
				"type": "String"
			},
			{
				"name": "fpi__Certified__c",
				"type": "String"
			},
			{
				"name": "fpi__TaxIDCertifiedBy__c",
				"type": "String"
			},
			{
				"name": "fpi__TaxIDCertifiedOn__c",
				"type": "String"
			},
			{
				"name": "fpi__TaxIDNumber__c",
				"type": "String"
			},
			{
				"name": "fpi__TaxIDType__c",
				"type": "String"
			},
			{
				"name": "fpi__TaxedAsIndividual__c",
				"type": "String"
			},
			{
				"name": "AIP__c",
				"type": "String"
			},
			{
				"name": "Acres__c",
				"type": "String"
			},
			{
				"name": "AgVision_Candidate__c",
				"type": "String"
			},
			{
				"name": "Cancelled_Policy__c",
				"type": "String"
			},
			{
				"name": "Counterparty_Approval_Status__c",
				"type": "String"
			},
			{
				"name": "Crop__c",
				"type": "String"
			},
			{
				"name": "HM_Lender_City__c",
				"type": "String"
			},
			{
				"name": "HM_Lender_Name__c",
				"type": "String"
			},
			{
				"name": "Home_Mortgage__c",
				"type": "String"
			},
			{
				"name": "Insurance_Service_Manager__c",
				"type": "String"
			},
			{
				"name": "Late_Fiscal_Filer__c",
				"type": "String"
			},
			{
				"name": "MPCI_Agency_City__c",
				"type": "String"
			},
			{
				"name": "MPCI_Agency_Name__c",
				"type": "String"
			},
			{
				"name": "MPCI__c",
				"type": "String"
			},
			{
				"name": "Most_Recent_Approval_Date__c",
				"type": "String"
			},
			{
				"name": "NP_Other_Agency_City__c",
				"type": "String"
			},
			{
				"name": "NP_Other_Agency_Name__c",
				"type": "String"
			},
			{
				"name": "NP_Other__c",
				"type": "String"
			},
			{
				"name": "OL_Lender_City__c",
				"type": "String"
			},
			{
				"name": "OL_Lender_Name__c",
				"type": "String"
			},
			{
				"name": "Operating_Loan__c",
				"type": "String"
			},
			{
				"name": "Production__c",
				"type": "String"
			},
			{
				"name": "TL_Lender_City__c",
				"type": "String"
			},
			{
				"name": "TL_Lender_Name__c",
				"type": "String"
			},
			{
				"name": "Term_Loan__c",
				"type": "String"
			},
			{
				"name": "Lead_Source_Notes__c",
				"type": "String"
			},
			{
				"name": "fpi__Restricted_Account_Ind__c",
				"type": "String"
			},
			{
				"name": "LLC_BI__AP_Stress_Index__c",
				"type": "String"
			},
			{
				"name": "LLC_BI__Account_Review__c",
				"type": "String"
			},
			{
				"name": "LLC_BI__ActionFlag__c",
				"type": "String"
			},
			{
				"name": "LLC_BI__Active__c",
				"type": "String"
			},
			{
				"name": "LLC_BI__Automated_Financials__c",
				"type": "String"
			},
			{
				"name": "LLC_BI__Average_Ledger_Balance__c",
				"type": "String"
			},
			{
				"name": "LLC_BI__Average_Unavailable__c",
				"type": "String"
			},
			{
				"name": "LLC_BI__Backup_Withholding_Exempt_Code__c",
				"type": "String"
			},
			{
				"name": "LLC_BI__Backup_Withholding_Exempt_Indicator__c",
				"type": "String"
			},
			{
				"name": "LLC_BI__Backup_Withholding_N_A_Indicator__c",
				"type": "String"
			},
			{
				"name": "LLC_BI__Billing_Address_County__c",
				"type": "String"
			},
			{
				"name": "LLC_BI__Booked_Affiliated_Exposure__c",
				"type": "String"
			},
			{
				"name": "LLC_BI__Bot_Date__c",
				"type": "String"
			},
			{
				"name": "LLC_BI__Bot_RMI__c",
				"type": "String"
			},
			{
				"name": "LLC_BI__Branch__c",
				"type": "String"
			},
			{
				"name": "LLC_BI__Business_Tax_Return_EPC__c",
				"type": "String"
			},
			{
				"name": "LLC_BI__Business_Tax_Return_OC__c",
				"type": "String"
			},
			{
				"name": "LLC_BI__CIF__c",
				"type": "String"
			},
			{
				"name": "LLC_BI__Comments__c",
				"type": "String"
			},
			{
				"name": "LLC_BI__Committed_Affiliated_Exposure__c",
				"type": "String"
			},
			{
				"name": "LLC_BI__Committed_Direct_Exposure__c",
				"type": "String"
			},
			{
				"name": "LLC_BI__Committed_Indirect_Exposure__c",
				"type": "String"
			},
			{
				"name": "LLC_BI__Connection_Identifier__c",
				"type": "String"
			},
			{
				"name": "LLC_BI__Credit_Rating__c",
				"type": "String"
			},
			{
				"name": "LLC_BI__Credit_Stats__c",
				"type": "String"
			},
			{
				"name": "LLC_BI__Current_Situation__c",
				"type": "String"
			},
			{
				"name": "LLC_BI__CustomerPriority__c",
				"type": "String"
			},
			{
				"name": "LLC_BI__DONOTPACKAGE_GeoField__Latitude__s",
				"type": "String"
			},
			{
				"name": "LLC_BI__DONOTPACKAGE_GeoField__Longitude__s",
				"type": "String"
			},
			{
				"name": "LLC_BI__DSC_Post_OC__c",
				"type": "String"
			},
			{
				"name": "LLC_BI__DSC_Pre_OC__c",
				"type": "String"
			},
			{
				"name": "LLC_BI__Debt_Service_Coverage__c",
				"type": "String"
			},
			{
				"name": "LLC_BI__Debt_Service__c",
				"type": "String"
			},
			{
				"name": "LLC_BI__Default_App__c",
				"type": "String"
			},
			{
				"name": "LLC_BI__Direct_Exposure__c",
				"type": "String"
			},
			{
				"name": "LLC_BI__Doing_Business_As__c",
				"type": "String"
			},
			{
				"name": "LLC_BI__Duns_Number__c",
				"type": "String"
			},
			{
				"name": "LLC_BI__Employee_Relationship__c",
				"type": "String"
			},
			{
				"name": "LLC_BI__EngagesInInternetGambling__c",
				"type": "String"
			},
			{
				"name": "LLC_BI__Established_Country__c",
				"type": "String"
			},
			{
				"name": "LLC_BI__FICO_Credit_Report__c",
				"type": "String"
			},
			{
				"name": "LLC_BI__FICO_Date__c",
				"type": "String"
			},
			{
				"name": "LLC_BI__FICO_Score__c",
				"type": "String"
			},
			{
				"name": "LLC_BI__FICO_Source__c",
				"type": "String"
			},
			{
				"name": "LLC_BI__Facility__c",
				"type": "String"
			},
			{
				"name": "LLC_BI__Filed_Trust__c",
				"type": "String"
			},
			{
				"name": "LLC_BI__Financials_Opt_Out__c",
				"type": "String"
			},
			{
				"name": "LLC_BI__Fiscal_Year_End__c",
				"type": "String"
			},
			{
				"name": "LLC_BI__Form_W8_Affiliated_NFFE__c",
				"type": "String"
			},
			{
				"name": "LLC_BI__Form_W8_Bankruptcy_Date__c",
				"type": "String"
			},
			{
				"name": "LLC_BI__Form_W8_Disregarded_Entity_FFI_Type__c",
				"type": "String"
			},
			{
				"name": "LLC_BI__Form_W8_FFI_Documentation_Type__c",
				"type": "String"
			},
			{
				"name": "LLC_BI__Form_W8_IGA_Country__c",
				"type": "String"
			},
			{
				"name": "LLC_BI__Form_W8_IGA_Entity_Description__c",
				"type": "String"
			},
			{
				"name": "LLC_BI__Form_W8_Model_2_Indicator__c",
				"type": "String"
			},
			{
				"name": "LLC_BI__Form_W8_NFFE_Type__c",
				"type": "String"
			},
			{
				"name": "LLC_BI__Form_W8_Owner_Trust_Indicator__c",
				"type": "String"
			},
			{
				"name": "LLC_BI__Form_W8_Owner_Type__c",
				"type": "String"
			},
			{
				"name": "LLC_BI__Form_W8_Reference_Number_Description__c",
				"type": "String"
			},
			{
				"name": "LLC_BI__Form_W8_Restricted_Distributor_Type__c",
				"type": "String"
			},
			{
				"name": "LLC_BI__Form_W8_Security_Market_Name__c",
				"type": "String"
			},
			{
				"name": "LLC_BI__Form_W8_Signer_Indicator__c",
				"type": "String"
			},
			{
				"name": "LLC_BI__Form_W8_Special_Claim_Rate__c",
				"type": "String"
			},
			{
				"name": "LLC_BI__Form_W8_Special_Claim_Reason__c",
				"type": "String"
			},
			{
				"name": "LLC_BI__Form_W8_Special_Income_Description__c",
				"type": "String"
			},
			{
				"name": "LLC_BI__Form_W8_Sponsor_Entity_Name__c",
				"type": "String"
			},
			{
				"name": "LLC_BI__Form_W8_Sponsored_FFI_Type__c",
				"type": "String"
			},
			{
				"name": "LLC_BI__Form_W8_Start_Up_Date__c",
				"type": "String"
			},
			{
				"name": "LLC_BI__Form_W8_Treaty_Limitation_Provision_Ind__c",
				"type": "String"
			},
			{
				"name": "LLC_BI__Form_W8_Treaty_Qualified_Resident_Status__c",
				"type": "String"
			},
			{
				"name": "LLC_BI__Form_W9_Seperat_TIN_Certification_Ind__c",
				"type": "String"
			},
			{
				"name": "LLC_BI__GIIN__c",
				"type": "String"
			},
			{
				"name": "LLC_BI__Global_Cash_Flow__c",
				"type": "String"
			},
			{
				"name": "LLC_BI__Governing_Law_State__c",
				"type": "String"
			},
			{
				"name": "LLC_BI__Highest_Risk_Grade__c",
				"type": "String"
			},
			{
				"name": "LLC_BI__Indirect_Exposure__c",
				"type": "String"
			},
			{
				"name": "LLC_BI__Institution__c",
				"type": "String"
			},
			{
				"name": "LLC_BI__Interim_Statement__c",
				"type": "String"
			},
			{
				"name": "LLC_BI__Is_Non_Customer__c",
				"type": "String"
			},
			{
				"name": "LLC_BI__Last_Exposure_Calc_Date__c",
				"type": "String"
			},
			{
				"name": "LLC_BI__Last_Review_Date__c",
				"type": "String"
			},
			{
				"name": "LLC_BI__Last_Site_Visit__c",
				"type": "String"
			},
			{
				"name": "LLC_BI__Limited_Liability_Management_Type__c",
				"type": "String"
			},
			{
				"name": "LLC_BI__Loan_Name__c",
				"type": "String"
			},
			{
				"name": "LLC_BI__Loan_Numbers__c",
				"type": "String"
			},
			{
				"name": "LLC_BI__MLA_Status__c",
				"type": "String"
			},
			{
				"name": "LLC_BI__Management_Experience__c",
				"type": "String"
			},
			{
				"name": "LLC_BI__NaicsDesc__c",
				"type": "String"
			},
			{
				"name": "LLC_BI__Naics_Code__c",
				"type": "String"
			},
			{
				"name": "LLC_BI__Next_Review_Date__c",
				"type": "String"
			},
			{
				"name": "LLC_BI__Number_of_Signers__c",
				"type": "String"
			},
			{
				"name": "LLC_BI__NumberofLocations__c",
				"type": "String"
			},
			{
				"name": "LLC_BI__Partnership_Type__c",
				"type": "String"
			},
			{
				"name": "LLC_BI__Personal_Fin_Statements__c",
				"type": "String"
			},
			{
				"name": "LLC_BI__Personal_Liquidity__c",
				"type": "String"
			},
			{
				"name": "LLC_BI__Personal_Tax_Return__c",
				"type": "String"
			},
			{
				"name": "LLC_BI__Phone_Number_Type__c",
				"type": "String"
			},
			{
				"name": "LLC_BI__Pod__c",
				"type": "String"
			},
			{
				"name": "LLC_BI__Previous_Financial_Account_Indicator__c",
				"type": "String"
			},
			{
				"name": "LLC_BI__Previous_Financial_Institution_Name__c",
				"type": "String"
			},
			{
				"name": "LLC_BI__Proposed_Affiliated_Exposure__c",
				"type": "String"
			},
			{
				"name": "LLC_BI__Proposed_Direct_Exposure__c",
				"type": "String"
			},
			{
				"name": "LLC_BI__Proposed_Indirect_Exposure__c",
				"type": "String"
			},
			{
				"name": "LLC_BI__Reg_O_Relationship__c",
				"type": "String"
			},
			{
				"name": "LLC_BI__Region__c",
				"type": "String"
			},
			{
				"name": "LLC_BI__Relationship_Class__c",
				"type": "String"
			},
			{
				"name": "LLC_BI__Relationship_Number__c",
				"type": "String"
			},
			{
				"name": "LLC_BI__Revenue_Growth__c",
				"type": "String"
			},
			{
				"name": "LLC_BI__Review_Frequency__c",
				"type": "String"
			},
			{
				"name": "LLC_BI__Review_Status__c",
				"type": "String"
			},
			{
				"name": "LLC_BI__Risk_Grade_Template__c",
				"type": "String"
			},
			{
				"name": "LLC_BI__Risk_Rating_Review_Date_Decisioned__c",
				"type": "String"
			},
			{
				"name": "LLC_BI__Risk_Rating_Review_Grade__c",
				"type": "String"
			},
			{
				"name": "LLC_BI__Risk_Rating_Review_Status__c",
				"type": "String"
			},
			{
				"name": "LLC_BI__SLAExpirationDate__c",
				"type": "String"
			},
			{
				"name": "LLC_BI__SLASerialNumber__c",
				"type": "String"
			},
			{
				"name": "LLC_BI__SLA__c",
				"type": "String"
			},
			{
				"name": "LLC_BI__Shipping_Address_County__c",
				"type": "String"
			},
			{
				"name": "LLC_BI__State_of_Incorporation__c",
				"type": "String"
			},
			{
				"name": "LLC_BI__Statement_From_Date__c",
				"type": "String"
			},
			{
				"name": "LLC_BI__Statement_To_Date__c",
				"type": "String"
			},
			{
				"name": "LLC_BI__Status__c",
				"type": "String"
			},
			{
				"name": "LLC_BI__Tax_Identification_Number_PE__c",
				"type": "String"
			},
			{
				"name": "LLC_BI__Tax_Identification_Number__c",
				"type": "String"
			},
			{
				"name": "LLC_BI__Third_Party__c",
				"type": "String"
			},
			{
				"name": "LLC_BI__Total_Affiliated_Exposure__c",
				"type": "String"
			},
			{
				"name": "LLC_BI__Total_Direct_Exposure__c",
				"type": "String"
			},
			{
				"name": "LLC_BI__Total_Indirect_Exposure__c",
				"type": "String"
			},
			{
				"name": "LLC_BI__Total_Net_New_Funds__c",
				"type": "String"
			},
			{
				"name": "LLC_BI__Total_Participation_Amount__c",
				"type": "String"
			},
			{
				"name": "LLC_BI__Trust_Established_Date__c",
				"type": "String"
			},
			{
				"name": "LLC_BI__Trust_Type__c",
				"type": "String"
			},
			{
				"name": "LLC_BI__UpsellOpportunity__c",
				"type": "String"
			},
			{
				"name": "LLC_BI__Valid_Resolution_Type__c",
				"type": "String"
			},
			{
				"name": "LLC_BI__lookupKey__c",
				"type": "String"
			},
			{
				"name": "nCRED__SLA__c",
				"type": "String"
			},
			{
				"name": "NDOC__Document_Manager_Identifier__c",
				"type": "String"
			},
			{
				"name": "Active_Service_Member__c",
				"type": "String"
			},
			{
				"name": "Age2__c",
				"type": "String"
			},
			{
				"name": "Bankruptcy_Comments__c",
				"type": "String"
			},
			{
				"name": "Bankruptcy_Date_Filed__c",
				"type": "String"
			},
			{
				"name": "Bankruptcy_Indicator__c",
				"type": "String"
			},
			{
				"name": "BillingCounty__c",
				"type": "String"
			},
			{
				"name": "BusinessCity__c",
				"type": "String"
			},
			{
				"name": "BusinessCountry__c",
				"type": "String"
			},
			{
				"name": "BusinessCounty__c",
				"type": "String"
			},
			{
				"name": "BusinessPostalCode__c",
				"type": "String"
			},
			{
				"name": "BusinessState__c",
				"type": "String"
			},
			{
				"name": "BusinessStreet__c",
				"type": "String"
			},
			{
				"name": "Corporation_Non_voting_Shares_Authorized__c",
				"type": "String"
			},
			{
				"name": "Corporation_Non_voting_Shares_Issued__c",
				"type": "String"
			},
			{
				"name": "Corporation_Voting_Shares_Authorized__c",
				"type": "String"
			},
			{
				"name": "Corporation_Voting_Shares_Issued__c",
				"type": "String"
			},
			{
				"name": "Date_of_Death__c",
				"type": "String"
			},
			{
				"name": "Drivers_License_Expiration_Date__c",
				"type": "String"
			},
			{
				"name": "Drivers_License_Name__c",
				"type": "String"
			},
			{
				"name": "Drivers_License_Number_encr__c",
				"type": "String"
			},
			{
				"name": "Ethnicity__c",
				"type": "String"
			},
			{
				"name": "FC_System_Customer_Number__c",
				"type": "String"
			},
			{
				"name": "FC_System_Lead_Lender__c",
				"type": "String"
			},
			{
				"name": "GL_Stock_Amount__c",
				"type": "String"
			},
			{
				"name": "GL_Stock_Type__c",
				"type": "String"
			},
			{
				"name": "Generic_OPA_Record_For_Display_On_AI_1__c",
				"type": "String"
			},
			{
				"name": "Generic_OPA_Record_For_Display_On_AI_2__c",
				"type": "String"
			},
			{
				"name": "Group_Name__c",
				"type": "String"
			},
			{
				"name": "Has_Real_ID_Code__c",
				"type": "String"
			},
			{
				"name": "ID_Type__c",
				"type": "String"
			},
			{
				"name": "Is_Business_Location_Same_As_Billing__c",
				"type": "String"
			},
			{
				"name": "Is_Business_Location_Same_As_Shipping__c",
				"type": "String"
			},
			{
				"name": "Last_Four_of_TaxID__c",
				"type": "String"
			},
			{
				"name": "Last_Site_Visit__c",
				"type": "String"
			},
			{
				"name": "Membership_Agreement_Signed__c",
				"type": "String"
			},
			{
				"name": "Overall_Non_voting_Shares__c",
				"type": "String"
			},
			{
				"name": "Overall_Owner_Percent__c",
				"type": "String"
			},
			{
				"name": "Overall_Voting_Shares__c",
				"type": "String"
			},
			{
				"name": "Patriot_Act_Status__c",
				"type": "String"
			},
			{
				"name": "Patronage_History_Hold__c",
				"type": "String"
			},
			{
				"name": "Patronage_Payable_To_Override__c",
				"type": "String"
			},
			{
				"name": "Race__c",
				"type": "String"
			},
			{
				"name": "Rapport__c",
				"type": "String"
			},
			{
				"name": "Sex__c",
				"type": "String"
			},
			{
				"name": "ShippingCounty__c",
				"type": "String"
			},
			{
				"name": "State_of_Driver_s_License__c",
				"type": "String"
			},
			{
				"name": "TaxIDNumber_PE__c",
				"type": "String"
			},
			{
				"name": "Telephone_Authorization__c",
				"type": "String"
			},
			{
				"name": "Time_and_Billing_Customer__c",
				"type": "String"
			},
			{
				"name": "Type_of_Certification__c",
				"type": "String"
			},
			{
				"name": "Vendor_Does_Business_with_Association__c",
				"type": "String"
			},
			{
				"name": "Website_Member__c",
				"type": "String"
			},
			{
				"name": "Booked_Associated_Exposure__c",
				"type": "String"
			},
			{
				"name": "Committed_Associated_Exposure__c",
				"type": "String"
			},
			{
				"name": "DQ_30_FC__c",
				"type": "String"
			},
			{
				"name": "DQ_60_FC__c",
				"type": "String"
			},
			{
				"name": "DQ_90_FC__c",
				"type": "String"
			},
			{
				"name": "Is_Non_Accrual__c",
				"type": "String"
			},
			{
				"name": "Latest_Internal_Risk_Grade__c",
				"type": "String"
			},
			{
				"name": "Lease_Loan_Shell__c",
				"type": "String"
			},
			{
				"name": "Overall_Lease_Total_0__c",
				"type": "String"
			},
			{
				"name": "Proposed_Associated_Exposure__c",
				"type": "String"
			},
			{
				"name": "Total_Associated_Exposure__c",
				"type": "String"
			},
			{
				"name": "Total_Principal_Available_Exposure__c",
				"type": "String"
			},
			{
				"name": "Total_Sold__c",
				"type": "String"
			},
			{
				"name": "CA_Privacy_Opt_In__c",
				"type": "String"
			},
			{
				"name": "ESIGN_Opt_Out__c",
				"type": "String"
			},
			{
				"name": "Married_Dealing_Separate_Property__c",
				"type": "String"
			},
			{
				"name": "LLC_BI__Is_Institution_Affiliated__c",
				"type": "String"
			},
			{
				"name": "Tenant_Farmer__c",
				"type": "String"
			},
			{
				"name": "Current_Residence_Since__c",
				"type": "String"
			},
			{
				"name": "Passphrase__c",
				"type": "String"
			},
			{
				"name": "Hemp_Industry_License_Expiration__c",
				"type": "String"
			},
			{
				"name": "Hemp_Industry_License_Number__c",
				"type": "String"
			},
			{
				"name": "Hemp_Industry_License_State__c",
				"type": "String"
			},
			{
				"name": "Hemp_Industry_Participant__c",
				"type": "String"
			},
			{
				"name": "Prohibited_Industry__c",
				"type": "String"
			},
			{
				"name": "Group__c",
				"type": "String"
			},
			{
				"name": "Drivers_License_Number_CE__c",
				"type": "String"
			},
			{
				"name": "Hemp_Industry_Farm_Bill__c",
				"type": "String"
			},
			{
				"name": "Send_Publication__c",
				"type": "String"
			},
			{
				"name": "Agency_Phone__c",
				"type": "String"
			},
			{
				"name": "Employer_Phone__c",
				"type": "String"
			},
			{
				"name": "Employer__c",
				"type": "String"
			},
			{
				"name": "Employment_Start_Date__c",
				"type": "String"
			},
			{
				"name": "Job_Title__c",
				"type": "String"
			},
			{
				"name": "Self_Employed__c",
				"type": "String"
			},
			{
				"name": "Tribal_Hemp_Production_Plan__c",
				"type": "String"
			},
			{
				"name": "Auto_renewal_Loan__c",
				"type": "String"
			},
			{
				"name": "nFORCE__SLAExpirationDate__c",
				"type": "String"
			},
			{
				"name": "Centrally_Serviced__c",
				"type": "String"
			},
			{
				"name": "Sandbox_Seed_Flag__c",
				"type": "String"
			},
			{
				"name": "Crop_Insurance_Entity_Type__c",
				"type": "String"
			},
			{
				"name": "Crop_Insurance_Membership_Agreement_Date__c",
				"type": "String"
			},
			{
				"name": "Entity_Voter_Lookup__c",
				"type": "String"
			},
			{
				"name": "Membership_Agreement_Date__c",
				"type": "String"
			},
			{
				"name": "Stock_PC_Amount__c",
				"type": "String"
			},
			{
				"name": "Sponsor_Name__c",
				"type": "String"
			},
			{
				"name": "Sponsor__c",
				"type": "String"
			},
			{
				"name": "taxIdLastModifiedTime__c",
				"type": "String"
			},
			{
				"name": "MPCI_AIP__c",
				"type": "String"
			}
		]
	},
	"type": "Microsoft.DataFactory/factories/datasets"
}