{
	"name": "ds_adls_raw_json_p14_p18",
	"properties": {
		"linkedServiceName": {
			"referenceName": "lnks_dynmc_adls",
			"type": "LinkedServiceReference",
			"parameters": {
				"lnksPar_adlsURL": {
					"value": "@dataset().dsPar_ADLS_URL",
					"type": "Expression"
				}
			}
		},
		"parameters": {
			"dsPar_ADLS_URL": {
				"type": "string",
				"defaultValue": "https://nwedwdusw01stor.dfs.core.windows.net"
			},
			"dsPar_Container": {
				"type": "string",
				"defaultValue": "agency-root"
			},
			"dsPar_Filename": {
				"type": "string",
				"defaultValue": "p18DairyRevenueProtectionRecords_2017_1.json"
			},
			"dsPar_Folder": {
				"type": "string",
				"defaultValue": "p18DairyRevenueProtectionRecords/temp"
			}
		},
		"annotations": [],
		"type": "Json",
		"typeProperties": {
			"location": {
				"type": "AzureBlobFSLocation",
				"fileName": {
					"value": "@dataset().dsPar_Filename",
					"type": "Expression"
				},
				"folderPath": {
					"value": "@dataset().dsPar_Folder",
					"type": "Expression"
				},
				"fileSystem": {
					"value": "@dataset().dsPar_Container",
					"type": "Expression"
				}
			}
		},
		"schema": {
			"type": "object",
			"properties": {
				"data": {
					"type": "object",
					"properties": {
						"p14InsuranceInForceRecords": {
							"type": "object",
							"properties": {
								"nodes": {
									"type": "array",
									"items": {
										"type": "object",
										"properties": {
											"aipInsuranceInForceKey": {
												"type": "string"
											},
											"aipPolicyProducerKey": {
												"type": "string"
											},
											"reinsuranceYear": {
												"type": "integer"
											},
											"aipCode": {
												"type": "string"
											},
											"p18DairyRevenueProtectionRecords": {
												"type": "array",
												"items": {
													"type": "object",
													"properties": {
														"aipdrpPremiumKey": {
															"type": "string"
														},
														"aipLiabilityAmount": {
															"type": "integer"
														},
														"aipSubsidyAmount": {
															"type": "integer"
														},
														"aipTotalPremiumAmount": {
															"type": "integer"
														}
													}
												}
											}
										}
									}
								},
								"pageInfo": {
									"type": "object",
									"properties": {
										"startCursor": {
											"type": "string"
										},
										"endCursor": {
											"type": "string"
										},
										"hasNextPage": {
											"type": "boolean"
										}
									}
								}
							}
						}
					}
				}
			}
		}
	},
	"type": "Microsoft.DataFactory/factories/datasets"
}