{
	"name": "ds_adls_raw_json_common",
	"properties": {
		"linkedServiceName": {
			"referenceName": "lnks_dynmc_adls",
			"type": "LinkedServiceReference",
			"parameters": {
				"lnksPar_adlsURL": {
					"value": "@dataset().dsPar_ADLS_URL",
					"type": "Expression"
				}
			}
		},
		"parameters": {
			"dsPar_ADLS_URL": {
				"type": "string"
			},
			"dsPar_Container": {
				"type": "string"
			},
			"dsPar_Filename": {
				"type": "string"
			},
			"dsPar_Folder": {
				"type": "string"
			}
		},
		"annotations": [],
		"type": "Json",
		"typeProperties": {
			"location": {
				"type": "AzureBlobFSLocation",
				"fileName": {
					"value": "@dataset().dsPar_Filename",
					"type": "Expression"
				},
				"folderPath": {
					"value": "@dataset().dsPar_Folder",
					"type": "Expression"
				},
				"fileSystem": {
					"value": "@dataset().dsPar_Container",
					"type": "Expression"
				}
			}
		},
		"schema": {}
	},
	"type": "Microsoft.DataFactory/factories/datasets"
}