{
	"name": "ds_adls_raw_file_ncino",
	"properties": {
		"linkedServiceName": {
			"referenceName": "lnks_edw_adls_rawstor",
			"type": "LinkedServiceReference"
		},
		"parameters": {
			"dsPar_Container": {
				"type": "string",
				"defaultValue": "tmp-ncino"
			},
			"dsPar_Folder": {
				"type": "string"
			},
			"dsPar_File": {
				"type": "string"
			}
		},
		"annotations": [],
		"type": "Binary",
		"typeProperties": {
			"location": {
				"type": "AzureBlobFSLocation",
				"fileName": {
					"value": "@dataset().dsPar_File",
					"type": "Expression"
				},
				"folderPath": {
					"value": "@dataset().dsPar_Folder",
					"type": "Expression"
				},
				"fileSystem": {
					"value": "@dataset().dsPar_Container",
					"type": "Expression"
				}
			}
		}
	},
	"type": "Microsoft.DataFactory/factories/datasets"
}