{
	"name": "ds_adls_raw_zip",
	"properties": {
		"linkedServiceName": {
			"referenceName": "lnks_edw_adls_rawstor",
			"type": "LinkedServiceReference"
		},
		"parameters": {
			"dsPar_Container": {
				"type": "string"
			},
			"dsPar_FolderName": {
				"type": "string"
			},
			"dsPar_FileName": {
				"type": "string"
			}
		},
		"folder": {
			"name": "EDW Raw Storage"
		},
		"annotations": [],
		"type": "Binary",
		"typeProperties": {
			"location": {
				"type": "AzureBlobFSLocation",
				"fileName": {
					"value": "@dataset().dsPar_FileName",
					"type": "Expression"
				},
				"folderPath": {
					"value": "@dataset().dsPar_FolderName",
					"type": "Expression"
				},
				"fileSystem": {
					"value": "@dataset().dsPar_Container",
					"type": "Expression"
				}
			},
			"compression": {
				"type": "ZipDeflate",
				"level": "Optimal"
			}
		}
	},
	"type": "Microsoft.DataFactory/factories/datasets"
}