{
	"name": "ds_asqldb_edw_table",
	"properties": {
		"linkedServiceName": {
			"referenceName": "lnks_edw_asqldb_nwedw",
			"type": "LinkedServiceReference"
		},
		"parameters": {
			"dsPar_SchemaName": {
				"type": "string"
			},
			"dsPar_TableName": {
				"type": "string"
			}
		},
		"folder": {
			"name": "EDW DB"
		},
		"annotations": [],
		"type": "AzureSqlTable",
		"schema": [],
		"typeProperties": {
			"schema": {
				"value": "@dataset().dsPar_SchemaName",
				"type": "Expression"
			},
			"table": {
				"value": "@dataset().dsPar_TableName",
				"type": "Expression"
			}
		}
	},
	"type": "Microsoft.DataFactory/factories/datasets"
}