{
	"name": "ds_adls_raw_ncino_binary",
	"properties": {
		"linkedServiceName": {
			"referenceName": "lnks_dynmc_adls",
			"type": "LinkedServiceReference",
			"parameters": {
				"lnksPar_adlsURL": "https://nwedwpusw01stor.dfs.core.windows.net"
			}
		},
		"parameters": {
			"dsPar_Container": {
				"type": "string",
				"defaultValue": "Ownbackup"
			},
			"dsPar_Folder": {
				"type": "string",
				"defaultValue": "export"
			},
			"dsPar_file": {
				"type": "string"
			}
		},
		"annotations": [],
		"type": "Binary",
		"typeProperties": {
			"location": {
				"type": "AzureBlobFSLocation",
				"fileName": {
					"value": "@dataset().dsPar_file",
					"type": "Expression"
				},
				"folderPath": {
					"value": "@dataset().dsPar_Folder",
					"type": "Expression"
				},
				"fileSystem": {
					"value": "@dataset().dsPar_Container",
					"type": "Expression"
				}
			},
			"compression": {
				"type": "gzip",
				"level": "Optimal"
			}
		}
	},
	"type": "Microsoft.DataFactory/factories/datasets"
}