{
	"name": "ds_asqlmi_table_dynmc",
	"properties": {
		"linkedServiceName": {
			"referenceName": "lnks_asqlmi_db",
			"type": "LinkedServiceReference",
			"parameters": {
				"lnksPar_SqlMI_Server": {
					"value": "@dataset().dsPar_ServerConnection",
					"type": "Expression"
				},
				"lnksPar_Database": {
					"value": "@dataset().dsPar_DatabaseName",
					"type": "Expression"
				}
			}
		},
		"parameters": {
			"dsPar_SchemaName": {
				"type": "string"
			},
			"dsPar_TableName": {
				"type": "string"
			},
			"dsPar_ServerConnection": {
				"type": "string"
			},
			"dsPar_DatabaseName": {
				"type": "string"
			}
		},
		"folder": {
			"name": "Validation"
		},
		"annotations": [],
		"type": "AzureSqlMITable",
		"schema": [],
		"typeProperties": {
			"schema": {
				"value": "@dataset().dsPar_SchemaName",
				"type": "Expression"
			},
			"table": {
				"value": "@dataset().dsPar_TableName",
				"type": "Expression"
			}
		}
	},
	"type": "Microsoft.DataFactory/factories/datasets"
}