{
	"name": "ds_adls_ext_file_edp",
	"properties": {
		"linkedServiceName": {
			"referenceName": "lnks_edw_adls_extstor",
			"type": "LinkedServiceReference"
		},
		"parameters": {
			"dsPar_EDP_File_Name": {
				"type": "string"
			},
			"dsPar_EDP_Container_Name": {
				"type": "string",
				"defaultValue": "inbound-edp"
			},
			"dsPar_EDP_Folder_Name": {
				"type": "string",
				"defaultValue": "GoalReporting"
			}
		},
		"folder": {
			"name": "EDP"
		},
		"annotations": [],
		"type": "DelimitedText",
		"typeProperties": {
			"location": {
				"type": "AzureBlobFSLocation",
				"fileName": {
					"value": "@dataset().dsPar_EDP_File_Name",
					"type": "Expression"
				},
				"folderPath": {
					"value": "@dataset().dsPar_EDP_Folder_Name",
					"type": "Expression"
				},
				"fileSystem": {
					"value": "@dataset().dsPar_EDP_Container_Name",
					"type": "Expression"
				}
			},
			"columnDelimiter": ",",
			"escapeChar": "\\",
			"firstRowAsHeader": true,
			"quoteChar": "\""
		},
		"schema": []
	},
	"type": "Microsoft.DataFactory/factories/datasets"
}