{
	"name": "ds_ftp_mls",
	"properties": {
		"linkedServiceName": {
			"referenceName": "lnks_dynmc_ftp",
			"type": "LinkedServiceReference",
			"parameters": {
				"lnksPar_HostURL": "data.attomdata.com",
				"lnksPar_UserName": "Agwestfarmcredit",
				"lnksPar_KVSecret": "attom-data-ftp-passwd"
			}
		},
		"parameters": {
			"Folder_Name": {
				"type": "string"
			},
			"File_Name": {
				"type": "string"
			}
		},
		"folder": {
			"name": "ATTOM"
		},
		"annotations": [],
		"type": "Binary",
		"typeProperties": {
			"location": {
				"type": "FtpServerLocation",
				"fileName": {
					"value": "@dataset().File_Name",
					"type": "Expression"
				},
				"folderPath": {
					"value": "@dataset().Folder_Name",
					"type": "Expression"
				}
			},
			"compression": {
				"type": "ZipDeflate"
			}
		}
	},
	"type": "Microsoft.DataFactory/factories/datasets"
}