{
	"name": "ds_ftp_attom_parcels_binary",
	"properties": {
		"linkedServiceName": {
			"referenceName": "links_attom_files_ftp",
			"type": "LinkedServiceReference"
		},
		"parameters": {
			"dsPar_Folder": {
				"type": "string"
			},
			"dsPar_File": {
				"type": "string"
			}
		},
		"folder": {
			"name": "ATTOM"
		},
		"annotations": [],
		"type": "Binary",
		"typeProperties": {
			"location": {
				"type": "FtpServerLocation",
				"fileName": {
					"value": "@dataset().dsPar_File",
					"type": "Expression"
				},
				"folderPath": {
					"value": "@dataset().dsPar_Folder",
					"type": "Expression"
				}
			},
			"compression": {
				"type": "ZipDeflate"
			}
		}
	},
	"type": "Microsoft.DataFactory/factories/datasets"
}