{
	"name": "ds_http_ownbkp_response_json",
	"properties": {
		"linkedServiceName": {
			"referenceName": "lnks_http_ncino_ownbkp",
			"type": "LinkedServiceReference",
			"parameters": {
				"lnksPar_BaseURL": {
					"value": "@dataset().dsPar_BaseUrl",
					"type": "Expression"
				}
			}
		},
		"parameters": {
			"dsPar_BaseUrl": {
				"type": "string",
				"defaultValue": "https://app1.ownbackup.com"
			},
			"dsPar_RelativeUrl": {
				"type": "string",
				"defaultValue": "/api/auth/v1/login"
			}
		},
		"folder": {
			"name": "nCino"
		},
		"annotations": [],
		"type": "Json",
		"typeProperties": {
			"location": {
				"type": "HttpServerLocation",
				"relativeUrl": {
					"value": "@dataset().dsPar_RelativeUrl",
					"type": "Expression"
				}
			}
		},
		"schema": {}
	},
	"type": "Microsoft.DataFactory/factories/datasets"
}