{
	"name": "ds_http_ownbkp_file",
	"properties": {
		"linkedServiceName": {
			"referenceName": "lnks_http_ncino_ownbkp",
			"type": "LinkedServiceReference",
			"parameters": {
				"lnksPar_BaseURL": {
					"value": "@dataset().dsPar_BaseURL",
					"type": "Expression"
				}
			}
		},
		"parameters": {
			"dsPar_RelativeURL": {
				"type": "string",
				"defaultValue": "/get_file_from_backup.fcgi/services/57661/backups/11558245/sections/5823300319"
			},
			"dsPar_BaseURL": {
				"type": "string",
				"defaultValue": "https://app1.ownbackup.com"
			},
			"dsPar_Enconding": {
				"type": "string",
				"defaultValue": "UTF-8"
			}
		},
		"folder": {
			"name": "nCino"
		},
		"annotations": [],
		"type": "DelimitedText",
		"typeProperties": {
			"location": {
				"type": "HttpServerLocation",
				"relativeUrl": {
					"value": "@dataset().dsPar_RelativeURL",
					"type": "Expression"
				}
			},
			"columnDelimiter": ",",
			"compressionCodec": "gzip",
			"encodingName": {
				"value": "@dataset().dsPar_Enconding",
				"type": "Expression"
			},
			"escapeChar": "\"",
			"firstRowAsHeader": true,
			"quoteChar": "\""
		},
		"schema": []
	},
	"type": "Microsoft.DataFactory/factories/datasets"
}