{
	"name": "ds_sftp_attom_parcels_binary",
	"properties": {
		"linkedServiceName": {
			"referenceName": "lnks_attom_files_sftp",
			"type": "LinkedServiceReference"
		},
		"parameters": {
			"dsPar_FolderName": {
				"type": "string"
			},
			"dsPar_FileName": {
				"type": "string"
			}
		},
		"folder": {
			"name": "ATTOM"
		},
		"annotations": [],
		"type": "Binary",
		"typeProperties": {
			"location": {
				"type": "SftpLocation",
				"fileName": {
					"value": "@dataset().dsPar_FileName",
					"type": "Expression"
				},
				"folderPath": "/Outgoing/Quarterly"
			}
		}
	},
	"type": "Microsoft.DataFactory/factories/datasets"
}