{
	"name": "ds_sqlsvr_table_dynmc",
	"properties": {
		"linkedServiceName": {
			"referenceName": "lnks_sqlserver_db",
			"type": "LinkedServiceReference",
			"parameters": {
				"lnksPar_ConnString": {
					"value": "@dataset().dsPar_ConnStr",
					"type": "Expression"
				}
			}
		},
		"parameters": {
			"dsPar_Schema": {
				"type": "string"
			},
			"dsPar_Table": {
				"type": "string"
			},
			"dsPar_ConnStr": {
				"type": "string"
			}
		},
		"folder": {
			"name": "MR"
		},
		"annotations": [],
		"type": "SqlServerTable",
		"schema": [],
		"typeProperties": {
			"schema": {
				"value": "@dataset().dsPar_Schema",
				"type": "Expression"
			},
			"table": {
				"value": "@dataset().dsPar_Table",
				"type": "Expression"
			}
		}
	},
	"type": "Microsoft.DataFactory/factories/datasets"
}