{
	"name": "ds_sqldb_fwx_mr_table",
	"properties": {
		"linkedServiceName": {
			"referenceName": "lnks_sqldb_FWX_MR",
			"type": "LinkedServiceReference",
			"parameters": {
				"lnksPar_AVKConnectStr": "@dataset().dsPar_dbAKVConnectionName"
			}
		},
		"parameters": {
			"dsPar_dbSchemaName": {
				"type": "string",
				"defaultValue": "dbo"
			},
			"dsPar_dbTableName": {
				"type": "string"
			},
			"dsPar_dbAKVConnectionName": {
				"type": "string",
				"defaultValue": "KVS-EDW-SQLDB-PROD-CONNSTR-FWX-RDGLMART"
			}
		},
		"folder": {
			"name": "FWX MR"
		},
		"annotations": [],
		"type": "SqlServerTable",
		"schema": [],
		"typeProperties": {
			"schema": {
				"value": "@dataset().dsPar_dbSchemaName",
				"type": "Expression"
			},
			"table": {
				"value": "@dataset().dsPar_dbTableName",
				"type": "Expression"
			}
		}
	},
	"type": "Microsoft.DataFactory/factories/datasets"
}