{
	"name": "links_attom_files_ftp",
	"type": "Microsoft.DataFactory/factories/linkedservices",
	"properties": {
		"annotations": [],
		"type": "FtpServer",
		"typeProperties": {
			"host": "files.attomdata.com",
			"port": "22",
			"enableSsl": true,
			"enableServerCertificateValidation": true,
			"authenticationType": "Basic",
			"userName": "NWFCS",
			"password": {
				"type": "AzureKeyVaultSecret",
				"store": {
					"referenceName": "lnks_edw_akv_mainkv",
					"type": "LinkedServiceReference"
				},
				"secretName": "attom-files-sftp-passwd"
			}
		},
		"connectVia": {
			"referenceName": "AutoResolveIntegrationRuntime",
			"type": "IntegrationRuntimeReference"
		}
	}
}