{
	"name": "lnks_attom_files_sftp",
	"type": "Microsoft.DataFactory/factories/linkedservices",
	"properties": {
		"annotations": [],
		"type": "Sftp",
		"typeProperties": {
			"host": "files.attomdata.com",
			"port": 22,
			"skipHostKeyValidation": true,
			"authenticationType": "Basic",
			"userName": "NWFCS",
			"password": {
				"type": "AzureKeyVaultSecret",
				"store": {
					"referenceName": "lnks_edw_akv_mainkv",
					"type": "LinkedServiceReference"
				},
				"secretName": "attom-files-sftp-passwd"
			}
		},
		"connectVia": {
			"referenceName": "ir-azure-usw",
			"type": "IntegrationRuntimeReference"
		}
	}
}