{
	"name": "lnks_edw_asqldb_nwedw",
	"type": "Microsoft.DataFactory/factories/linkedservices",
	"properties": {
		"annotations": [],
		"type": "AzureSqlDatabase",
		"typeProperties": {
			"connectionString": {
				"type": "AzureKeyVaultSecret",
				"store": {
					"referenceName": "lnks_edw_akv_mainkv",
					"type": "LinkedServiceReference"
				},
				"secretName": "KVS-EDW-ASQLDB-CONNSTR-EDW"
			}
		},
		"connectVia": {
			"referenceName": "ir-azure-usw",
			"type": "IntegrationRuntimeReference"
		}
	}
}