{
	"name": "lnks_asqldb_db",
	"type": "Microsoft.DataFactory/factories/linkedservices",
	"properties": {
		"parameters": {
			"lnksPar_ConnStr": {
				"type": "string",
				"defaultValue": "nw-edw-d-usw-sql.database.windows.net"
			},
			"lnksPar_DbName": {
				"type": "string",
				"defaultValue": "nw-edw-d-usw-sqldb"
			}
		},
		"annotations": [],
		"type": "AzureSqlDatabase",
		"typeProperties": {
			"connectionString": "Integrated Security=False;Encrypt=True;Connection Timeout=30;Data Source=@{linkedService().lnksPar_ConnStr};Initial Catalog=@{linkedService().lnksPar_DbName}"
		},
		"connectVia": {
			"referenceName": "ir-azure-usw",
			"type": "IntegrationRuntimeReference"
		}
	}
}