{
	"name": "lnks_q2ebanking_sftp_prod",
	"type": "Microsoft.DataFactory/factories/linkedservices",
	"properties": {
		"description": "link to q2ebanking sftp prod",
		"annotations": [],
		"type": "Sftp",
		"typeProperties": {
			"host": "sftp.q2ebanking.com",
			"port": 22,
			"skipHostKeyValidation": true,
			"authenticationType": "Basic",
			"userName": "999415400",
			"password": {
				"type": "AzureKeyVaultSecret",
				"store": {
					"referenceName": "lnks_edw_akv_mainkv",
					"type": "LinkedServiceReference"
				},
				"secretName": "sftp-q2ebanking-passwd-prod"
			}
		},
		"connectVia": {
			"referenceName": "ir-linkself-MR",
			"type": "IntegrationRuntimeReference"
		}
	}
}