{
	"name": "lnks_http_ncino_ownbkp_v2",
	"type": "Microsoft.DataFactory/factories/linkedservices",
	"properties": {
		"annotations": [],
		"type": "HttpServer",
		"typeProperties": {
			"url": "https://auth.owndata.com/oauth2/aus4c3z3l8FqrbqDU4h7/v1/token",
			"enableServerCertificateValidation": false,
			"authenticationType": "Anonymous",
			"authHeaders": {
				"Accept": {
					"type": "SecureString",
					"value": "**********"
				},
				"Content-Type": {
					"type": "SecureString",
					"value": "**********"
				}
			}
		},
		"connectVia": {
			"referenceName": "ir-linkself-MR",
			"type": "IntegrationRuntimeReference"
		}
	}
}