{
	"name": "lnks_http_AgencyRoot",
	"type": "Microsoft.DataFactory/factories/linkedservices",
	"properties": {
		"annotations": [],
		"type": "HttpServer",
		"typeProperties": {
			"url": "https://pass.developer.agencyroot.com/graphql",
			"enableServerCertificateValidation": true,
			"authenticationType": "Anonymous",
			"authHeaders": {
				"X-DEVELOPER-TOKEN": {
					"type": "SecureString",
					"value": "**********"
				}
			}
		},
		"connectVia": {
			"referenceName": "AutoResolveIntegrationRuntime",
			"type": "IntegrationRuntimeReference"
		}
	}
}