{
	"name": "lnks_sqldb_FWX_MR",
	"type": "Microsoft.DataFactory/factories/linkedservices",
	"properties": {
		"description": "FWX_MR SQL Connection",
		"parameters": {
			"lnksPar_AVKConnectStr": {
				"type": "string",
				"defaultValue": "KVS-EDW-SQLDB-PROD-CONNSTR-FWX-MReReviewMR"
			}
		},
		"annotations": [],
		"type": "SqlServer",
		"typeProperties": {
			"connectionString": {
				"type": "AzureKeyVaultSecret",
				"store": {
					"referenceName": "lnks_edw_akv_mainkv",
					"type": "LinkedServiceReference"
				},
				"secretName": "@linkedService().lnksPar_AVKConnectStr"
			}
		},
		"connectVia": {
			"referenceName": "ir-linkself-MR",
			"type": "IntegrationRuntimeReference"
		}
	}
}