{
	"name": "lnks_http_ncino_ownbkp",
	"type": "Microsoft.DataFactory/factories/linkedservices",
	"properties": {
		"parameters": {
			"lnksPar_BaseURL": {
				"type": "string",
				"defaultValue": "https://app1.ownbackup.com"
			}
		},
		"annotations": [],
		"type": "HttpServer",
		"typeProperties": {
			"url": "@{linkedService().lnksPar_BaseURL}",
			"enableServerCertificateValidation": false,
			"authenticationType": "Anonymous"
		},
		"connectVia": {
			"referenceName": "ir-linkself-MR",
			"type": "IntegrationRuntimeReference"
		}
	}
}