{
	"name": "lnks_dynmc_ftp",
	"type": "Microsoft.DataFactory/factories/linkedservices",
	"properties": {
		"description": "linked service to ftp sites",
		"parameters": {
			"lnksPar_HostURL": {
				"type": "string",
				"defaultValue": "data.attomdata.com"
			},
			"lnksPar_UserName": {
				"type": "string",
				"defaultValue": "Agwestfarmcredit"
			},
			"lnksPar_KVSecret": {
				"type": "string",
				"defaultValue": "attom-data-ftp-passwd"
			}
		},
		"annotations": [],
		"type": "FtpServer",
		"typeProperties": {
			"host": "@{linkedService().lnksPar_HostURL}",
			"port": 21,
			"enableSsl": true,
			"enableServerCertificateValidation": true,
			"authenticationType": "Basic",
			"userName": "@{linkedService().lnksPar_UserName}",
			"password": {
				"type": "AzureKeyVaultSecret",
				"store": {
					"referenceName": "lnks_edw_akv_mainkv",
					"type": "LinkedServiceReference"
				},
				"secretName": {
					"value": "@linkedService().lnksPar_KVSecret",
					"type": "Expression"
				}
			}
		},
		"connectVia": {
			"referenceName": "AutoResolveIntegrationRuntime",
			"type": "IntegrationRuntimeReference"
		}
	}
}