{
	"name": "lnks_sqlserver_db",
	"type": "Microsoft.DataFactory/factories/linkedservices",
	"properties": {
		"parameters": {
			"lnksPar_ConnString": {
				"type": "string",
				"defaultValue": "KVS-EDW-SQLDB-CONNSTR-MRDATAMART"
			}
		},
		"annotations": [],
		"type": "SqlServer",
		"typeProperties": {
			"connectionString": {
				"type": "AzureKeyVaultSecret",
				"store": {
					"referenceName": "lnks_edw_akv_mainkv",
					"type": "LinkedServiceReference"
				},
				"secretName": {
					"value": "@linkedService().lnksPar_ConnString",
					"type": "Expression"
				}
			}
		},
		"connectVia": {
			"referenceName": "ir-linkself-MR",
			"type": "IntegrationRuntimeReference"
		}
	}
}