{
	"name": "lnks_asqlmi_db",
	"type": "Microsoft.DataFactory/factories/linkedservices",
	"properties": {
		"description": "dynamic linked service to Azure SQL MI",
		"parameters": {
			"lnksPar_SqlMI_Server": {
				"type": "string",
				"defaultValue": "nw-edw-d-usw-mi.public.3dbc2ecfe1bf.database.windows.net,3342"
			},
			"lnksPar_Database": {
				"type": "string",
				"defaultValue": "aw-validation-d-usw-sqldb"
			}
		},
		"annotations": [],
		"type": "AzureSqlMI",
		"typeProperties": {
			"connectionString": "Integrated Security=False;Encrypt=True;Connection Timeout=30;Data Source=@{linkedService().lnksPar_SqlMI_Server};Initial Catalog=@{linkedService().lnksPar_Database}"
		},
		"connectVia": {
			"referenceName": "ir-azure-usw",
			"type": "IntegrationRuntimeReference"
		}
	}
}