{
	"name": "trigger_agency_root_pres",
	"properties": {
		"annotations": [],
		"runtimeState": "Stopped",
		"pipelines": [
			{
				"pipelineReference": {
					"referenceName": "pln_sch_ongoing_AgencyRoot_pres",
					"type": "PipelineReference"
				}
			}
		],
		"type": "BlobEventsTrigger",
		"typeProperties": {
			"blobPathBeginsWith": "/automation-flag/blobs/AgencyRoot_stg/AgencyRoot_stg_flag.txt",
			"blobPathEndsWith": "AgencyRoot_stg/AgencyRoot_stg_flag.txt",
			"ignoreEmptyBlobs": true,
			"scope": "/subscriptions/898876e4-bfd7-46cf-80f9-81e2fd44507e/resourceGroups/nw-edw-d-usw-01-rg/providers/Microsoft.Storage/storageAccounts/nwedwdusw01stor",
			"events": [
				"Microsoft.Storage.BlobCreated"
			]
		}
	}
}