{
	"name": "trigger_agency_root_src_stg",
	"properties": {
		"annotations": [],
		"runtimeState": "Started",
		"pipelines": [
			{
				"pipelineReference": {
					"referenceName": "pln_sch_ongoing_AgencyRoot_stg",
					"type": "PipelineReference"
				}
			}
		],
		"type": "ScheduleTrigger",
		"typeProperties": {
			"recurrence": {
				"frequency": "Week",
				"interval": 1,
				"startTime": "2024-10-18T07:41:00",
				"timeZone": "Pacific Standard Time",
				"schedule": {
					"minutes": [
						30
					],
					"hours": [
						19
					],
					"weekDays": [
						"Sunday",
						"Monday",
						"Tuesday",
						"Wednesday",
						"Thursday",
						"Friday",
						"Saturday"
					]
				}
			}
		}
	}
}