{
	"name": "trig_uat_run_fcwmr_edw_recon",
	"properties": {
		"annotations": [],
		"runtimeState": "Stopped",
		"pipelines": [
			{
				"pipelineReference": {
					"referenceName": "pln_bal_chk_main",
					"type": "PipelineReference"
				},
				"parameters": {
					"plnPar_GroupName": "FCW MR EDW Recon",
					"plnPar_CheckingName": "All",
					"plnPar_BalChkDBConnStr": "nw-edw-d-usw-mi.public.3dbc2ecfe1bf.database.windows.net,3342",
					"plnPar_BalChkDBName": "aw-validation-d-usw-sqldb"
				}
			}
		],
		"type": "ScheduleTrigger",
		"typeProperties": {
			"recurrence": {
				"frequency": "Day",
				"interval": 1,
				"startTime": "2024-10-21T17:28:00",
				"timeZone": "Pacific Standard Time",
				"schedule": {
					"minutes": [
						59
					],
					"hours": [
						17
					]
				}
			}
		}
	}
}