{
	"name": "trigger_arcgis_mls_landing",
	"properties": {
		"annotations": [],
		"runtimeState": "Stopped",
		"pipelines": [
			{
				"pipelineReference": {
					"referenceName": "pln_sch_ongoing_mls_land_stage",
					"type": "PipelineReference"
				},
				"parameters": {
					"plnPar_ScheduleName": "ArcGIS_MLS_Ongoing"
				}
			}
		],
		"type": "BlobEventsTrigger",
		"typeProperties": {
			"blobPathBeginsWith": "/raw-arcgis/blobs/trigger_flags/mls_work_tables_flag.txt",
			"blobPathEndsWith": "trigger_flags/mls_work_tables_flag.txt",
			"ignoreEmptyBlobs": true,
			"scope": "/subscriptions/898876e4-bfd7-46cf-80f9-81e2fd44507e/resourceGroups/nw-edw-d-usw-01-rg/providers/Microsoft.Storage/storageAccounts/nwedwdusw01stor",
			"events": [
				"Microsoft.Storage.BlobCreated"
			]
		}
	}
}